schulnummer,schulname,description_generated,error,is_private_school,tuition_monthly_eur,tuition_annual_eur,registration_fee_eur,material_fee_annual_eur,meal_plan_monthly_eur,after_school_care_monthly_eur,scholarship_available,income_based_tuition,tuition_notes,tuition_source_url,sources,generated_at
10K15,15. Schule (Integrierte Sekundarschule),True,,False,,,,,,,False,False,Public school; no tuition or fees mentioned. Potential costs for materials or trips not specified in sources.,https://www.bildung.berlin.de/Schulverzeichnis/Schulportrait.aspx?IDSchulzweig=+29854,https://www.bildung.berlin.de/Schulverzeichnis/Schulportrait.aspx?IDSchulzweig=+29854,2026-01-19T20:57:38.949721
11K16,16. Schule (Integrierte Sekundarschule),True,,False,,,,,,,False,False,Public school; no tuition fees. Potential minor costs for materials or excursions not detailed in sources.,"https://www.11k16.schule, https://www.bildung.berlin.de/Schulverzeichnis/Schulportrait.aspx?IDSchulzweig=+29839",https://www.11k16.schule; https://www.bildung.berlin.de/Schulverzeichnis/Schulportrait.aspx?IDSchulzweig=+29839,2026-01-19T20:57:53.195930
11K17,17. Schule (Integrierte Sekundarschule) Neugründung zum 01.08.2026,False,No website available,False,,,,,,,,,No website available for research,,,2026-01-19T20:58:08.305236
01S06,Albert-Gutzmann-Schule,True,,False,,,,,,,False,False,"Public school (öffentlich); no tuition fees. Ganztagbetreuung provided via external partner ALBASPROSS gGmbH, but specific costs not detailed.",https://www.bildung.berlin.de/Schulverzeichnis/Schulportrait.aspx?IDSchulzweig=+28906,https://www.bildung.berlin.de/Schulverzeichnis/Schulportrait.aspx?IDSchulzweig=+28906,2026-01-19T20:58:10.311145
12K11,Albrecht-Haushofer-Schule,True,,False,,,,,,,False,False,Public school (Öffentlich); no tuition fees. Standard public school costs for materials or trips may apply but not detailed in sources.,https://www.sekundarschulen-berlin.de/albrecht-haushofer-schule,https://www.sekundarschulen-berlin.de/albrecht-haushofer-schule,2026-01-19T20:58:25.346202
02K09,Albrecht-von-Graefe-Schule (Integrierte Sekundarschule),True,,False,,,,,,,False,False,"Public school (öffentlich); no tuition fees. Potential incidental costs for materials, trips, or meals via Freizeit und Verpflegung not specified.",https://www.bildung.berlin.de/Schulverzeichnis/Schulportrait.aspx?IDSchulzweig=29431,https://www.bildung.berlin.de/Schulverzeichnis/Schulportrait.aspx?IDSchulzweig=29431; https://www.albrecht-von-graefe-schule.de.[1,2026-01-19T20:58:41.020844
11K01,Alexander-Puschkin-Schule,True,,False,,,,,,,False,False,Public school; no tuition fees. Potential incidental costs for materials or meals not specified in sources.,https://www.bildung.berlin.de/Schulverzeichnis/Schulportrait.aspx?IDSchulzweig=+29339,https://www.bildung.berlin.de/Schulverzeichnis/Schulportrait.aspx?IDSchulzweig=+29339,2026-01-19T20:58:56.546521
08K11,Alfred-Nobel-Schule,True,,False,,,,,,,,,"Public school with no tuition fees. Optional costs may include materials, school trips, and cafeteria meals, but specific amounts are not publicly documented.",https://www.berlin.de/ (Berlin education authority),https://alfred-nobel-schule.de; https://www.berlin.de/,2026-01-19T20:59:10.022840
12K06,Benjamin-Franklin-Schule (Integrierte Sekundarschule),True,,False,,,,,,,False,False,"Public school; no tuition. No specific costs for materials, meals, or after-school care found in public sources.","N/A (public school, no tuition info required or found)",https://benjamin-franklin-schule.de,2026-01-19T20:59:29.617528
03P37,Berlin Bilingual School (Integrierte Sekundarschule),True,,True,,,,,,,,,No tuition or fee details publicly available from school website or other sources.,https://www.berlin-bilingual-school.de,https://www.berlin-bilingual-school.de,2026-01-19T20:48:00.515373
04P40,Berlin British School (Integrierte Sekundarschule),True,,True,,,,,,,,,No tuition or fee information publicly available from school website or reliable sources,https://www.berlinbritishschool.de,https://www.berlinbritishschool.de,2026-01-19T20:48:15.758854
01P16,Berlin Metropolitan School (Integrierte Sekundarschule),True,,True,,,,,,,,,No tuition information publicly available from school website or Berlin education authority sources.,https://www.metropolitanschool.com; https://www.bildung.berlin.de/schulverzeichnis/Schulportrait.aspx?IDSchulzweig=+29690,https://www.metropolitanschool.com; https://www.bildung.berlin.de/schulverzeichnis/Schulportrait.aspx?IDSchulzweig=+29690,2026-01-19T20:59:40.076212
05K03,Bertolt-Brecht-Oberschule (Integrierte Sekundarschule),True,,False,,,,,,,,,"Public school with no tuition. Families may incur costs for materials, school trips, and meals at the school cafeteria (Mensa), which opens at 7:30 AM. Specific meal plan pricing not publicly available.",https://www.brecht-oberschule.de and https://www.bildung.berlin.de/Schulverzeichnis/Schulportrait.aspx?IDSchulzweig=+28943,https://www.brecht-oberschule.de[1; https://www.brecht-oberschule.de; https://www.bildung.berlin.de/Schulverzeichnis/Schulportrait.aspx?IDSchulzweig=+28943,2026-01-19T20:59:56.565238
09P09,BEST-Sabel-Oberschule,True,,True,,,,,,,,,No tuition or fee details publicly available from school website or Berlin Senatsverwaltung.,https://best-sabel.de; https://www.bildung.berlin.de/schulverzeichnis/Schulportrait.aspx?IDSchulzweig=+29538,https://www.bildung.berlin.de/schulverzeichnis/Schulportrait.aspx?IDSchulzweig=+29538; https://best-sabel.de,2026-01-19T21:00:20.012471
12K02,Bettina-von-Arnim-Schule,True,,False,,,,,,,False,False,"Public school (öffentlich); no tuition fees. Lunch provision available via Mensa, but specific costs not detailed.",https://www.bildung.berlin.de/Schulverzeichnis/Schulportrait.aspx?IDSchulzweig=+29393,https://www.bildung.berlin.de/Schulverzeichnis/Schulportrait.aspx?IDSchulzweig=+29393,2026-01-19T21:00:34.141543
06K04,Bröndby-Schule (Integrierte Sekundarschule),True,,False,,,,,,,,,"Public school with no tuition charges. Standard costs for materials, field trips, and cafeteria meals may apply but are not specified in publicly available sources.",https://www.broendby.de,https://www.broendby.de,2026-01-19T21:00:52.368119
01P06,Canisius-Kolleg,True,,True,,,,,,,,,"No tuition details publicly available from school website, Wikipedia, or Berlin education sources.",https://canisius.de,https://canisius.de,2026-01-19T21:01:16.743737
12K09,Carl-Benz-Schule (Integrierte Sekundarschule),True,,False,,,,,,,False,False,"Public school; no tuition fees. Incidental costs (e.g., materials, trips) not specified in sources.",https://www.bildung.berlin.de/Schulverzeichnis/Schulportrait.aspx?IDSchulzweig=+29396,https://www.bildung.berlin.de/Schulverzeichnis/Schulportrait.aspx?IDSchulzweig=+29396,2026-01-19T21:01:32.332008
12K10,Carl-Bosch-Schule,True,,False,,,,,,,False,False,Public school (öffentlich); no tuition fees. Potential incidental costs for materials or activities not detailed in sources.,https://www.bildung.berlin.de/Schulverzeichnis/Schulportrait.aspx?IDSchulzweig=+29217,https://www.bildung.berlin.de/Schulverzeichnis/Schulportrait.aspx?IDSchulzweig=+29217,2026-01-19T21:01:48.140792
05K02,Carlo-Schmid-Oberschule (Integrierte Sekundarschule),True,,False,,,,,,,False,False,Public school; no tuition fees. Cafeteria available but no meal costs specified.,https://www.carlo-schmid-oberschule.de [1]; https://www.bildung.berlin.de/Schulverzeichnis/Schulportrait.aspx?IDSchulzweig=+29207 [5],https://www.bildung.berlin.de/Schulverzeichnis/Schulportrait.aspx?IDSchulzweig=+29207; https://www.carlo-schmid-oberschule.de,2026-01-19T21:02:00.264952
07K02,Carl-Zeiss-Schule,True,,False,,,,,,,,,"Carl-Zeiss-Schule is a public (öffentlich) integrated secondary school in Berlin. As a public school, there is no tuition charged. However, parents may incur costs for materials, school trips, and meals in the school cafeteria (Mensa). Specific meal plan pricing is not publicly available.",https://www.bildung.berlin.de/Schulverzeichnis/SchulListe.aspx?BezNr=07,https://www.bildung.berlin.de/Schulverzeichnis/SchulListe.aspx?BezNr=07,2026-01-19T21:02:14.198679
10K07,Caspar-David-Friedrich-Schule,True,,False,,,,,,,,,"This is a public school in Berlin. Public schools in Germany do not charge tuition. Students may incur costs for materials, school trips, and optional meal plans, but these are not detailed on the school's website.",https://cdf-oberschule.de,https://cdf-oberschule.de,2026-01-19T21:02:38.819207
08K05,Clay-Schule,True,,False,,,,,,,,,"Clay-Schule is a public school (Öffentlich) in Berlin and charges no tuition. Parents may incur costs for school materials, field trips, and meals, but specific amounts are not publicly available.",https://clay-schule.de,https://clay-schule.de,2026-01-19T21:02:58.705909
02K01,Ellen-Key-Schule,True,,False,,,,,,,False,False,"Public school (öffentlich); no tuition fees. Lunch provision (Mittagessenversorgung) available via Ganztagbetrieb, but costs not specified.",https://www.bildung.berlin.de/Schulverzeichnis/Schulportrait.aspx?IDSchulzweig=+28769,https://www.bildung.berlin.de/Schulverzeichnis/Schulportrait.aspx?IDSchulzweig=+28769,2026-01-19T21:03:20.748613
11K14,Elsa-Neumann-Schule (Integrierte Sekundarschule),True,,False,,,,,,,,,Public school; no tuition fees mentioned. Potential costs for materials or trips not detailed in sources.,https://www.bildung.berlin.de/Schulverzeichnis/Schulportrait.aspx?IDSchulzweig=+29806,https://www.bildung.berlin.de/Schulverzeichnis/Schulportrait.aspx?IDSchulzweig=+29806; https://elsa-neumann-schule.de,2026-01-19T21:03:40.280962
04S05,Ernst-Adolf-Eschke-Schule für Gehörlose,True,,False,,,,,,,False,False,Public school; no tuition or fees documented in sources.,https://de.wikipedia.org/wiki/Ernst-Adolf-Eschke-Schule,https://de.wikipedia.org/wiki/Ernst-Adolf-Eschke-Schule,2026-01-19T21:04:00.289401
10K02,Ernst-Haeckel-Schule,True,,False,,,,,,,False,False,"Public school (Öffentlich); no tuition fees. No details on materials, trips, or other costs publicly available.",https://www.haeckel-os.de; https://www.bildung.berlin.de/schulverzeichnis/SchulListe.aspx?BezNr=10&BezText=Marzahn-Hellersdorf,https://www.haeckel-os.de; https://www.bildung.berlin.de/schulverzeichnis/SchulListe.aspx?BezNr=10&BezText=Marzahn-Hellersdorf,2026-01-19T21:04:13.391209
01K03,Ernst-Reuter-Schule,True,,False,,,,,,,False,False,Public school (öffentlich); no tuition fees. Potential costs for materials or trips not specified in sources.,https://www.bildung.berlin.de/Schulverzeichnis/Schulportrait.aspx?IDSchulzweig=+29054,https://www.bildung.berlin.de/Schulverzeichnis/Schulportrait.aspx?IDSchulzweig=+29054; https://ernst-reuter-schule.berlin,2026-01-19T21:04:28.293725
01K02,Ernst-Schering-Schule,True,,False,,,,,,,,,"Ernst-Schering-Schule is a public school (öffentliche Schule) in Berlin and does not charge tuition. As a public ISS, it is funded by the Berlin Senate. Students may incur costs for school materials, field trips, and meals purchased at the school mensa, but these are not standardized fees.",https://ernst-schering-schule.de,https://ernst-schering-schule.de,2026-01-19T21:04:39.961511
04P05,Evangelische Schule Charlottenburg (Integrierte Sekundarschule),True,,True,,,,,,,,,No specific tuition or fee details publicly available from school website or Berlin education authority; similar evangelical schools mention income-dependent fees but not confirmed here.,https://www.ev-schule-charlottenburg.de,https://www.ev-schule-charlottenburg.de,2026-01-19T21:05:00.491556
08P03,Evangelische Schule Neukölln (Integrierte Sekundarschule),True,,True,,,,,,,,True,Income-dependent school fees (einkommensabhängiges Schulgeld) are charged; specific amounts and further details available on the Schulstiftung homepage.,https://evangelische-schule-neukoelln.de,https://evangelische-schule-neukoelln.de,2026-01-19T21:05:11.996051
05P03,Evangelische Schule Spandau im Johannesstift,True,,True,,,,,,,,,No tuition or fee information publicly available from school website or Berlin education authority.,https://www.ev-schule-spandau.de; https://www.bildung.berlin.de/Schulverzeichnis/Schulportrait.aspx?IDSchulzweig=+29588,https://www.bildung.berlin.de/Schulverzeichnis/Schulportrait.aspx?IDSchulzweig=+29588; https://www.ev-schule-spandau.de,2026-01-19T21:05:28.856710
06P12,Evangelische Schule Steglitz (Integrierte Sekundarschule),True,,True,,,,,,,,,"No tuition details publicly available from school website or Berlin education authority; as a private state-recognized ISS, fees likely apply but not specified.",https://www.ev-schule-steglitz.de; https://www.bildung.berlin.de/Schulverzeichnis/Schulportrait.aspx?IDSchulzweig=+28570,https://www.bildung.berlin.de/Schulverzeichnis/Schulportrait.aspx?IDSchulzweig=+28570; https://www.ev-schule-steglitz.de,2026-01-19T21:05:43.232326
02K10,Ferdinand-Freiligrath-Schule (Integrierte Sekundarschule),True,,False,,,,,,,False,False,Public school (öffentlich); no tuition fees. Possible incidental costs for materials or excursions not detailed in sources.,https://www.bildung.berlin.de/Schulverzeichnis/Schulportrait.aspx?IDSchulzweig=28765,https://www.bildung.berlin.de/Schulverzeichnis/Schulportrait.aspx?IDSchulzweig=28765,2026-01-19T21:05:59.789957
09A07,Flatow-Oberschule,True,,False,,,,,,,,,"Flatow-Oberschule is a public school (öffentlich) funded by the Berlin state government. No tuition fees are charged. Students may incur costs for materials, field trips, and optional meal plans at the school cafeteria, but these are not detailed in publicly available sources.",https://www.bildung.berlin.de/Schulverzeichnis/Schulportrait.aspx?IDSchulzweig=+29106,https://www.bildung.berlin.de/Schulverzeichnis/Schulportrait.aspx?IDSchulzweig=+29106,2026-01-19T21:06:19.141226
10P12,Freie Schule Berlin Mahlsdorf,True,,True,,,,,,,,,No tuition or fee information publicly available from school website or Berlin education authority sources.,https://freieschule-mahlsdorf.de,https://freieschule-mahlsdorf.de,2026-01-19T21:06:41.193562
04P15,Freie Schule Charlottenburg,True,,True,,,,,,,,,No tuition or fee information publicly available from school website or Berlin education authority sources,https://www.bildung.berlin.de/Schulverzeichnis/Schulportrait.aspx?IDSchulzweig=+28984,https://www.bildung.berlin.de/Schulverzeichnis/Schulportrait.aspx?IDSchulzweig=+28984,2026-01-19T21:06:53.005593
03P13,Freie Schule Pankow (Integrierte Sekundarschule),True,,True,,,,,,,,,No tuition details publicly available from searched sources.,https://www.betterplace.org/en/organisations/38165-freie-schule-pankow-eg,https://www.betterplace.org/en/organisations/38165-freie-schule-pankow-eg,2026-01-19T21:07:02.243027
04K02,Friedensburg-Schule,True,,False,,,,,,,,,"Public school with no tuition; optional monthly fee for instrument lessons (amount unspecified), supported by Markstein Foundation aid.",https://www.fosberlin.eu,https://www.fosberlin.eu,2026-01-19T21:07:15.455898
07K10,Friedrich-Bergius-Schule,True,,False,,,,,,,,,"Friedrich-Bergius-Schule is a public school (Integrierte Sekundarschule) operated by the Berlin education authority. No tuition is charged. Parents may incur costs for school materials, field trips, and optional all-day care (Offene Ganztagbetreuung). Specific costs for these services are not publicly available.",https://www.bildung.berlin.de/Schulverzeichnis/Schulportrait.aspx?IDSchulzweig=+28529,https://www.bildung.berlin.de/Schulverzeichnis/Schulportrait.aspx?IDSchulzweig=+28529,2026-01-19T21:07:27.234711
09K03,Fritz-Kühn-Schule (Integrierte Sekundarschule),True,,False,,,,,,,False,False,Public school; no tuition fees. Lunch provision available but costs not specified.,https://www.bildung.berlin.de/Schulverzeichnis/Schulportrait.aspx?IDSchulzweig=+28656,https://www.bildung.berlin.de/Schulverzeichnis/Schulportrait.aspx?IDSchulzweig=+28656,2026-01-19T21:07:50.390695
11K05,Fritz-Reuter-Schule,True,,False,,,,,,,False,False,Public school; parents responsible for book/material costs (eigenanteil) unless exempted by state benefits (Leistungsbescheid). No tuition fees.,https://www.fritz-reuter-oberschule.de/unsere-schule/schulleitung/d-5/,https://www.fritz-reuter-oberschule.de/unsere-schule/schulleitung/d-5/; https://www.fritz-reuter-oberschule.de,2026-01-19T21:08:07.186878
06K09,Gail-S.-Halvorsen-Integrierte Sekundarschule,True,,False,,,,,,,,,"Public school with no tuition fees. Families may incur costs for school materials, cafeteria meals, field trips, and technology fees for laptop classes, but specific amounts are not publicly available.",https://www.bildung.berlin.de/Schulverzeichnis/Schulportrait.aspx?IDSchulzweig=+28472,https://www.bildung.berlin.de/Schulverzeichnis/Schulportrait.aspx?IDSchulzweig=+28472,2026-01-19T21:29:13.500205
10K06,Georg-Klingenberg-Schule,True,,False,,,,,,,,,"As a public school (öffentlich) operated by Berlin's education authority, Georg-Klingenberg-Schule charges no tuition. Families may incur costs for school materials, field trips, and optional meal services through Sunshine Catering, but specific amounts are not publicly documented.",https://www.bildung.berlin.de/Schulverzeichnis/Schulportrait.aspx?IDSchulzweig=+29410,https://www.bildung.berlin.de/Schulverzeichnis/Schulportrait.aspx?IDSchulzweig=+29410,2026-01-19T21:29:34.301240
07K06,Georg-von-Giesche-Schule,True,,False,,,,,,,False,False,Public school (öffentlich); no tuition or fees detailed in sources.,https://www.bildung.berlin.de/Schulverzeichnis/Schulportrait.aspx?IDSchulzweig=+28530,https://www.bildung.berlin.de/Schulverzeichnis/Schulportrait.aspx?IDSchulzweig=+28530,2026-01-19T21:29:53.156512
02K07,Georg-Weerth-Schule,True,,False,,,,,,,,,"Georg-Weerth-Schule is a public school (öffentlich) in Berlin. Public schools in Berlin do not charge tuition. However, families may incur costs for materials, field trips, and optional programs.",https://www.bildung.berlin.de/Schulverzeichnis/Schulportrait.aspx?IDSchulzweig=+28950,https://www.bildung.berlin.de/Schulverzeichnis/Schulportrait.aspx?IDSchulzweig=+28950,2026-01-19T21:30:03.604400
03K04,Gustave-Eiffel-Schule,True,,False,,,,,,,,,"As a public school in Berlin, Gustave-Eiffel-Schule is tuition-free. Parents may incur costs for materials, field trips, and optional meal plans through the school cafeteria, but these are not detailed in publicly available sources.",https://www.bildung.berlin.de/Schulverzeichnis/Schulportrait.aspx?IDSchulzweig=+29211,https://www.bildung.berlin.de/Schulverzeichnis/Schulportrait.aspx?IDSchulzweig=+29211,2026-01-19T21:30:24.796717
12K05,Gustav-Freytag-Schule (Integrierte Sekundarschule),True,,False,,,,,,,False,False,Public school; parents may pay for books as self-payers (Bücherlisten für die SelbstzahlerInnen). No other fees mentioned.,https://www.gustav-freytag-schule.berlin,https://www.gustav-freytag-schule.berlin,2026-01-19T21:30:46.509408
07K03,Gustav-Heinemann-Oberschule,True,,False,,,,,,,,,"Gustav-Heinemann-Oberschule is a public school in Berlin's Tempelhof-Schöneberg district. As a public school, there is no tuition charged. However, parents may incur costs for materials, school trips, and optional programs such as international exchanges.",https://gho.berlin,https://gho.berlin,2026-01-19T21:31:03.190930
07K09,Gustav-Langenscheidt-Schule,True,,False,,,,,,,False,False,Public school (öffentlich); no tuition or fees mentioned. Ganztag programs are free and open to all students.,https://gustav-langenscheidt-schule.de,https://gustav-langenscheidt-schule.de,2026-01-19T21:31:24.441419
11K04,Gutenberg-Schule,True,,False,,,,,,,False,False,Public school (öffentlich); no tuition fees mentioned. Potential costs for materials or trips not detailed in sources.,https://www.gutenberg-oberschule-berlin.de,https://www.gutenberg-oberschule-berlin.de,2026-01-19T21:31:41.285176
03K08,Hagenbeck-Schule,True,,False,,,,,,,False,False,Public school (öffentlich); no tuition fees. Potential minor costs for materials or trips not specified in sources.,https://www.bildung.berlin.de/Schulverzeichnis/Schulportrait.aspx?IDSchulzweig=+29131,https://www.bildung.berlin.de/Schulverzeichnis/Schulportrait.aspx?IDSchulzweig=+29131,2026-01-19T21:31:54.002402
09K06,Hans-Grade-Schule (Integrierte Sekundarschule),True,,False,,,,,,,,,"Hans-Grade-Schule is a public school in Berlin with no tuition charges. Parents may incur costs for school materials, field trips, and optional cafeteria meals.",https://www.berlin.de/ba-treptow-koepenick/_assets/aemter-und-se/schul-und-sportamt/schule/pdf/schulbroschuere-2025-interaktiv.pdf,https://hans-grade-schule.de; https://www.berlin.de/ba-treptow-koepenick/_assets/aemter-und-se/schul-und-sportamt/schule/pdf/schulbroschuere-2025-interaktiv.pdf,2026-01-19T21:32:02.993211
02K03,Hector-Peterson-Schule,True,,False,,,,,,,,,"Public school (öffentlich) - no tuition fees. Standard German public school costs may apply for materials, field trips, and meals.",https://www.bildung.berlin.de/Schulverzeichnis/Schulportrait.aspx?IDSchulzweig=29122,https://www.bildung.berlin.de/Schulverzeichnis/Schulportrait.aspx?IDSchulzweig=29122,2026-01-19T21:32:19.006382
01K09,Hedwig-Dohm-Schule (Integrierte Sekundarschule),True,,False,,,,,,,False,False,Public school (Öffentlich); no tuition fees. No details on optional costs like materials or trips found.,https://hedwig-dohm-os.de (school website); https://www.berlin.de/sen/bildung/schule/bildungswege/uebergang-weiterfuehrende-schule/verzeichnis-weiterfuehrende-schulen.pdf (Senatsverwaltung listing),https://www.berlin.de/sen/bildung/schule/bildungswege/uebergang-weiterfuehrende-schule/verzeichnis-weiterfuehrende-schulen.pdf; https://hedwig-dohm-os.de,2026-01-19T21:32:37.790761
05K04,Heinrich-Böll-Oberschule (Integrierte Sekundarschule),True,,False,,,,,,,False,False,Public school (öffentlich); no tuition fees mentioned. Potential costs for materials or trips not detailed in sources.,"https://boell-schule.de, https://www.berlin.de/ba-spandau/politik-und-verwaltung/aemter/schul-und-sportamt/schule/artikel.685232.php",https://boell-schule.de; https://www.berlin.de/ba-spandau/politik-und-verwaltung/aemter/schul-und-sportamt/schule/artikel.685232.php,2026-01-19T21:32:54.851383
08K04,Heinrich-Mann-Schule,True,,False,,,,,,,False,False,Public school (öffentlich); no tuition fees. School catering (Schulverpflegung) mentioned but costs not specified.,https://heinrichmannschule.de,https://heinrichmannschule.de,2026-01-19T21:33:10.672980
03K05,Heinz-Brandt-Schule,True,,False,,,,,,,False,False,Public school; parents finance tablets (amount unspecified). No other fees detailed.,https://www.heinz-brandt-schule.de/post/sch%C3%BCler-werden-aufnahme-in-klasse-7-2025-26,https://www.heinz-brandt-schule.de/post/sch%C3%BCler-werden-aufnahme-in-klasse-7-2025-26,2026-01-19T21:33:21.941024
06K10,Helene-Lange-Schule (Integrierte Sekundarschule),True,,False,,,,,,,False,False,Public school (Öffentlich); no tuition fees. Potential costs for materials or trips not specified in sources.,https://www.helene-lange-schule-steglitz.de,https://www.helene-lange-schule-steglitz.de,2026-01-19T21:33:36.459027
01K07,Hemingway-Schule,True,,False,,,,,,,,,"Hemingway-Schule is a public school (öffentlich) and charges no tuition. Parents may incur costs for materials, school trips, and optional services, but specific fee structures are not publicly documented.",https://www.bildung.berlin.de/Schulverzeichnis/Schulportrait.aspx?IDSchulzweig=+28836,https://www.bildung.berlin.de/Schulverzeichnis/Schulportrait.aspx?IDSchulzweig=+28836,2026-01-19T21:33:47.142918
01K06,Herbert-Hoover-Schule (Integrierte Sekundarschule),True,,False,,,,,,,False,False,"Public school (öffentlich); no tuition fees. Mensa via Schülerfirma (student-run, costs not specified). Potential minor costs for materials/trips not detailed in sources.",https://www.bildung.berlin.de/Schulverzeichnis/Schulportrait.aspx?IDSchulzweig=+28940,https://www.hhs-berlin.de; https://www.bildung.berlin.de/Schulverzeichnis/Schulportrait.aspx?IDSchulzweig=+28940,2026-01-19T21:34:02.705317
08K02,Hermann-von-Helmholtz-Schule,True,,False,,,,,,,False,False,Public school (öffentlich); no tuition or fees mentioned in sources.,https://www.bildung.berlin.de/Schulverzeichnis/Schulportrait.aspx?IDSchulzweig=+28593,https://www.bildung.berlin.de/Schulverzeichnis/Schulportrait.aspx?IDSchulzweig=+28593,2026-01-19T21:34:18.078287
03K10,Hufeland-Schule (Integrierte Sekundarschule),True,,False,,,,,,,False,False,Public school; no tuition fees. Potential costs for materials or trips not specified in sources.,https://www.bildung.berlin.de/Schulverzeichnis/Schulportrait.aspx?IDSchulzweig=+29426,https://www.bildung.berlin.de/Schulverzeichnis/Schulportrait.aspx?IDSchulzweig=+29426,2026-01-19T21:34:33.111150
07K11,Hugo-Gaudig-Schule,True,,False,,,,,,,False,False,Public school (öffentlich); no tuition fees. Potential costs for materials or trips not specified in sources.,https://www.bildung.berlin.de/Schulverzeichnis/Schulportrait.aspx?IDSchulzweig=+28575,https://www.bildung.berlin.de/Schulverzeichnis/Schulportrait.aspx?IDSchulzweig=+28575,2026-01-19T21:34:50.217300
10K13,Integrierte Sekundarschule Mahlsdorf,True,,False,,,,,,,False,False,Public school; no tuition fees. Minor costs like materials or trips possible but not detailed in sources.,N/A (public school confirmed via general Berlin education sources),https://www.iss-mahlsdorf.de,2026-01-19T21:35:01.321916
04K07,Integrierte Sekundarschule Wilmersdorf,True,,False,,,,,,,False,False,Public school; no tuition fees. Possible standard public school costs for materials or trips not specified.,https://www.koenigin-luise-stiftung.de/sekundarschule,https://www.koenigin-luise-stiftung.de/sekundarschule,2026-01-19T21:35:12.741228
09K04,Isaac-Newton-Schule (Integrierte Sekundarschule),True,,False,,,,,,,,,"Public school in Berlin with no tuition fees. Parents may incur costs for materials, school trips, and optional programs; contact school for specific details.",https://isaac-newton-schule.de,https://isaac-newton-schule.de,2026-01-19T21:35:26.263505
03K09,Janusz-Korczak-Schule (Integrierte Sekundarschule),True,,False,,,,,,,False,False,Public school (öffentlich); no tuition fees. Potential standard public school costs for materials or activities not detailed in sources.,https://www.bildung.berlin.de/Schulverzeichnis/Schulportrait.aspx?IDSchulzweig=+29141,https://www.bildung.berlin.de/Schulverzeichnis/Schulportrait.aspx?IDSchulzweig=+29141,2026-01-19T21:35:44.700579
12K07,Jean-Krämer-Schule (Integrierte Sekundarschule) Wittenau,True,,False,,,,,,,False,False,Public school (öffentlich); no tuition fees mentioned. Potential minor costs for materials or school trips not detailed in sources.,https://www.bildung.berlin.de/Schulverzeichnis/Schulportrait.aspx?IDSchulzweig=+29249,https://www.bildung.berlin.de/Schulverzeichnis/Schulportrait.aspx?IDSchulzweig=+29249,2026-01-19T21:36:01.190883
10K05,Jean-Piaget-Schule,True,,False,,,,,,,False,False,Public school (öffentlich); no tuition or fees mentioned in sources. Possible minor costs for materials or trips not detailed.,https://www.bildung.berlin.de/schulverzeichnis/Schulportrait.aspx?IDSchulzweig=+29401,https://www.bildung.berlin.de/schulverzeichnis/Schulportrait.aspx?IDSchulzweig=+29401,2026-01-19T21:36:17.980702
07K07,Johanna-Eck-Schule (Integrierte Sekundarschule),True,,False,,,,,,,False,False,Public school (öffentlich); no tuition fees. Catering by Sonnenkäfer-Catering under district contract; potential voluntary contributions for trips or materials not specified.,https://johanna-eck-schule.de,https://johanna-eck-schule.de,2026-01-19T21:36:31.794906
10K08,Johann-Julius-Hecker-Schule,True,,False,,,,,,,,,"Public school in Berlin with no tuition fees. Students may incur costs for materials, field trips, and optional services through the all-day program (Ganztagsbetrieb).",https://www.bildung.berlin.de/Schulverzeichnis/Schulportrait.aspx?IDSchulzweig=+29523,https://www.bildung.berlin.de/Schulverzeichnis/Schulportrait.aspx?IDSchulzweig=+29523,2026-01-19T21:36:49.204527
06K01,John-F.-Kennedy-Schule,True,,False,,,,,,,False,False,Public school; no tuition. Possible minor costs for materials or trips not specified in sources.,https://jfks.de (official site confirms public status via programs and operations),https://jfks.de,2026-01-19T21:37:09.578388
04P23,Jüdische Traditionsschule,True,,True,,,,,,,,,"No specific tuition or fee details publicly available from school website, Berlin education authority, or other sources.",N/A,,2026-01-19T21:38:24.649261
01P03,Jüdisches Gymnasium Moses Mendelssohn,True,,True,,,,,,,,,No tuition or fee details publicly available on school website or searched sources,https://jgmm.de/2025/,https://jgmm.de/2025/; https://jgmm.de,2026-01-19T21:38:41.939392
12K01,Julius-Leber-Schule,True,,False,,,,,,,False,False,"Public school (öffentlich); no tuition fees. Potential incidental costs (e.g., materials, trips) not specified in sources.",https://www.jls-berlin.de/impressum,https://www.jls-berlin.de/impressum,2026-01-19T21:57:10.574528
12P04,Katholische Schule Salvator,True,,True,,,,,,,,,"Tuition information is not publicly available on the school's website or Berlin education authority listings. As a private Catholic school (genehmigte Ersatzschule), tuition is charged. Prospective families must contact the school directly for detailed fee information including tuition amounts, registration fees, material costs, meal plans, and scholarship/financial aid options.",Information not found in public sources; contact school directly at sekretariat@kss.schulerzbistum.de or +49 30 4111198,,2026-01-19T21:57:33.513478
07P01,Katholische Schule Sankt Franziskus (Integrierte Sekundarschule),True,,True,,,,,,,,,School is listed as 'Schule in freier Trägerschaft' (private school). Specific tuition and fee information could not be verified from publicly available sources. Contact the school directly at 030 914 294 80 for current pricing.,https://www.berlin.de/sen/bildung/schule/bildungswege/uebergang-weiterfuehrende-schule/verzeichnis-weiterfuehrende-schulen.pdf,https://kssf-berlin.de; https://www.berlin.de/sen/bildung/schule/bildungswege/uebergang-weiterfuehrende-schule/verzeichnis-weiterfuehrende-schulen.pdf,2026-01-19T21:57:59.035167
08P04,Katholische Schule Sankt Marien,True,,True,,,,,,,,,No tuition or fee details publicly available from school website or Berlin education authority sources.,https://marienschule-berlin.de; https://www.bildung.berlin.de/Schulverzeichnis,https://marienschule-berlin.de; https://www.bildung.berlin.de/Schulverzeichnis,2026-01-19T21:58:14.773990
08K12,Kepler-Schule,True,,False,,,,,,,False,False,Public school (öffentlich); no tuition fees. Cafeteria operated by student company 'Kepleria'; no specific costs detailed.,https://www.bildung.berlin.de/Schulverzeichnis/Schulportrait.aspx?IDSchulzweig=+29567,https://www.bildung.berlin.de/Schulverzeichnis/Schulportrait.aspx?IDSchulzweig=+29567,2026-01-19T21:58:37.205512
10K03,Kerschensteiner-Schule,True,,False,,,,,,,False,False,Public school (öffentlich); no tuition fees. Potential minor costs for materials or trips not specified in sources.,https://www.bildung.berlin.de/Schulverzeichnis/Schulportrait.aspx?IDSchulzweig=+29029,https://www.bildung.berlin.de/Schulverzeichnis/Schulportrait.aspx?IDSchulzweig=+29029,2026-01-19T21:58:51.744949
06P06,Königin-Luise-Stiftung,True,,True,,,,,,,,,No tuition details publicly available in searched sources including school website and Berlin Senatsverwaltung profiles.,https://www.bildung.berlin.de/schulverzeichnis/Schulportrait.aspx?IDSchulzweig=+28512,https://www.bildung.berlin.de/schulverzeichnis/Schulportrait.aspx?IDSchulzweig=+28512,2026-01-19T21:59:07.674723
03K03,Konrad-Duden-Schule (Integrierte Sekundarschule),True,,False,,,,,,,,,"Public school; no tuition. Possible unquantified costs for trips (e.g., ski trips) or meals via external provider nobis gGmbH.",https://www.isskd.de,https://www.isskd.de,2026-01-19T21:59:21.334839
10K09,Konrad-Wachsmann-Schule,True,,False,,,,,,,False,False,"Public school (öffentlich); no tuition fees. Lunch via Sunshine Catering, but costs not specified.",https://www.bildung.berlin.de/Schulverzeichnis/Schulportrait.aspx?IDSchulzweig=+29269,https://www.konrad-wachsmann-schule.de; https://www.bildung.berlin.de/Schulverzeichnis/Schulportrait.aspx?IDSchulzweig=+29269,2026-01-19T21:59:43.869020
06K03,Kopernikus-Schule (Integrierte Sekundarschule),True,,False,,,,,,,False,False,"Public school; no tuition fees. Meals provided via on-site kitchen (3 cooks), but costs not specified.",https://www.bildung.berlin.de/Schulverzeichnis/Schulportrait.aspx?IDSchulzweig=+28558,https://www.bildung.berlin.de/Schulverzeichnis/Schulportrait.aspx?IDSchulzweig=+28558,2026-01-19T21:59:56.155677
11K15,Kosmos-Schule (Integrierte Sekundarschule),True,,False,,,,,,,False,False,Public school (öffentlich); no tuition or fees mentioned in sources. Potential minor costs for materials or trips not specified.,https://www.bildung.berlin.de/Schulverzeichnis/Schulportrait.aspx?IDSchulzweig=+29836,https://www.bildung.berlin.de/Schulverzeichnis/Schulportrait.aspx?IDSchulzweig=+29836,2026-01-19T22:00:24.296731
03K01,Kurt-Schwitters-Schule,True,,False,,,,,,,False,False,Public school (staatlich); no tuition fees. Minor costs for excursions or materials possible but not specified in sources.,https://www.sekundarschulen-berlin.de/kurt-schwitters-schule,https://www.sekundarschulen-berlin.de/kurt-schwitters-schule; https://www.kurt-schwitters.schule,2026-01-19T22:00:39.469445
03K02,Kurt-Tucholsky-Schule (Integrierte Sekundarschule),True,,False,,,,,,,False,False,Public school; no tuition fees. No details on optional costs like materials or trips found.,N/A (public school confirmed via Berlin Senatsverwaltung and district sources),https://www.kto-berlin.de,2026-01-19T22:00:52.787625
05K01,Martin-Buber-Oberschule (Integrierte Sekundarschule),True,,False,,,,,,,,,"Martin-Buber-Oberschule is a public school (Öffentliche Schule) funded by the Berlin Senate. No tuition fees are charged. Parents may incur costs for materials, field trips, and optional programs, but these are not detailed in publicly available sources.",https://www.bildung.berlin.de/Schulverzeichnis/Schulportrait.aspx?IDSchulzweig=+29205,https://www.bildung.berlin.de/Schulverzeichnis/Schulportrait.aspx?IDSchulzweig=+29205,2026-01-19T22:01:12.251052
12K03,Max-Beckmann-Schule (Integrierte Sekundarschule),True,,False,,,,,,,,,"Public school with no tuition charges. Parents may incur costs for materials, meals, and field trips, but specific amounts are not publicly documented.",https://www.bildung.berlin.de/Schulverzeichnis/Schulportrait.aspx?IDSchulzweig=+29055,https://www.bildung.berlin.de/Schulverzeichnis/Schulportrait.aspx?IDSchulzweig=+29055,2026-01-19T22:01:33.807141
06K08,Max-von-Laue-Schule,True,,False,,,,,,,False,False,"Public school (Öffentlich); no tuition fees. Potential incidental costs (e.g., materials, trips) not detailed in sources.",https://max-von-laue-oberschule.de,https://max-von-laue-oberschule.de,2026-01-19T22:01:58.224106
11K13,May-Ayim-Schule (Integrierte Sekundarschule),True,,False,,,,,,,False,False,Public school; no tuition fees. Potential standard public school costs for materials or trips not detailed in sources.,"https://may-ayim-schule.de, https://www.sekundarschulen-berlin.de/13-integrierte-sekundarschule",https://www.sekundarschulen-berlin.de/13-integrierte-sekundarschule; https://may-ayim-schule.de,2026-01-19T22:02:11.442228
09K01,Merian-Schule (Integrierte Sekundarschule),True,,False,,,,,,,False,False,"Public school; no tuition or fees mentioned. Digital system supports meal ordering, but no costs specified.",https://schulen.de/schulen/merian-schule-berlin-13167/,https://schulen.de/schulen/merian-schule-berlin-13167/,2026-01-19T22:02:34.890094
11K02,Mildred-Harnack-Schule,True,,False,,,,,,,False,False,"Public state school (Staatliche Europa-Schule); no tuition fees apply. No mentions of material, meal, or after-school costs.",https://mildred-harnack-schule.de (school website indicates staatliche/public status)[2],https://mildred-harnack-schule.de,2026-01-19T22:02:54.542831
12P14,Montessori Campus am Tegeler Forst,True,,True,,,,,,,,,No tuition or fee information publicly available from searched sources,,,2026-01-19T22:03:06.698208
04K04,Nelson-Mandela-Schule,True,,False,,,,,,,False,False,Public state school with no tuition; IB exam fees approximately $1000 (not covered by school). Potential minor costs for materials or trips not specified.,"https://en.wikipedia.org/wiki/Nelson_Mandela_School,_Berlin","https://en.wikipedia.org/wiki/Nelson_Mandela_School,_Berlin; https://www.nelson-mandela-schule.net.[1",2026-01-19T22:03:16.046825
09P21,NEWSchool (Integrierte Sekundarschule) (KEIN Schulbetrieb),True,,False,,,,,,,,,"School is not currently operating (KEIN Schulbetrieb). As a public ISS in Berlin, tuition would be free if operational. No fees apply to public schools in Berlin.",https://www.bildung.berlin.de/Schulverzeichnis/SchulListe.aspx?Sort=Schulname,https://www.newschool.de; https://www.bildung.berlin.de/Schulverzeichnis/SchulListe.aspx?Sort=Schulname; https://www.bildung.berlin.de,2026-01-19T22:03:34.280442
08K03,Otto-Hahn-Schule,True,,False,,,,,,,False,False,Public school (öffentlich); no tuition fees. Potential incidental costs for materials or trips not detailed publicly.,https://www.bildung.berlin.de/Schulverzeichnis/Schulportrait.aspx?IDSchulzweig=+28594,https://www.bildung.berlin.de/Schulverzeichnis/Schulportrait.aspx?IDSchulzweig=+28594,2026-01-19T22:03:48.507877
04K09,Otto-von-Guericke-Schule (Integrierte Sekundarschule),True,,False,,,,,,,False,False,Public school (öffentlich); no tuition fees. Potential incidental costs for materials or trips not detailed in sources.,https://www.bildung.berlin.de/Schulverzeichnis/Schulportrait.aspx?IDSchulzweig=+29700,https://www.bildung.berlin.de/Schulverzeichnis/Schulportrait.aspx?IDSchulzweig=+29700,2026-01-19T22:04:03.574077
12K04,Paul-Löbe-Schule,True,,False,,,,,,,,,"Paul-Löbe-Schule is a public school in Berlin's Reinickendorf district. As a public school, it does not charge tuition fees. However, parents may incur costs for materials, school trips, and optional services such as meals in the school cafeteria.",https://www.berlin.de/sen/bildung/schule/bildungswege/uebergang-weiterfuehrende-schule/verzeichnis-weiterfuehrende-schulen.pdf,https://www.berlin.de/sen/bildung/schule/bildungswege/uebergang-weiterfuehrende-schule/verzeichnis-weiterfuehrende-schulen.pdf; https://www.paul-loebe-schule.de,2026-01-19T22:04:15.133792
11K11,Paul-Schmidt-Schule (Integrierte Sekundarschule),True,,False,,,,,,,,,Public school; no tuition or fees detailed in sources. Standard public school materials/trip costs may apply per Berlin guidelines.,https://www.bildung.berlin.de/schulverzeichnis/SchulListe.aspx?BezNr=11&BezText=Lichtenberg,https://www.bildung.berlin.de/schulverzeichnis/SchulListe.aspx?BezNr=11&BezText=Lichtenberg; https://www.paul-schmidt-schule.de,2026-01-19T22:24:23.947203
03P45,PepperMont Freie Sekundarschule für ganzheitliches Lernen,True,,True,,,,,,,,,No tuition information publicly available from school website or reliable sources,https://www.pfefferwerk.de,https://www.pfefferwerk.de,2026-01-19T22:24:36.224372
06S01,Pestalozzi-Schule,True,,False,,,,,,,,,"Public school - no tuition fees. Parents may incur costs for materials, school trips, and optional meal plans.",https://www.berlin.de/sen/bildung/,https://www.berlin.de/sen/bildung/; https://www.pestalozzi-schule-berlin.de,2026-01-19T22:24:47.129991
04K08,Peter-Ustinov-Schule,True,,False,,,,,,,False,False,Public school (öffentlich); no tuition. Student lockers available for rent via external partner Mietra.,https://peter-ustinov-schule.de/anmeldung/,https://peter-ustinov-schule.de/anmeldung/,2026-01-19T22:24:59.081677
11K09,Philipp-Reis-Schule (Integrierte Sekundarschule),True,,False,,,,,,,,,"Public school with no tuition fees. Parents may incur costs for school materials, field trips, and optional meal plans through Sunshine Catering.",https://www.bildung.berlin.de/Schulverzeichnis/Schulportrait.aspx?IDSchulzweig=+29301,https://www.bildung.berlin.de/Schulverzeichnis/Schulportrait.aspx?IDSchulzweig=+29301,2026-01-19T22:25:13.117703
12P07,Private Goethe-Schulen,True,,True,,,,,,,,,No tuition or fee details found in official sources including school websites and Berlin Senatsverwaltung profiles.,https://goethe-grundschule.bifiz.de; https://www.bildung.berlin.de/Schulverzeichnis/Schulportrait.aspx?IDSchulzweig=+28525,https://www.bildung.berlin.de/Schulverzeichnis/Schulportrait.aspx?IDSchulzweig=+28525; https://goethe-grundschule.bifiz.de; https://goethe-gymnasium.bifiz.de,2026-01-19T22:25:34.648852
06P11,Private Kant-Schule,True,,True,,,,,,,,True,Income-related school fees available; apply with income evidence to gf@private-kant-schulen.de. No specific amounts for this school/location found.,https://www.berlin-international-school.de/en/admissions-2/,https://www.kant-oberschule.de; https://www.berlin-international-school.de/en/admissions-2/,2026-01-19T22:25:45.909663
04P42,Private Kant-Schule - Berlin International School,True,,True,1130.0,13560.0,800.0,225.0,,,False,True,"Tuition varies by grade: Grades 1-6 EUR 12,300 annual (1,025 monthly); Grades 7-10 EUR 13,560 annual (1,130 monthly). Resource fees: Grades 1-5 EUR 125; 6-8 EUR 175; 9-10 EUR 225. Excludes excursions, trips, activities, bus. Sibling discounts for Grades 11-12 IBDP.",https://www.berlin-international-school.de/en/admissions-2/,https://www.berlin-international-school.de/en/admissions-2/,2026-01-19T22:25:59.630043
01P49,Quinoa-Schule Freie Sekundarschule Berlin Wedding,True,,,,,,,,,,,No information available - search results did not contain school data,,https://www.quinoa-bildung.de,2026-01-19T22:26:14.888099
02K08,Refik-Veseli-Schule (Integrierte Sekundarschule),True,,False,,,,,,,,,Public school (öffentlich); no tuition fees mentioned. Ancillary costs not detailed in sources.,https://www.bildung.berlin.de/schulverzeichnis/Schulportrait.aspx?IDSchulzweig=+29289,https://www.bildung.berlin.de/schulverzeichnis/Schulportrait.aspx?IDSchulzweig=+29289,2026-01-19T22:26:24.002180
03K06,Reinhold-Burger-Schule,True,,False,,,,,,,False,False,"Public school (öffentlich); no tuition fees. Lunch provision (Mittagessenversorgung) available, but costs not specified.",https://www.bildung.berlin.de/Schulverzeichnis/Schulportrait.aspx?IDSchulzweig=+29140,https://www.bildung.berlin.de/Schulverzeichnis/Schulportrait.aspx?IDSchulzweig=+29140,2026-01-19T22:26:38.340657
04K03,Robert-Jungk-Schule,True,,False,,,,,,,False,False,"Public school; no tuition. Book lists imply material costs for required textbooks, but no specific amounts listed.",https://www.robert-jungk-oberschule.de/service/downloads/,https://www.robert-jungk-oberschule.de/service/downloads/; https://www.robert-jungk-oberschule.de,2026-01-19T22:26:53.089782
08K09,Röntgen-Schule,True,,False,,,,,,,,,"Public school in Berlin - no tuition fees charged. Families may incur costs for materials, school trips, and cafeteria meals.",https://www.bildung.berlin.de/Schulverzeichnis/Schulportrait.aspx?IDSchulzweig=+29572,https://www.bildung.berlin.de/Schulverzeichnis/Schulportrait.aspx?IDSchulzweig=+29572,2026-01-19T22:27:04.044747
10K01,Rudolf-Virchow-Schule,True,,False,,,,,,,False,False,Public school; no tuition fees. Potential minor costs for materials or trips not specified in sources.,"N/A (public school, no tuition info found)",https://www.rvo-berlin.de,2026-01-19T22:27:18.895912
08S08,Schilling-Schule,True,,False,,,,,,,,,Public school (öffentlich); no tuition fees apply. No details on optional costs like materials or trips found.,https://www.bildung.berlin.de/schulverzeichnis/Schulportrait.aspx?IDSchulzweig=+28618,https://www.bildung.berlin.de/schulverzeichnis/Schulportrait.aspx?IDSchulzweig=+28618,2026-01-19T22:27:28.520038
11A07,Schul- und Leistungssportzentrum Berlin (Sportforum),True,,False,,,,,,,,,"This is a public school (öffentlich) operated by the Berlin Senate Administration for Education. No tuition fees are charged. As a public school in Berlin, education is funded through the state education budget. Parents may incur costs for materials, field trips, and meals in the school cafeteria, but these are not formal tuition charges.",https://www.bildung.berlin.de/Schulverzeichnis/Schulportrait.aspx?IDSchulzweig=+29292,https://www.bildung.berlin.de/Schulverzeichnis/Schulportrait.aspx?IDSchulzweig=+29292,2026-01-19T22:27:37.841605
07K13,Schule am Berlinickeplatz (Integrierte Sekundarschule),True,,False,,,,,,,False,False,"Public school (öffentlich); no tuition fees. No details on material, trip, or other costs publicly available.",https://www.bildung.berlin.de/schulverzeichnis/Schulportrait.aspx?IDSchulzweig=+29655,https://www.bildung.berlin.de/schulverzeichnis/Schulportrait.aspx?IDSchulzweig=+29655,2026-01-19T22:28:02.012112
11S05,Schule am grünen Grund,False,No website available,False,,,,,,,,,No website available for research,,,2026-01-19T22:28:15.425150
05S01,Schule am Grüngürtel,True,,False,,,,,,,,,"Public school (öffentlich); no tuition fees apply. After-school care available via external provider since 2005, but costs not specified.",https://www.bildung.berlin.de/schulverzeichnis/Schulportrait.aspx?IDSchulzweig=+29729,https://schule-am-gruenguertel.de; https://www.bildung.berlin.de/schulverzeichnis/Schulportrait.aspx?IDSchulzweig=+29729,2026-01-19T22:28:17.436772
02K05,Schule am Königstor (Integrierte Sekundarschule),True,,False,,,,,,,,,"Schule am Königstor is a public school funded by the Berlin education authority (Senatsverwaltung für Bildung, Jugend und Familie). No tuition fees are charged. Parents may incur costs for school materials, field trips, and optional meal plans through the school cafeteria.",https://www.bildung.berlin.de/Schulverzeichnis/Schulportrait.aspx?IDSchulzweig=+29049,https://www.bildung.berlin.de/Schulverzeichnis/Schulportrait.aspx?IDSchulzweig=+29049,2026-01-19T22:28:29.546453
11K06,Schule am Rathaus,True,,False,,,,,,,False,False,Public school (Öffentlich); no tuition fees. Potential minor costs for materials or excursions not specified.,https://schuleamrathaus.de (inferred from school type and lack of fee info),https://schuleamrathaus.de,2026-01-19T22:28:50.853638
10S07,Schule am Rosenhain,True,,False,,,,,,,False,False,Public school (öffentlich); no tuition fees apply. Hort (after-school care) contact available but no costs specified.,https://www.bildung.berlin.de/schulverzeichnis/Schulportrait.aspx?IDSchulzweig=+29095,https://www.bildung.berlin.de/schulverzeichnis/Schulportrait.aspx?IDSchulzweig=+29095,2026-01-19T22:29:00.388159
01K08,Schule am Schillerpark (Integrierte Sekundarschule),True,,False,,,,,,,False,False,"Public school; no tuition fees. Lunch (Mittagessen) provided, but costs not specified.",https://www.bildung.berlin.de/schulverzeichnis/Schulportrait.aspx?IDSchulzweig=+29016,https://www.bildung.berlin.de/schulverzeichnis/Schulportrait.aspx?IDSchulzweig=+29016,2026-01-19T22:29:14.356712
04K06,Schule am Schloss (Integrierte Sekundarschule),True,,False,,,,,,,False,False,Public school with no tuition; no specific costs for materials or other fees publicly detailed.,https://www.bildung.berlin.de/Schulverzeichnis/Schulportrait.aspx?IDSchulzweig=+28789,https://www.bildung.berlin.de/Schulverzeichnis/Schulportrait.aspx?IDSchulzweig=+28789,2026-01-19T22:29:30.796786
05K09,Schule am Staakener Kleeblatt (Integrierte Sekundarschule),True,,False,,,,,,,,,"Public school; no tuition fees. Potential incidental costs (e.g., materials, trips) not specified in sources.",https://www.bildung.berlin.de/schulverzeichnis/SchulListe.aspx?BezNr=05&BezText=Spandau,https://www.bildung.berlin.de/schulverzeichnis/SchulListe.aspx?BezNr=05&BezText=Spandau,2026-01-19T22:29:45.194910
09S06,Schule am Wildgarten,True,,False,,,,,,,False,False,Public school (öffentlich); no tuition fees. Standard public school material or activity costs may apply but not specified.,https://www.bildung.berlin.de/schulverzeichnis/Schulportrait.aspx?IDSchulzweig=+29658,https://www.bildung.berlin.de/schulverzeichnis/Schulportrait.aspx?IDSchulzweig=+29658,2026-01-19T22:30:03.357126
01S01,Schule am Zille-Park,True,,False,,,,,,,False,False,Public school (öffentlich); no tuition fees apply. No specific costs for materials or other services detailed in sources.,https://www.bildung.berlin.de/Schulverzeichnis/Schulportrait.aspx?IDSchulzweig=+28845,https://www.bildung.berlin.de/Schulverzeichnis/Schulportrait.aspx?IDSchulzweig=+28845,2026-01-19T22:30:21.995403
08S04,Schule am Zwickauer Damm,False,No website available,False,,,,,,,,,No website available for research,,,2026-01-19T22:30:31.318148
09K08,Schule an der Dahme (Integrierte Sekundarschule),True,,False,,,,,,,False,False,Public school; no tuition fees. Possible minor costs for materials or trips not specified in sources.,https://www.dahmeschule.de (general public ISS status); Berlin district sites confirm öffentlich ownership,https://www.dahmeschule.de,2026-01-19T22:30:33.326993
05K08,Schule an der Haveldüne (Integrierte Sekundarschule),True,,False,,,,,,,False,False,"Public school (öffentlich); no tuition fees mentioned. Potential incidental costs (e.g., materials, trips) not detailed in sources.",https://www.berlin.de/ba-spandau/aktuelles/schulbauoffensive/05k08-1003370.php,https://www.berlin.de/ba-spandau/aktuelles/schulbauoffensive/05k08-1003370.php,2026-01-19T22:30:46.466885
05K07,Schule an der Jungfernheide (Integrierte Sekundarschule),True,,False,,,,,,,False,False,Public school; no tuition or fees apply. Possible minor costs for materials or trips not specified in sources.,"https://www.schule-an-der-jungfernheide.de, https://www.berlin.de/sen/bildung/schule/bildungswege/uebergang-weiterfuehrende-schule/verzeichnis-weiterfuehrende-schulen.pdf",https://www.berlin.de/sen/bildung/schule/bildungswege/uebergang-weiterfuehrende-schule/verzeichnis-weiterfuehrende-schulen.pdf; https://www.schule-an-der-jungfernheide.de,2026-01-19T22:31:02.549034
08S09,Schule an der Windmühle,True,,False,,,,,,,False,False,"Public school; no tuition fees. Possible minor costs for materials or trips per Berlin public school norms, but no specific data found.","N/A (public school, no tuition info required or found)",https://www.schule-an-der-windmuehle.de,2026-01-19T22:31:13.519231
11K08,Schule-am-Tierpark (Integrierte Sekundarschule),True,,False,,,,,,,False,False,Public school (öffentlich); no tuition fees. Potential minor costs for materials or excursions not specified in sources.,https://www.bildung.berlin.de/Schulverzeichnis/Schulportrait.aspx?IDSchulzweig=29348,https://www.bildung.berlin.de/Schulverzeichnis/Schulportrait.aspx?IDSchulzweig=29348,2026-01-19T22:31:26.033626
03P03,Schulen Christburg Campus Prenzlauer Berg,True,,True,,,,,,,,,"Tuition information is not publicly available. Parents must contact the school directly at Sekretariat@Christburg-Campus.de or +49 30 4431237170 for detailed fee schedules. The school does mention that BerlinPass holders receive individual tutoring support through the cooperation partner Intellego, suggesting some socioeconomic support mechanisms may exist.",Information not found in public sources,,2026-01-19T22:31:41.766163
05P19,SIS Swiss International School Berlin,True,,True,,,,,,,,,No tuition details publicly available in search results,https://www.swissinternationalschool.de,https://www.swissinternationalschool.de,2026-01-19T22:32:07.474868
07K05,Solling-Schule,True,,False,,,,,,,False,False,"Public school; no tuition fees. Cafeteria offers warm meals, but costs not specified.",https://www.bildung.berlin.de/Schulverzeichnis/Schulportrait.aspx?IDSchulzweig=+28579,https://www.bildung.berlin.de/Schulverzeichnis/Schulportrait.aspx?IDSchulzweig=+28579,2026-01-19T22:32:16.579109
07K01,Sophie-Scholl-Schule,True,,False,,,,,,,,,"Public school in Berlin with no tuition fees. Parents may incur costs for materials, school trips, and optional services, but specific amounts are not publicly documented.",https://www.bildung.berlin.de/Schulverzeichnis/Schulportrait.aspx?IDSchulzweig=+29911,https://www.bildung.berlin.de/Schulverzeichnis/Schulportrait.aspx?IDSchulzweig=+29911,2026-01-19T22:52:56.145002
04A08,Sportschule im Olympiapark - Poelchau-Schule,True,,False,,,,,,,False,False,Public school; no tuition fees. Standard Berlin public school materials/excursion costs may apply but not specified.,"N/A (public school, no fees found)",,2026-01-19T22:53:15.916319
03B08,Staatliche Ballett- und Artistikschule Berlin,True,,False,,,,,,260.0,,,Public school with free education; monthly boarding (Internat) costs 260 EUR for eligible students up to 10th grade.,https://sbuas.berlin/internat/aufnahme-und-kosten.html,https://sbuas.berlin/internat/aufnahme-und-kosten.html,2026-01-19T22:53:30.600514
07K04,Theodor-Haubach-Schule,True,,False,,,,,,,False,False,Public school (öffentlich); no tuition fees. No details on optional costs like materials or trips found in sources.,https://www.bildung.berlin.de/Schulverzeichnis/Schulportrait.aspx?IDSchulzweig=+28578,https://www.bildung.berlin.de/Schulverzeichnis/Schulportrait.aspx?IDSchulzweig=+28578,2026-01-19T22:53:47.761384
03P24,Ting-Schule (Integrierte Sekundarschule),True,,True,,,,,,,,,No public tuition details found; private e.V.-operated school likely charges fees—contact school directly.,https://ting-schule.de (no fee info accessible); https://familienwegweiser-pankow.de/adressen/ting-schule-integrierte-sekundarschule/,https://ting-schule.de; https://familienwegweiser-pankow.de/adressen/ting-schule-integrierte-sekundarschule/,2026-01-19T22:54:00.459862
11K07,Vincent-van-Gogh-Schule (Integrierte Sekundarschule),True,,False,,,,,,,,,"Public school in Berlin - no tuition charged. Parents may incur costs for materials, school trips, and optional programs.",https://www.bildung.berlin.de/Schulverzeichnis/Schulportrait.aspx?IDSchulzweig=+29302,https://www.bildung.berlin.de/Schulverzeichnis/Schulportrait.aspx?IDSchulzweig=+29302,2026-01-19T22:54:17.739703
12S05,Waldseeschule,True,,False,,,,,,,False,False,Public school (öffentlich); no tuition fees applicable,https://www.bildung.berlin.de/Schulverzeichnis/Schulportrait.aspx?IDSchulzweig=+29007,https://www.bildung.berlin.de/Schulverzeichnis/Schulportrait.aspx?IDSchulzweig=+29007,2026-01-19T22:54:30.147709
04K10,Wangari-Maathai-Internationale-Schule,True,,False,,,,,,,,,Public school (öffentlich); no tuition or fees mentioned. Enrollment managed centrally by Senatsverwaltung with required documents.,https://wangari-maathai-schule.de/de/registration,https://wangari-maathai-schule.de/de/registration; https://wangari-maathai-schule.de,2026-01-19T22:54:39.471786
09K05,Wilhelm-Bölsche-Schule (Integrierte Sekundarschule),True,,False,,,,,,,False,False,Public school; no tuition fees. Lunch provision available but costs not specified.,https://www.bildung.berlin.de/Schulverzeichnis/Schulportrait.aspx?IDSchulzweig=+29059,https://www.boelsche-berlin.de.[2; https://www.bildung.berlin.de/Schulverzeichnis/Schulportrait.aspx?IDSchulzweig=+29059,2026-01-19T22:54:50.261286
05P13,Wilhelmstadt Schulen,True,,False,,,,,,,,,"Wilhelmstadt Schulen appears to be a public school (Integrierte Sekundarschule) in Berlin-Spandau. Public schools in Berlin do not charge tuition. Parents may incur costs for school materials, field trips, and optional meal plans at the school cafeteria.",https://www.bildung.berlin.de/Schulverzeichnis/ - Berlin education authority school directory,https://www.bildung.berlin.de/Schulverzeichnis/,2026-01-19T22:55:15.620205
07A44,Willkommensschule THF,False,No website available,False,,,,,,,,,No website available for research,,,2026-01-19T22:55:37.739353
12A44,Willkommensschule TXL,True,,False,,,,,,,False,False,Public school (öffentlich); no tuition or fees mentioned. Potential minor costs for materials or trips not detailed publicly.,"https://willkommensschule-txl.de, https://www.bildung.berlin.de/Schulverzeichnis/Schulportrait.aspx?IDSchulzweig=+29842",https://willkommensschule-txl.de; https://www.bildung.berlin.de/Schulverzeichnis/Schulportrait.aspx?IDSchulzweig=+29842,2026-01-19T22:55:39.746809
01K01,Willy-Brandt-Schule,True,,False,,,,,,,False,False,Public school (öffentlich); no tuition fees. Potential standard public school costs for materials or trips not specified in sources.,https://www.bildung.berlin.de/schulverzeichnis/Schulportrait.aspx?IDSchulzweig=+29052,https://www.bildung.berlin.de/schulverzeichnis/Schulportrait.aspx?IDSchulzweig=+29052,2026-01-19T22:56:01.939592
06K02,Wilma-Rudolph-Schule (Integrierte Sekundarschule),True,,False,,,,,,,False,False,"Public school (öffentlich); no tuition fees mentioned. Potential incidental costs (e.g., materials, trips) not detailed in sources.",https://www.bildung.berlin.de/Schulverzeichnis/Schulportrait.aspx?IDSchulzweig=+28495,https://www.bildung.berlin.de/Schulverzeichnis/Schulportrait.aspx?IDSchulzweig=+28495,2026-01-19T22:56:21.669447
05K06,Wolfgang-Borchert-Schule (Integrierte Sekundarschule),True,,False,,,,,,,False,False,Public school (öffentlich); no tuition fees. Potential costs for materials or trips not detailed in sources.,https://www.bildung.berlin.de/Schulverzeichnis/Schulportrait.aspx?IDSchulzweig=+29579,https://www.bildung.berlin.de/Schulverzeichnis/Schulportrait.aspx?IDSchulzweig=+29579,2026-01-19T22:56:36.108255
08K10,Zuckmayer-Schule,True,,False,,,,,,,False,False,Public school (öffentlich); no tuition fees. Cafeteria available but costs not specified.,https://www.bildung.berlin.de/Schulverzeichnis/Schulportrait.aspx?IDSchulzweig=+29566,https://www.bildung.berlin.de/Schulverzeichnis/Schulportrait.aspx?IDSchulzweig=+29566,2026-01-19T22:56:56.080065
09Y12,12. Schule (Gymnasium),True,,False,,,,,,,False,False,"Public school (öffentlich); no tuition. No details on materials, meals, or other costs found.",https://www.bildung.berlin.de/schulverzeichnis/Schulportrait.aspx?IDSchulzweig=29841,https://gymnasium09y12.de; https://www.bildung.berlin.de/schulverzeichnis/Schulportrait.aspx?IDSchulzweig=29841,2026-01-19T22:57:15.531179
11Y12,12. Schule (Gymnasium),True,,False,,,,,,,False,False,"Public school (öffentlich); no tuition. No details on materials, meals, or other costs found.",https://www.bildung.berlin.de/schulverzeichnis/Schulportrait.aspx?IDSchulzweig=29841,https://gymnasium09y12.de; https://www.bildung.berlin.de/schulverzeichnis/Schulportrait.aspx?IDSchulzweig=29841,2026-01-19T22:57:15.531179
10Y12,12. Schule (Gymnasium),True,,False,,,,,,,False,False,"Public school (öffentlich); no tuition. No details on materials, meals, or other costs found.",https://www.bildung.berlin.de/schulverzeichnis/Schulportrait.aspx?IDSchulzweig=29841,https://gymnasium09y12.de; https://www.bildung.berlin.de/schulverzeichnis/Schulportrait.aspx?IDSchulzweig=29841,2026-01-19T22:57:15.531179
08Y03,Albert-Einstein-Gymnasium,True,,False,,,,,,,False,False,Public school; no tuition fees. Potential minor costs for materials or excursions not detailed in sources.,https://www.berlin.de/sen/bildung/schule/bildungswege/uebergang-weiterfuehrende-schule/verzeichnis-weiterfuehrende-schulen.pdf,https://www.berlin.de/sen/bildung/schule/bildungswege/uebergang-weiterfuehrende-schule/verzeichnis-weiterfuehrende-schulen.pdf,2026-01-19T22:57:34.584223
08Y02,Albert-Schweitzer-Gymnasium,True,,False,,,,,,,,,"Public school in Berlin with no tuition fees. Parents may incur costs for materials, field trips, and extracurricular activities.",https://www.bildung.berlin.de,https://www.bildung.berlin.de; https://www.die-schweitzer.de,2026-01-19T22:57:44.722375
08Y01,Albrecht-Dürer-Gymnasium,True,,False,,,,,,,False,False,"Public school (öffentlich); no tuition fees. Potential incidental costs (e.g., materials, trips) not detailed in sources.",https://www.bildung.berlin.de/Schulverzeichnis/Schulportrait.aspx?IDSchulzweig=+29573,https://www.bildung.berlin.de/Schulverzeichnis/Schulportrait.aspx?IDSchulzweig=+29573,2026-01-19T22:58:04.372943
09Y05,Alexander-von-Humboldt-Gymnasium,True,,False,,,,,,,False,False,"Public school; no tuition fees. Standard public school costs (e.g., materials, trips) may apply but not specified in sources.",https://www.berlin.de/ba-treptow-koepenick/_assets/aemter-und-se/schul-und-sportamt/schule/pdf/schulbroschuere-2025-interaktiv.pdf,https://www.berlin.de/ba-treptow-koepenick/_assets/aemter-und-se/schul-und-sportamt/schule/pdf/schulbroschuere-2025-interaktiv.pdf; https://www.avh.berlin.[1; https://www.avh.berlin,2026-01-19T22:58:29.475912
02Y01,Andreas-Gymnasium,True,,False,,,,,,,,,"Public school with no tuition fees. Parents may incur costs for materials, school trips, and optional cafeteria meals.",https://www.berlin.de/sen/bildung/schule/bildungswege/uebergang-weiterfuehrende-schule/verzeichnis-weiterfuehrende-schulen.pdf,https://www.berlin.de/sen/bildung/schule/bildungswege/uebergang-weiterfuehrende-schule/verzeichnis-weiterfuehrende-schulen.pdf; https://www.andreas-schule.org,2026-01-19T22:58:39.304667
09Y04,Anne-Frank-Gymnasium,True,,False,,,,,,,False,False,Public school; no tuition fees apply. Incidental costs not detailed in sources.,https://www.berlin.de/ba-treptow-koepenick/_assets/aemter-und-se/schul-und-sportamt/schule/pdf/schulbroschuere-2025-interaktiv.pdf?ts=1752710438,https://www.anne-frank-schule-berlin.de; https://www.berlin.de/ba-treptow-koepenick/_assets/aemter-und-se/schul-und-sportamt/schule/pdf/schulbroschuere-2025-interaktiv.pdf?ts=1752710438,2026-01-19T22:58:52.812569
09Y03,Archenhold-Gymnasium,True,,False,,,,,,,False,False,Public school; no tuition fees apply. Potential minor costs for materials or activities not detailed in sources.,N/A (public school confirmed via Berlin district listings [3][4]),https://archenhold.de,2026-01-19T22:59:06.228568
06Y03,Arndt-Gymnasium Dahlem,True,,False,,,,,,,False,False,Public school; no tuition fees. Potential minor costs for materials or trips not specified in sources.,https://arndt-gymnasium.de,https://arndt-gymnasium.de,2026-01-19T22:59:16.682976
07Y06,Askanisches Gymnasium,True,,False,,,,,,,False,False,Public school; no tuition or fees mentioned in sources,https://www.bildung.berlin.de/schulverzeichnis/Schulportrait.aspx?IDSchulzweig=+29368,https://www.bildung.berlin.de/schulverzeichnis/Schulportrait.aspx?IDSchulzweig=+29368,2026-01-19T22:59:33.991455
11Y09,Barnim-Gymnasium,True,,False,,,,,,,,,"Barnim-Gymnasium is a public school (öffentlich) in Berlin. Public schools in Berlin do not charge tuition. Parents may incur costs for materials, school trips, and optional cafeteria meals, but these are not mandatory school fees.",https://www.bildung.berlin.de/Schulverzeichnis/Schulportrait.aspx?IDSchulzweig=+29291,https://www.bildung.berlin.de/Schulverzeichnis/Schulportrait.aspx?IDSchulzweig=+29291,2026-01-19T22:59:54.525364
06Y06,Beethoven-Gymnasium,True,,False,,,,,,,False,False,"Public school; no tuition. Schulcafé offers paid meals/snacks (e.g., catered lunch from Hand.Fest, online orders), but no specific costs listed.",https://www.beethoven-gymnasium.eu/schulcafe-35.html,https://www.beethoven-gymnasium.eu/schulcafe-35.html; https://www.beethoven-gymnasium.eu,2026-01-19T23:00:26.005263
01P22,Berlin Cosmopolitan School,True,,True,,,,,,,,,No tuition or fee information publicly available on school website or searched sources.,https://www.cosmopolitanschool.de (no fees listed),https://www.cosmopolitanschool.de,2026-01-19T23:00:50.773740
01P18,Bilinguale Schule Phorms Berlin Mitte,True,,True,,,,,,,,,Tuition and fee details not publicly available on school website or searched sources,https://berlin-mitte.phorms.de/en/primary-school/admissions-costs/,https://berlin-mitte.phorms.de/en/primary-school/admissions-costs/,2026-01-19T23:02:41.840040
06P18,Bilinguale Schule Phorms Berlin Süd,True,,True,,,,,,,,,No tuition details publicly available from school website or Berlin education authority sources.,https://berlin-sued.phorms.de,https://berlin-sued.phorms.de,2026-01-19T23:03:03.484901
05Y04,Carl-Friedrich-von-Siemens-Gymnasium,True,,False,,,,,,,,,"Public school (öffentlich); no tuition fees mentioned. Potential incidental costs for materials, trips, or mensa not specified in sources.",https://cfvsiemens.de (official site confirms public Ganztagsschule status),https://cfvsiemens.de; https://cfvsiemens.de.[3,2026-01-19T23:03:17.889023
03Y08,Carl-von-Ossietzky-Gymnasium,True,,False,,,,,,,,,Public school; no tuition or fees identified in sources,N/A,https://cvo.berlin,2026-01-19T23:03:41.173163
02Y05,Dathe-Gymnasium,True,,False,,,,,,,False,False,Public school; no tuition or fees mentioned in sources,https://www.dathe-gymnasium.de (general site); https://www.bildung.berlin.de/schulverzeichnis (Senatsverwaltung listing as public Gymnasium),https://www.bildung.berlin.de/schulverzeichnis; https://www.dathe-gymnasium.de,2026-01-19T23:03:54.398563
01Y09,Diesterweg-Gymnasium,True,,False,,,,,,,,,"Diesterweg-Gymnasium is a public (öffentlich) school in Berlin. Public schools in Berlin do not charge tuition. Parents may incur costs for materials, field trips, and optional meal plans through the school cafeteria, but these are not mandatory school fees.",https://www.bildung.berlin.de/schulverzeichnis/Schulportrait.aspx?IDSchulzweig=+29077,https://www.bildung.berlin.de/schulverzeichnis/Schulportrait.aspx?IDSchulzweig=+29077,2026-01-19T23:04:09.034372
06Y04,Dreilinden-Gymnasium,True,,False,,,,,,,,,"Dreilinden-Gymnasium is a public school in Berlin and charges no tuition. Parents may incur costs for school materials, field trips, and cafeteria meals, which are typical for Berlin public schools but vary by family circumstances.",https://www.berlin.de/sen/bildung/ (Berlin Education Authority),https://www.dreilinden-gymnasium.de; https://www.berlin.de/sen/bildung/,2026-01-19T23:04:29.843104
06Y02,Droste-Hülshoff-Gymnasium,True,,False,,,,,,,False,False,Public school; no tuition or fees. Possible voluntary contributions for materials/trips not detailed in sources.,https://www.bildung.berlin.de/schulverzeichnis/Schulportrait.aspx?IDSchulzweig=+28474,https://www.bildung.berlin.de/schulverzeichnis/Schulportrait.aspx?IDSchulzweig=+28474,2026-01-19T23:04:46.777317
07Y07,Eckener-Gymnasium,True,,False,,,,,,,False,False,Public school; no tuition fees. Potential costs for materials or trips not specified in sources.,https://eckener-gymnasium.de,https://eckener-gymnasium.de,2026-01-19T23:05:10.084810
09Y11,Emmy-Noether-Gymnasium,True,,False,,,,,,,,,"Emmy-Noether-Gymnasium is a public school (öffentlich) in Berlin. Public schools in Berlin do not charge tuition. However, families may incur costs for school materials, field trips, and optional services such as lunch in the school cafeteria.",https://www.berlin.de/sen/bildung/ (Berlin Education Authority),https://www.noether-gymnasium.de; https://www.berlin.de/sen/bildung/,2026-01-19T23:05:22.655088
08Y04,Ernst-Abbe-Gymnasium,True,,False,,,,,,,,,"Ernst-Abbe-Gymnasium is a public school in Berlin and charges no tuition fees. Parents may incur costs for school materials, field trips, and optional services, but these are not specified in available sources.",https://www.berlin.de/sen/bildung/ (Berlin Education Authority),https://www.berlin.de/sen/bildung/; https://www.ernst-abbe.de,2026-01-19T23:05:39.747854
12Y02,Europäisches Gymnasium Bertha-von-Suttner,True,,False,,,,,,,False,False,Public school (öffentlich); no tuition fees. Potential costs for materials or trips not specified in sources.,https://www.bildung.berlin.de/schulverzeichnis/Schulportrait.aspx?IDSchulzweig=+29305,https://www.bildung.berlin.de/schulverzeichnis/Schulportrait.aspx?IDSchulzweig=+29305,2026-01-19T23:05:56.027524
12P03,Evangelische Schule Frohnau,True,,True,,,,,,,,,"No tuition information publicly available from school website, Berlin Senatsverwaltung, or other sources.",https://www.ev-frohnau.de,https://www.ev-frohnau.de,2026-01-19T23:06:22.539429
09P07,Evangelische Schule Köpenick (Gymnasium),True,,True,,,,,,,,,No tuition information publicly available from school website or Berlin education authorities.,https://www.ev-schule-koepenick.de,https://www.ev-schule-koepenick.de,2026-01-19T23:06:37.190090
04P11,Evangelisches Gymnasium zum Grauen Kloster,True,,True,,,,,,,,,"No tuition information publicly available from school website or other sources; as a state-recognized private Ersatzschule, fees may exist but are not disclosed online.",https://www.graues-kloster.de,https://www.graues-kloster.de,2026-01-19T23:07:00.171383
03Y13,Felix-Mendelssohn-Bartholdy-Gymnasium,True,,False,,,,,,,False,False,Public school (öffentlich); no tuition fees mentioned. Potential costs for materials or trips not detailed in sources.,https://www.bildung.berlin.de/schulverzeichnis/Schulportrait.aspx?IDSchulzweig=+29041,https://www.bildung.berlin.de/schulverzeichnis/Schulportrait.aspx?IDSchulzweig=+29041,2026-01-19T23:07:16.323430
06Y09,Fichtenberg-Oberschule,True,,False,,,,,,,False,False,Public school (öffentlich); no tuition fees mentioned. Mensa available but no costs specified.,https://www.bildung.berlin.de/schulverzeichnis/Schulportrait.aspx?IDSchulzweig=+29459,https://www.bildung.berlin.de/schulverzeichnis/Schulportrait.aspx?IDSchulzweig=+29459,2026-01-19T23:07:27.075081
01Y07,Französisches Gymnasium,True,,False,,,,,,,False,False,Public school; no tuition fees apply. Potential costs for materials or trips not specified in sources.,https://www.fg-berlin.eu,https://www.fg-berlin.eu,2026-01-19T23:07:42.597631
06P20,Freie Schule Anne-Sophie Berlin,True,,True,,10500.0,,,,,,,"Annual tuition approximately €10,500. Detailed fee breakdown including registration, materials, meals, and after-school care not publicly available. Contact school directly for complete pricing information.",https://www.international-schools-database.com/country/germany?curriculum%5B%5D=IB&filter=on,https://www.international-schools-database.com/country/germany?curriculum%5B%5D=IB&filter=on,2026-01-19T23:07:54.545214
05Y01,Freiherr-vom-Stein-Gymnasium,True,,False,,,,,,,False,False,"Public school; no tuition fees. No details on materials, meals, or other costs found.",https://www.bildung.berlin.de/schulverzeichnis/SchulListe.aspx?BezNr=05&BezText=Spandau,https://www.bildung.berlin.de/schulverzeichnis/SchulListe.aspx?BezNr=05&BezText=Spandau,2026-01-19T23:08:14.603588
04Y07,Friedrich-Ebert-Gymnasium,True,,False,,,,,,,False,False,"Public school (Öffentlich); no tuition fees. Ganztag (all-day) programs mentioned with emergency care option, but no costs specified.",https://feoberlin.de,https://feoberlin.de,2026-01-19T23:08:30.307883
12Y01,Friedrich-Engels-Gymnasium,True,,False,,,,,,,False,False,Public school (öffentlich); no tuition or fees mentioned. Potential minor costs for materials or trips not detailed in sources.,https://feg.berlin,https://feg.berlin,2026-01-19T23:08:46.435717
12Y04,Gabriele-von-Bülow-Gymnasium,True,,False,,,,,,,False,False,Public school (öffentlich); no tuition fees. Cafeteria available but no costs specified.,https://www.bildung.berlin.de/schulverzeichnis/Schulportrait.aspx?IDSchulzweig=+29307,https://www.bildung.berlin.de/schulverzeichnis/Schulportrait.aspx?IDSchulzweig=+29307,2026-01-19T23:09:02.273405
09Y10,Gebrüder-Montgolfier-Gymnasium,True,,False,,,,,,,False,False,"Public school; no tuition fees. Potential incidental costs (e.g., materials, trips) not detailed in sources.",https://www.bildung.berlin.de/schulverzeichnis/Schulportrait.aspx?IDSchulzweig=+28658,https://www.bildung.berlin.de/schulverzeichnis/Schulportrait.aspx?IDSchulzweig=+28658,2026-01-19T23:09:18.375690
07Y09,Georg-Büchner-Gymnasium,True,,False,,,,,,,False,False,Public school (öffentlich); no tuition fees mentioned. Potential costs for materials or trips not detailed in sources.,https://www.bildung.berlin.de/schulverzeichnis/Schulportrait.aspx?IDSchulzweig=+29370,https://www.bildung.berlin.de/schulverzeichnis/Schulportrait.aspx?IDSchulzweig=+29370,2026-01-19T23:09:37.123695
02Y04,Georg-Friedrich-Händel-Gymnasium,True,,False,,,,,,,False,False,Public school with no tuition; possible minor fees for lockers via Förderverein.,https://fdvhaendelgym.de,https://fdvhaendelgym.de,2026-01-19T23:09:51.047344
12Y05,Georg-Herwegh-Gymnasium,True,,False,,,,,,,False,False,Public school; no tuition fees. Mensa available but costs unspecified.,https://www.bildung.berlin.de/schulverzeichnis/Schulportrait.aspx?IDSchulzweig=+29308,https://www.bildung.berlin.de/schulverzeichnis/Schulportrait.aspx?IDSchulzweig=+29308,2026-01-19T23:10:02.923990
09Y06,Gerhart-Hauptmann-Gymnasium,True,,False,,,,,,,,,"Public school (öffentlich); no tuition fees. Potential incidental costs for materials, trips, or meals not detailed in sources.",https://www.bildung.berlin.de/schulverzeichnis/Schulportrait.aspx?IDSchulzweig=+29108,https://www.bildung.berlin.de/schulverzeichnis/Schulportrait.aspx?IDSchulzweig=+29108,2026-01-19T23:10:20.435310
04Y11,Goethe-Gymnasium,True,,False,,,,,,,,,"Goethe-Gymnasium is a public school in Berlin and charges no tuition. Parents may incur costs for materials, school trips, and optional services, but these are not specified in available sources.",https://www.berlin.de/sen/bildung/schule/bildungswege/uebergang-weiterfuehrende-schule/verzeichnis-weiterfuehrende-schulen.pdf,https://www.berlin.de/sen/bildung/schule/bildungswege/uebergang-weiterfuehrende-schule/verzeichnis-weiterfuehrende-schulen.pdf; https://goethe-gymnasium.berlin,2026-01-19T23:10:43.173858
06Y11,Goethe-Gymnasium Lichterfelde,True,,False,,,,,,,,,"Public state gymnasium with no tuition charges. Families may incur costs for school materials, trips, and optional cafeteria meals.",https://www.bildung.berlin.de/Schulverzeichnis/Schulportrait.aspx?IDSchulzweig=+29461,https://www.bildung.berlin.de/Schulverzeichnis/Schulportrait.aspx?IDSchulzweig=+29461,2026-01-19T23:10:58.223292
04Y04,Gottfried-Keller-Gymnasium,True,,False,,,,,,,False,False,"Public school (öffentlich); no tuition fees. Possible minor costs for books/materials per school lists, but no specific amounts published.","https://www.gks-berlin.de [1], https://www.bildung.berlin.de/schulverzeichnis/Schulportrait.aspx?IDSchulzweig=+29069 [3]",https://www.gks-berlin.de; https://www.bildung.berlin.de/schulverzeichnis/Schulportrait.aspx?IDSchulzweig=+29069,2026-01-19T23:11:16.449992
06Y13,Gymnasium Steglitz,True,,False,,,,,,,,,"Gymnasium Steglitz is a public school in Berlin and does not charge tuition. As a public institution, it is funded by the Berlin state government (Senatsverwaltung für Bildung). Parents may incur costs for materials, field trips, and optional after-school care programs, but these are not specified in available sources.",https://de.wikipedia.org/wiki/Gymnasium_Steglitz,https://de.wikipedia.org/wiki/Gymnasium_Steglitz,2026-01-19T23:11:41.127184
01Y12,Gymnasium Tiergarten,True,,False,,,,,,,False,False,Public school; no tuition or fees mentioned in sources,https://www.gymnasium-tiergarten.de,https://www.gymnasium-tiergarten.de,2026-01-19T23:12:04.785176
08Y06,Hannah-Arendt-Gymnasium,True,,False,,,,,,,False,False,Public school (öffenlich); no tuition fees. Potential costs for materials or excursions not specified in sources.,https://www.berlin.de/sen/bildung/schule/bildungswege/uebergang-weiterfuehrende-schule/verzeichnis-weiterfuehrende-schulen.pdf,https://www.berlin.de/sen/bildung/schule/bildungswege/uebergang-weiterfuehrende-schule/verzeichnis-weiterfuehrende-schulen.pdf,2026-01-19T23:12:19.646816
05Y03,Hans-Carossa-Gymnasium,True,,False,,,,,,,False,False,"Public school; no tuition. Possible voluntary parent contributions for materials/trips (~20-50 EUR/year, not officially specified).",https://www.hcg-berlin.de (no fee details); https://bildung.berlin.de (public school confirmation),https://www.hcg-berlin.de/lehrplaene/; https://www.hcg-berlin.de/die-schule/an-der-schule/gebaeude-und-ausstattung/; https://www.berlin.de/sen/bjf/; https://www.hcg-berlin.de; https://bildung.berlin.de/schule/statistiken; https://www.hcg-berlin.de/schulleben/sport/; https://www.hcg-berlin.de/einschulung/; https://www.hcg-berlin.de/kontakt/; https://www.hcg-berlin.de/schulleben/ags-und-projekte/; https://bildung.berlin.de/schulrecht/; https://bildung.berlin.de/unterricht/rahmenlehrplaene; https://bildung.berlin.de/schulsuche/hans-carossa-gymnasium; https://bildung.berlin.de/schulsuche/13542/; https://bildung.berlin.de,2026-01-19T23:12:36.230016
11Y05,Hans-und-Hilde-Coppi-Gymnasium,True,,False,,,,,,,False,False,"Public school (öffentlich); no tuition fees mentioned. Potential incidental costs (e.g., materials, trips) not detailed in sources.",https://de.wikipedia.org/wiki/Hans-und-Hilde-Coppi-Gymnasium,https://de.wikipedia.org/wiki/Hans-und-Hilde-Coppi-Gymnasium,2026-01-19T23:12:54.886987
02Y03,Heinrich-Hertz-Gymnasium,True,,False,,,,,,,False,False,Public school; no tuition fees. Potential costs for materials or excursions not detailed in sources.,https://hhgym.de; https://www.bildung.berlin.de/schulverzeichnis/Schulportrait.aspx?IDSchulzweig=+28502,https://www.bildung.berlin.de/schulverzeichnis/Schulportrait.aspx?IDSchulzweig=+28502; https://hhgym.de; https://hhgym.de.[4,2026-01-19T23:13:08.479616
03Y04,Heinrich-Schliemann-Gymnasium,True,,False,,,,,,,,,"Public school (öffentlich); no tuition. Mensa and cafeteria available, but no costs specified.",https://www.bildung.berlin.de/schulverzeichnis/Schulportrait.aspx?IDSchulzweig=+29047,https://www.bildung.berlin.de/schulverzeichnis/Schulportrait.aspx?IDSchulzweig=+29047,2026-01-19T23:13:25.972684
04Y06,Heinz-Berggruen-Gymnasium,True,,False,,,,,,,False,False,Public school with no tuition; voluntary Förderverein contributions and calendar sales (10 EUR) for support.,https://www.bildung.berlin.de/schulverzeichnis/Schulportrait.aspx?IDSchulzweig=+28790,https://www.bildung.berlin.de/schulverzeichnis/Schulportrait.aspx?IDSchulzweig=+28790,2026-01-19T23:13:41.040965
04Y05,Herder-Gymnasium,True,,False,,,,,,,False,False,Public school; no tuition fees. No details on optional costs like materials or trips found.,https://www.herder-oberschule.de,https://www.herder-oberschule.de,2026-01-19T23:13:59.686661
06Y08,Hermann-Ehlers-Gymnasium,True,,False,,,,,,,,,"As a public school in Berlin, Hermann-Ehlers-Gymnasium does not charge tuition. Students may incur costs for materials, field trips, and optional programs, but specific amounts are not available in the search results.",https://www.berlin.de/en/news/9489997-5559700-range-of-germanukrainian-schools-to-grow.en.html,https://www.berlin.de/en/news/9489997-5559700-range-of-germanukrainian-schools-to-grow.en.html,2026-01-19T23:14:18.938295
02Y08,Hermann-Hesse-Gymnasium,True,,False,,,,,,,False,False,Public school; no tuition or fees identified in sources,N/A (public school confirmed via school type and Berlin context),https://hesse-kreuzberg.de; https://hesse-kreuzberg.de/chronik/[3; https://hesse-kreuzberg.de/blog/,2026-01-19T23:14:34.091794
04Y08,Hildegard-Wegscheider-Gymnasium,True,,False,,,,,,,False,False,Public school (öffentlich); no tuition or fees mentioned in sources,https://www.wegscheider-gymnasium.de,https://www.wegscheider-gymnasium.de,2026-01-19T23:14:46.603607
12Y03,Humboldt-Gymnasium,True,,False,,,,,,,False,False,Public school; no tuition fees. No details on optional costs like materials or trips found.,https://humboldtschule-berlin.de (general site); confirmed public via https://www.tagesspiegel.de/berlin/schule/schnell-lerner-japanisch-spitzensport-das-sind-berlins-besondere-schulprofile-ab-klasse-5-10280311.html,https://www.humboldtschule-berlin.de; https://www.tagesspiegel.de/berlin/schule/schnell-lerner-japanisch-spitzensport-das-sind-berlins-besondere-schulprofile-ab-klasse-5-10280311.html; https://humboldtschule-berlin.de,2026-01-19T23:14:57.124290
11Y11,Immanuel-Kant-Gymnasium,True,,False,,,,,,,False,False,Public school; no tuition or fees mentioned. Possible minor costs for materials/trips not specified.,https://www.kant-gymnasium.de/schullaufbahn/anmeldung,https://www.kant-gymnasium.de/schullaufbahn/anmeldung,2026-01-19T23:15:11.058868
03Y17,Inge-Deutschkron-Gymnasium,True,,False,,,,,,,False,False,"Public school (staatlich/öffentlich); no tuition fees. Potential ancillary costs (e.g., materials, trips) not detailed in sources.",https://www.bildung.berlin.de/schulverzeichnis/Schulportrait.aspx?IDSchulzweig=+29719 (confirms öffentlich Gymnasium),https://www.bildung.berlin.de/schulverzeichnis/Schulportrait.aspx?IDSchulzweig=+29719; https://www.idg.berlin,2026-01-19T23:15:26.233028
11Y02,Johann-Gottfried-Herder-Gymnasium,True,,False,,,,,,,False,False,"Public school (öffentlich); no tuition fees. Possible incidental costs for materials, trips, or all-day programs not detailed in sources.",https://www.bildung.berlin.de/Schulverzeichnis/Schulportrait.aspx?IDSchulzweig=+29168,https://www.bildung.berlin.de/Schulverzeichnis/Schulportrait.aspx?IDSchulzweig=+29168; https://www.jgherder.de,2026-01-19T23:15:43.298904
01Y02,John-Lennon-Gymnasium,True,,False,,,,,,,,,"Public school with no tuition charges. Parents may incur costs for school trips, materials, and optional programs. The jlgMUN conference charges 30€ per delegate including meals.",https://www.jlgym-berlin.de,https://www.jlgym-berlin.de,2026-01-19T23:16:01.434021
05Y02,Kant-Gymnasium,True,,False,,,,,,,False,False,Public school; no tuition or fees mentioned in sources,https://www.bildung.berlin.de/schulverzeichnis/Schulportrait.aspx?IDSchulzweig=+29583,https://www.bildung.berlin.de/schulverzeichnis/Schulportrait.aspx?IDSchulzweig=+29583,2026-01-19T23:16:25.060998
03Y03,Käthe-Kollwitz-Gymnasium,True,,False,,,,,,,False,False,"Public school (öffentlich); no tuition fees mentioned. Potential incidental costs (e.g., materials, trips) not detailed in sources.",https://www.bildung.berlin.de/schulverzeichnis/Schulportrait.aspx?IDSchulzweig=+29046,https://www.bildung.berlin.de/schulverzeichnis/Schulportrait.aspx?IDSchulzweig=+29046,2026-01-19T23:16:45.097949
04P04,Katholische Schule Liebfrauen (Gymnasium),True,,True,,,,,,,,,No tuition or fee details publicly available from school website or Berlin education authority sources.,https://ksliebfrauen.de,https://ksliebfrauen.de,2026-01-19T23:16:59.087917
03P10,Katholische Theresienschule (Gymnasium),True,,True,,,,,,,,,No tuition or fee details publicly available from school website or Berlin education authority.,"https://www.Theresienschule.de, https://www.bildung.berlin.de/schulverzeichnis/Schulportrait.aspx?IDSchulzweig=+29189",https://www.bildung.berlin.de/schulverzeichnis/Schulportrait.aspx?IDSchulzweig=+29189; https://www.Theresienschule.de,2026-01-19T23:17:13.890991
02Y06,Leibniz-Gymnasium,True,,False,,,,,,,False,False,Public school (öffentlich); no tuition fees. Potential incidental costs for materials or excursions not detailed in sources.,https://www.bildung.berlin.de/schulverzeichnis/Schulportrait.aspx?IDSchulzweig=+28794,https://www.leibnizschule-berlin.de; https://www.bildung.berlin.de/schulverzeichnis/Schulportrait.aspx?IDSchulzweig=+28794,2026-01-19T23:17:29.404711
08Y05,Leonardo-da-Vinci-Gymnasium,True,,False,,,,,,,False,False,Public school; no tuition fees. Potential costs for materials or excursions not specified.,https://www.leonardo-da-vinci-gymnasium.de,https://www.leonardo-da-vinci-gymnasium.de,2026-01-19T23:17:43.584925
01Y08,Lessing-Gymnasium,True,,False,,,,,,,,,"Public school funded by Berlin education authority. No tuition fees charged. Parents may incur costs for materials, school trips, and optional services (cafeteria meals, after-school programs), but these are not documented in publicly available sources.",https://lessing-gymnasium-berlin.de,https://lessing-gymnasium-berlin.de,2026-01-19T23:17:59.405332
06Y10,Lilienthal-Gymnasium,True,,False,,,,,,,False,False,Public school; no tuition. School books provided via loan (digital registration required). No fees detailed.,https://lilienthal-gymnasium-berlin.de,https://lilienthal-gymnasium-berlin.de; https://lilienthal-gymnasium-berlin.de/feed.[1,2026-01-19T23:18:16.243288
05Y05,Lily-Braun-Gymnasium,True,,False,,,,,,,False,False,Public school (öffentlich); no tuition fees. No details on ancillary costs like materials or trips publicly available.,https://www.bildung.berlin.de/schulverzeichnis/Schulportrait.aspx?IDSchulzweig=+29585,https://www.lily-braun-gymnasium.de; https://www.bildung.berlin.de/schulverzeichnis/Schulportrait.aspx?IDSchulzweig=+29585,2026-01-19T23:18:28.497548
07Y05,Luise-Henriette-Gymnasium,True,,False,,,,,,,,,"Luise-Henriette-Gymnasium is a public school (öffentlich) operated by the Land Berlin through the Bezirksamt Tempelhof-Schöneberg. As a public school, it is tuition-free for students. Parents may incur costs for materials, field trips, and optional services, but these are not detailed in publicly available sources.",https://www.bildung.berlin.de/schulverzeichnis/Schulportrait.aspx?IDSchulzweig=+28580,https://www.bildung.berlin.de/schulverzeichnis/Schulportrait.aspx?IDSchulzweig=+28580,2026-01-19T23:18:40.272007
11Y10,Manfred-von-Ardenne-Gymnasium,True,,False,,,,,,,False,False,Public school; no tuition fees. Potential costs for materials or trips not detailed in sources.,https://www.bildung.berlin.de/Schulverzeichnis/Schulportrait.aspx?IDSchulzweig=+28821,https://www.bildung.berlin.de/Schulverzeichnis/Schulportrait.aspx?IDSchulzweig=+28821,2026-01-19T23:18:59.554216
04Y10,Marie-Curie-Gymnasium,True,,False,,,,,,,False,False,Public school; no tuition fees. Potential costs for materials or trips not detailed in sources.,https://www.bildung.berlin.de/schulverzeichnis/Schulportrait.aspx?IDSchulzweig=+28677,https://www.mcg-berlin.de; https://www.bildung.berlin.de/schulverzeichnis/Schulportrait.aspx?IDSchulzweig=+28677,2026-01-19T23:19:14.890688
03Y15,Max-Delbrück-Gymnasium,True,,False,,,,,,,,,"Max-Delbrück-Gymnasium is a public school (öffentlich) in Berlin and charges no tuition. Families may incur costs for materials, field trips, and optional programs, but specific fee amounts are not publicly documented. Contact the school directly for current cost information.",https://www.bildung.berlin.de/schulverzeichnis/Schulportrait.aspx?IDSchulzweig=+29182,https://max-delbrueck-gymnasium.de; https://www.bildung.berlin.de/schulverzeichnis/Schulportrait.aspx?IDSchulzweig=+29182,2026-01-19T23:19:30.417911
01Y11,Max-Planck-Gymnasium,True,,False,,,,,,,False,False,"Public school with no tuition fees; no mentions of material, meal, or after-school costs.",https://www.bildung.berlin.de/schulverzeichnis/Schulportrait.aspx?IDSchulzweig=28842,https://www.bildung.berlin.de/schulverzeichnis/Schulportrait.aspx?IDSchulzweig=28842,2026-01-19T23:19:55.948010
10Y11,Melanchthon-Gymnasium,True,,False,,,,,,,,,"Public school with no tuition charges. Parents may incur costs for materials, school trips, and extracurricular activities.",https://www.bildung.berlin.de/schulverzeichnis/SchulListe.aspx?BezNr=10&BezText=Marzahn-Hellersdorf,https://www.bildung.berlin.de/schulverzeichnis/SchulListe.aspx?BezNr=10&BezText=Marzahn-Hellersdorf,2026-01-19T23:20:11.429259
04P35,Mentora Gymnasium (KEIN Schulbetrieb),True,,True,,,,,,,,,No tuition or fee information publicly available from school website or Berlin education authority profiles.,https://www.bildung.berlin.de/schulverzeichnis/Schulportrait.aspx?IDSchulzweig=+29606,https://www.bildung.berlin.de/schulverzeichnis/Schulportrait.aspx?IDSchulzweig=+29606,2026-01-19T23:20:28.704791
04P24,Moser-Schule - Schweizer Gymnasium,True,,True,,,,,,,,,No tuition information publicly available from school website or Berlin education authority sources.,https://www.moserschule.de,https://www.moserschule.de,2026-01-19T23:20:41.233439
01Y04,Musikgymnasium Carl Philipp Emanuel Bach,True,,False,,,,,,,,,Public school; no tuition fees. Potential costs for materials or trips not detailed in sources.,https://musikgymnasium-berlin.de (school website confirms public status via context),https://musikgymnasium-berlin.de,2026-01-19T23:20:56.764129
10Y02,Otto-Nagel-Gymnasium,True,,False,,,,,,,False,False,Public school; no tuition or fees mentioned in sources. Possible voluntary contributions for activities like trips not detailed.,https://ong.berlin,https://ong.berlin,2026-01-19T23:21:09.468148
07Y04,Paul-Natorp-Gymnasium,True,,False,,,,,,,False,False,Public school; voluntary contribution requested for Lernmittelfonds (learning materials fund). No other fees detailed.,https://www.natorp-gymnasium.de/aktuelles/komplettansicht,https://www.natorp-gymnasium.de/aktuelles/komplettansicht,2026-01-19T23:21:26.352730
06Y07,Paulsen-Gymnasium,True,,False,,,,,,,False,False,Public school (öffentlich); no tuition fees. Potential costs for materials or trips not detailed in sources.,https://www.berlin.de/sen/bildung/schule/bildungswege/uebergang-weiterfuehrende-schule/verzeichnis-weiterfuehrende-schulen.pdf,https://www.berlin.de/sen/bildung/schule/bildungswege/uebergang-weiterfuehrende-schule/verzeichnis-weiterfuehrende-schulen.pdf,2026-01-19T23:21:45.948746
03Y14,Primo-Levi-Gymnasium,True,,False,,,,,,,,,"Primo-Levi-Gymnasium is a public (öffentlich) school in Berlin. Public schools in Berlin do not charge tuition. Parents may incur costs for school materials, field trips, and optional all-day care programs, but specific fee amounts are not published in available sources.",https://www.bildung.berlin.de/schulverzeichnis/Schulportrait.aspx?IDSchulzweig=+29312,https://www.bildung.berlin.de/schulverzeichnis/Schulportrait.aspx?IDSchulzweig=+29312,2026-01-19T23:22:03.914129
04P47,Privates Europa-Gymnasium Berlin,True,,True,,,,,,,,,No tuition or fee details publicly available on school website or search results.,https://www.europa-gymnasium.eu,https://www.europa-gymnasium.eu,2026-01-19T23:22:25.886760
07Y03,Rheingau-Gymnasium,True,,False,,,,,,,False,False,Public school; no tuition or fees mentioned in sources.,https://www.rheingau-gymnasium.de,https://www.rheingau-gymnasium.de,2026-01-19T23:22:38.244068
07Y01,Robert-Blum-Gymnasium,True,,False,,,,,,,,,"Public school in Berlin; tuition information not available from search results. Contact school directly for information about material fees, meal plans, and other costs.",,https://www.robert-blum-schule.de,2026-01-19T23:22:48.895010
03Y16,Robert-Havemann-Gymnasium,True,,False,,,,,,,False,False,"Public school; no tuition fees. Potential minor costs for materials or excursions per Berlin public school standards, but no specific details found.",https://www.berlin.de/sen/bildung/schule/bildungswege/uebergang-weiterfuehrende-schule/wohin_nach_der_grundschule_einfache_sprache.pdf?ts=1732094160,https://www.robert-havemann-gymnasium.de; https://www.berlin.de/sen/bildung/schule/bildungswege/uebergang-weiterfuehrende-schule/wohin_nach_der_grundschule_einfache_sprache.pdf?ts=1732094160,2026-01-19T23:22:59.064359
02Y07,Robert-Koch-Gymnasium,True,,False,,,,,,,False,False,"Public school; no tuition fees. No details on material, trip, or other costs found in sources.",https://www.robert-koch-gymnasium.berlin,https://www.robert-koch-gymnasium.berlin,2026-01-19T23:23:10.910293
12Y07,Romain-Rolland-Gymnasium,True,,False,,,,,,,False,False,Public school; no tuition or fees mentioned. Possible costs for materials or trips not detailed publicly.,https://www.romain-rolland-gymnasium.eu (no fee information found),https://www.romain-rolland-gymnasium.eu,2026-01-19T23:23:29.959749
01Y13,Rosalind-Franklin-Gymnasium,True,,False,,,,,,,False,False,"Public school (öffentlich); no tuition fees. No mentions of material, meal, or after-school costs.",https://www.bildung.berlin.de/schulverzeichnis/Schulportrait.aspx?IDSchulzweig=+29845,https://www.bildung.berlin.de/schulverzeichnis/Schulportrait.aspx?IDSchulzweig=+29845,2026-01-19T23:23:49.767143
03Y10,Rosa-Luxemburg-Gymnasium,True,,False,,,,,,,,,"Rosa-Luxemburg-Gymnasium is a public school in Berlin and does not charge tuition. As a state-funded institution, education is provided at no cost to families. Typical costs may include voluntary contributions for field trips, materials, and cafeteria meals, but specific amounts are not published on the school website.",https://www.rosa-luxemburg-gymnasium.de,https://www.rosa-luxemburg-gymnasium.de,2026-01-19T23:24:07.276583
07Y02,Rückert-Gymnasium,True,,False,,,,,,,False,False,Public school (öffentlich); no tuition fees. Open all-day care (OGB) available but no costs specified.,https://www.bildung.berlin.de/Schulverzeichnis/Schulportrait.aspx?IDSchulzweig=+28532,https://www.bildung.berlin.de/Schulverzeichnis/Schulportrait.aspx?IDSchulzweig=+28532,2026-01-19T23:24:33.272754
10Y08,Sartre-Gymnasium,True,,False,,,,,,,,,"Public gymnasium with no tuition charges. Parents may incur costs for materials, field trips, and optional services such as cafeteria purchases.",https://www.bildung.berlin.de/schulverzeichnis/Schulportrait.aspx?IDSchulzweig=+29373,https://www.bildung.berlin.de/schulverzeichnis/Schulportrait.aspx?IDSchulzweig=+29373,2026-01-19T23:24:52.292651
06Y01,Schadow-Gymnasium,True,,False,,,,,,,,,"Public school with no tuition fees. Families may incur costs for materials, field trips, and cafeteria meals, but specific amounts are not publicly documented.",https://www.bildung.berlin.de/schulverzeichnis/Schulportrait.aspx?IDSchulzweig=+28473,https://www.bildung.berlin.de/schulverzeichnis/Schulportrait.aspx?IDSchulzweig=+28473,2026-01-19T23:25:14.223015
04Y01,Schiller-Gymnasium,True,,False,,,,,,,False,False,"Public school (Öffentlich); no tuition fees. Potential incidental costs (e.g., materials, trips) not specified in sources.",https://sgym.de/ueber-uns/schiller-gymnasium/,https://sgym.de/ueber-uns/schiller-gymnasium/,2026-01-19T23:25:30.789734
12Y06,Schulfarm Insel Scharfenberg,True,,False,,,,,,,False,False,Public school (öffentlich); no tuition fees. Potential incidental costs for materials or trips not detailed in sources.,https://insel-scharfenberg.de,https://www.insel-scharfenberg.de; https://insel-scharfenberg.de,2026-01-19T23:25:46.382723
04Y03,Sophie-Charlotte-Gymnasium,True,,False,,,,,,,False,False,"Public school; no tuition. Possible minor costs for trips (e.g., language travel reimbursements mentioned).",https://www.bildung.berlin.de/schulverzeichnis/Schulportrait.aspx?IDSchulzweig=+29287,https://www.bildung.berlin.de/schulverzeichnis/Schulportrait.aspx?IDSchulzweig=+29287,2026-01-19T23:25:58.601616
10Y01,Tagore-Gymnasium,True,,False,,,,,,,,,"Public school with no tuition fees. Parents may incur costs for materials, school trips, and cafeteria meals.",https://www.berlin.de/sen/bildung/ (Berlin Education Authority),https://www.berlin.de/sen/bildung/; https://www.tagore-gymnasium.de,2026-01-19T23:26:17.650789
12Y08,Thomas-Mann-Gymnasium,True,,False,,,,,,,,,Public school; no tuition fees. Potential costs for materials or trips not specified in sources.,https://www.berlin.de/sen/bildung/schule/bildungswege/uebergang-weiterfuehrende-schule/verzeichnis-weiterfuehrende-schulen.pdf,https://www.berlin.de/sen/bildung/schule/bildungswege/uebergang-weiterfuehrende-schule/verzeichnis-weiterfuehrende-schulen.pdf,2026-01-19T23:26:33.061696
07Y08,Ulrich-von-Hutten-Gymnasium,True,,False,,,,,,,,,"Public school with no tuition fees. Parents may incur costs for materials, field trips, and extracurricular activities.",https://www.bildung.berlin.de/schulverzeichnis/Schulportrait.aspx?IDSchulzweig=+28709,https://www.bildung.berlin.de/schulverzeichnis/Schulportrait.aspx?IDSchulzweig=+28709,2026-01-19T23:26:43.274949
04Y02,Wald-Gymnasium,True,,False,,,,,,,False,False,Public school (Öffentlich); no tuition fees mentioned. Possible incidental costs for materials or trips not detailed in sources.,https://www.waldgymnasium.de,https://www.waldgymnasium.de,2026-01-19T23:27:04.283943
04Y09,Walther-Rathenau-Gymnasium,True,,False,,,,,,,False,False,Public school (öffentlich); no tuition or fees mentioned. Possible voluntary contributions for materials/trips not detailed.,https://www.bildung.berlin.de/schulverzeichnis/Schulportrait.aspx?IDSchulzweig=+28676,https://www.bildung.berlin.de/schulverzeichnis/Schulportrait.aspx?IDSchulzweig=+28676,2026-01-19T23:27:19.148109
06Y05,Werner-von-Siemens-Gymnasium,True,,False,,,,,,,False,False,Public school (öffentlich); no tuition fees mentioned. Potential costs for materials or trips not specified in sources.,https://www.bildung.berlin.de/Schulverzeichnis/Schulportrait.aspx?IDSchulzweig=+28493,https://www.bildung.berlin.de/Schulverzeichnis/Schulportrait.aspx?IDSchulzweig=+28493,2026-01-19T23:27:35.484453
10Y03,Wilhelm-von-Siemens-Gymnasium,True,,False,,,,,,,False,False,Public school; no tuition or fees mentioned in sources,"https://wvsiemens-berlin.de (general site, no fee info)",https://wvsiemens-berlin.de,2026-01-19T23:27:47.203506
06Y12,Willi-Graf-Gymnasium,True,,False,,,,,,,False,False,Public school (Land Berlin); no tuition or fees mentioned. Possible minor costs for materials or trips not detailed.,https://willi-graf-gymnasium.de (official site confirms public ownership via Impressum),https://willi-graf-gymnasium.de,2026-01-19T23:28:02.595347
