schulnummer,scraped_schueler,scraped_lehrer,scraped_sprachen,scraped_bezirk,scraped_abitur,scraped_traegerschaft,scraped_gruendungsjahr,scraped_besonderheiten,data_source
11K17,,,,,,Öffentlich,,,
03P37,,,"Englisch, Deutsch",,,Privat,2007.0,"Bilinguale Bildung (Deutsch/Englisch), Vielfalt, Projektbasiertes Lernen, kreatives und kritisches Denken.",gemini_website
10K15,,,,,,Öffentlich,,"Individuelles Lernen in Lernbüros, rhythmisierter Ganztag, Berufsorientierung, Erasmus+ Schule",gemini_website
01S06,570.0,,,,,Öffentlich,,"Grundschule & Förderzentrum. Sport- & Kultur Ganztagsangebot mit ALBA BERLIN. Schwerpunkte: Museum, Musik, Theater.",gemini_website
04P40,,,,,,Privat,,"IB-Programm, Fokus auf ganzheitliche Entwicklung, Wohlbefinden und globales Denken",gemini_website
01P16,,,"Mandarin, Spanisch",,,Privat,,"K-12 (IBDP, IGCSE, MSA), Apple-Technologie, 75 Clubs (After School Program), umfassende Schülerbetreuung",gemini_website
09P09,,,Englisch,,,Privat,1991.0,"Wege zum Abitur (ISS/Gymnasium), Fachabitur (Wirtschaft/Sozialpädagogik)",gemini_website
01P06,929.0,,,,,Privat,1925.0,"Christlich-humanistisch, Ganztag, Digital-Leadership-Education, Begabungsförderung, handyfrei",gemini_website
04S05,,,,,,Öffentlich,,"Sonderpädagogisches Förderzentrum ""Hören und Kommunikation"", bilingual Laut- und Gebärdensprache",gemini_website
04P05,,,,,,Privat,,"Grund- und Sekundarschule (ISS) mit offener Ganztagsbetreuung (Hort); evangelisches Profil, Berufsorientierung",gemini_website
08P03,,,,,,Privat,,"Integrierte Sekundarschule mit gymnasialer Oberstufe, christliches Profil, offen für alle Konfessionen.",gemini_website
10P12,,,,,,Privat,,,
05P03,,,,,,Privat,,"Soziales Lernen, familiäre Schulatmosphäre, Gymnasiale Oberstufe 'Schule ohne Grenzen'",gemini_website
06P12,,,,,,Privat,,"Digitale Bildung (Fobizz-Siegel), vielfältige AGs und Sportkurse, Evangelische Religionslehre",gemini_website
04P15,,,,,,Privat,,"Reformpädagogischer Prägung, Erkenntnisse von Juul, Montessori, Piaget und Wild",gemini_website
03P13,,,"Englisch, Spanisch, Französisch",,,Privat,,"Alternative Schule in freier Trägerschaft, Fokus auf Freiwilligkeit und Selbstbestimmung",gemini_website
04P23,,60.0,"Deutsch, Hebräisch, Englisch",,,Privat,,"Säkulare und jüdische Erziehung, kleine Klassen, Englisch ab Klasse 1, jüdisches Fundament, internat. Gemeinschaft",gemini_website
01P03,550.0,,Hebräisch,,,Privat,1993.0,"Jüdisches Profil, Hebräisch, Religionslehre, koscheres Mittagessen, integrierte Sekundarschule",gemini_website
12P04,,,Englisch,,,Privat,,Musikbetonung; Integrierte Sekundarschule (ISS) und Gymnasium; christliches Menschenbild,gemini_website
07P01,,,"Englisch, Französisch, Spanisch",,,Privat,,"Bilingualer Unterricht (Englisch), katholische Prägung, Musikprojekte, Wahlpflichtfächer, Kooperationen",gemini_website
08P04,,,,,,Privat,,Integrierte Sekundarschule & Gymnasium; christlicher Geist; Mint-Projekt; Schülerfirma,gemini_website
06P06,950.0,,,,,Privat,1811.0,"Montessoriklasse, UNESCO-Projektschule, Umweltschule in Europa, biozertifizierte Küche",gemini_website
12P14,,,,,,Privat,,"Montessori-Pädagogik, Kita-Plätze",gemini_website
09P21,,,,,,Privat,,,gemini_website
03P45,,,,,,Privat,,,gemini_website
06S01,,,,,,Öffentlich,,"Inklusive Grundschule, Sonderpädagogisches Förderzentrum, Außenklassen für emotionale/soziale Entwicklung.",gemini_website
12P07,,,"Deutsch, Russisch, Englisch",,,Privat,2009.0,Erste deutsch-russisch-englische Grundschule in Berlin,gemini_website
06P11,,,"Englisch, Französisch, Spanisch",,,Privat,,"Wirtschaftswissenschaften in Englisch als Leistungskurs (Alleinstellungsmerkmal in Berlin), Ganztagsschule, individuelle Förderung.",gemini_website
04P42,,,"Englisch, Deutsch",,,Privat,,"IB World School (PYP/IBDP), zweisprachiger Unterricht (D/E), Ganztagsschule, Fokus Internationalität",gemini_website
11S05,,,,,,Öffentlich,,,
01P49,,,,,,Privat,,"Individuelle & sprachliche Förderung, Beziehungsarbeit, Berufsorientierung, interkulturelles Lernen, Digitalisierung",gemini_website
05S01,,,,,,Öffentlich,,,
08S08,,,,,,Öffentlich,,"Ganztagsschule mit sonderpädagogischen Förderschwerpunkten: Sprache, Körperliche u. motorische Entwicklung, Geistige Entwicklung",gemini_website
10S07,,,,,,Öffentlich,,"Förderschwerpunkte Lernen, geistige Entwicklung, Autismus; 4 Schülerfirmen; eFöB; Schulstation",gemini_website
08S04,,,,,,Öffentlich,,,
09S06,,,,,,Öffentlich,,Förderschwerpunkte „Lernen“ und „Geistige Entwicklung“,gemini_website
01S01,,,,,,Öffentlich,,"Förderschwerpunkt ""Lernen""",gemini_website
08S09,60.0,15.0,,,,Öffentlich,,"Kleine Klassen, individuelle Förderung, hundgestützte Schulsozialarbeit, moderne IT-Ausstattung (Berliner Schule 2.0)",gemini_website
03P03,,,,,,Privat,,"Christliche Werte, biblische Grundlage, Persönlichkeitsentwicklung, familiäre Atmosphäre",gemini_website
03B08,,,,,,Öffentlich,,,
05P19,,,"Deutsch, Englisch",,,Privat,,"Zweisprachig (DE/EN) vom Kindergarten bis Abitur/IBDP, Ganztagskonzept, Technologieeinsatz",gemini_website
03P24,50.0,7.0,,,,Privat,,"Freie Demokratische Schule; Fokus auf Eigenverantwortung, Partizipation, selbstbestimmtes Lernen, wöchentliche Schulversammlung",gemini_website
07A44,,,,,,Öffentlich,,,
12S05,,,,,,Öffentlich,,Spezialisiert auf Schüler mit psychiatrischen Erkrankungen (Klassen 1-10).,gemini_website
05P13,,,,,,Privat,,"Schulprojekt Tansania, Jugend trainiert, Berufsinformationsmesse, internat. Projekt-Olympiade",gemini_website
12A44,375.0,,,,,Öffentlich,2024.0,Willkommensklassen für Kinder im Ankunftszentrum TXL; Fokus auf Deutschkenntnisse & Integration.,gemini_website
09Y12,,,"Englisch, Französisch, Spanisch",,,Öffentlich,2023.0,"Offene Ganztagsschule, Teilungsunterricht NW/ITG, LRS-Förderung, saniertes denkmalgeschütztes Gebäude",gemini_website
11Y12,,,,,,Öffentlich,,Schule als Lern- und Lebensraum,gemini_website
10Y12,,,"Englisch, Spanisch, Französisch, Latein",,,Öffentlich,2026.0,"Schwerpunkte: Nachhaltigkeit, Gemeinwohl, Demokratiebildung. Projektorientierter Unterricht, Compartment-Gebäude.",gemini_website
06P18,,,,,,Privat,,,
01P22,,,"Deutsch, Englisch",,,Privat,,"IB World School, bilinguale Bildung, Outdoor-Lernen, Wetterstation, Fokus auf Demokratie",gemini_website
01P18,950.0,,"Deutsch, Englisch",,,Privat,2006.0,"Bilinguales (Deutsch-Englisch), zukunftsorientiertes Ganztagskonzept mit Fokus auf Zukunftskompetenzen.",gemini_website
12P03,,,,,,Privat,,"Evangelische Religionslehre als ordentliches Fach, Fobizz-Siegel (digitale Bildung), Faire Schule (Anti-Mobbing)",gemini_website
09P07,,,,,,Privat,2005.0,"Christliches Menschenbild, Bildung auf Grundlage des Evangeliums",gemini_website
04P11,,,"Englisch, Französisch, Latein, Altgriechisch",,,Privat,,"Ältestes Gymnasium Berlins (humanistisch-evangelisch), Fokus auf alte Sprachen, Naturwiss., Sport (Rudern/Hockey).",gemini_website
01Y07,810.0,115.0,"Französisch, Englisch, Spanisch, Latein, Altgriechisch",,,Öffentlich,,"Ältestes französisches Gymnasium weltweit, internationale & mehrsprachige Erziehung, Abibac, Erasmus+",gemini_website
06P20,,,Englisch,,,Privat,,"Individuelles Coaching, Eigenverantwortung, soziale Kompetenzen, bilingual (deutsch-englisch), Ganztag",gemini_website
04Y11,,,,,,Öffentlich,,"Humanistisches Gymnasium (altsprachlicher Bildungsgang ab Kl. 5), offener Ganztag, Projekttage",gemini_website
04P35,,,,,,Privat,,,
04P04,,,,,,Privat,1926.0,"Christliches Menschenbild, Erfahrungs- und Lebensraum, individuelle Förderung",gemini_website
03P10,,,Französisch,,,Privat,1896.0,"Katholische Schule mit Schulpastoral, Schulpastoralaktion, Cinéfête, Klima AG, EU-Wettbewerbe",gemini_website
04P24,,,"Deutsch, Französisch, Englisch",,,Privat,1961.0,"Deutsch-Französisch-Englische Ausrichtung, Immersionsunterricht, AbiBac, Sozialpädagogik/Schulpsychologie",gemini_website
01Y13,,,,,,Öffentlich,,,
01Y04,,,,,,Öffentlich,1949.0,"Musikalischer Schwerpunkt, Vorbereitung auf Musikstudium, Meisterkurse, Unterricht durch Hochschullehrkräfte",gemini_website
04P47,,,"Englisch, Französisch, Spanisch, Chinesisch",,,Privat,,"Individuelle Förderung, bilinguale (DE/EN) und internationale Ausrichtung, kleine Klassen, Mandarin, Kultur.",gemini_website
