school_id,name,district,city,school_type,actual,predicted,residual,confidence,contrib_transit_accessibility,contrib_catchment_avg_rent,contrib_catchment_foreigner_pct,contrib_crime_safety_rank,contrib_catchment_vacancy_rate
hamburg_5831-0,Gymnasium Blankenese,Altona,hamburg,Gymnasium,2.0,1.924,0.076,0.754,-0.3107,-0.3254,0.0456,-0.1258,0.1458
hamburg_5831-1,Gymnasium Blankenese,Altona,hamburg,Gymnasium,2.0,1.924,0.076,0.754,-0.3107,-0.3254,0.0456,-0.1258,0.1458
hamburg_5291-0,Campus HafenCity,Hamburg-Mitte,hamburg,Stadtteilschule_Gymnasium,,1.926,,0.659,-0.3728,-0.3234,0.1685,-0.1049,0.0647
hamburg_5891-0,Gymnasium Othmarschen,Altona,hamburg,Gymnasium,2.0,1.949,0.051,0.755,-0.2692,-0.3322,0.0563,-0.1167,0.1172
hamburg_5887-0,Gymnasium Hochrad,Altona,hamburg,Gymnasium,2.11,1.954,0.156,0.754,-0.2485,-0.3458,0.0611,-0.1167,0.1102
hamburg_3233-0,Bugenhagen-Schule im Hessepark (Stadtteilschule),Altona,hamburg,Stadtteilschule,,1.961,,0.773,-0.2692,-0.3304,0.0464,-0.1258,0.1453
hamburg_8007-0,Joseph-Carlebach-Schule (Stadtteilschule),Eimsbüttel,hamburg,Stadtteilschule,,1.992,,0.771,-0.3728,-0.3103,0.0774,-0.0896,0.1934
hamburg_5844-0,Gymnasium Eppendorf,Hamburg-Nord,hamburg,Gymnasium,2.0,2.002,-0.002,0.764,-0.3107,-0.3225,0.0342,-0.0841,0.1904
hamburg_5872-0,Wilhelm-Gymnasium,Eimsbüttel,hamburg,Gymnasium,2.07,2.011,0.059,0.789,-0.2278,-0.3963,0.0553,-0.0987,0.1847
hamburg_5071-1,Ida Ehre Schule,Hamburg-Nord,hamburg,Stadtteilschule,,2.02,,0.788,-0.3107,-0.2843,0.0484,-0.1306,0.2035
hamburg_5077-0,Stadtteilschule Blankenese,Altona,hamburg,Stadtteilschule,,2.023,,0.814,-0.2692,-0.2948,0.0671,-0.1258,0.1518
hamburg_5806-0,Gymnasium Rotherbaum,Eimsbüttel,hamburg,Gymnasium,2.0,2.023,-0.023,0.775,-0.3728,-0.2727,0.0643,-0.0896,0.1996
hamburg_5090-0,Grund- und Stadtteilschule Eppendorf,Hamburg-Nord,hamburg,Stadtteilschule,,2.026,,0.788,-0.2692,-0.3034,0.0315,-0.1306,0.2033
hamburg_8001-0,Internationale Schule,Altona,hamburg,Gymnasium,,2.033,,0.732,-0.2692,-0.2562,0.0877,-0.0862,0.0629
hamburg_5649-0,Stadtteilschule Rissen,Altona,hamburg,Stadtteilschule,,2.05,,0.814,-0.3107,-0.213,0.08,-0.1216,0.1213
hamburg_5809-0,Gymnasium Rissen,Altona,hamburg,Gymnasium,2.0,2.05,-0.05,0.814,-0.3107,-0.213,0.08,-0.1216,0.1213
hamburg_5071-0,Ida Ehre Schule,Eimsbüttel,hamburg,Stadtteilschule,,2.052,,0.795,-0.3107,-0.2843,0.0484,-0.0987,0.2035
hamburg_5813-0,Christianeum,Altona,hamburg,Gymnasium,2.02,2.052,-0.032,0.76,-0.1864,-0.341,0.0764,-0.1167,0.1257
hamburg_5864-0,Helene-Lange-Gymnasium,Eimsbüttel,hamburg,Gymnasium,2.11,2.053,0.057,0.796,-0.3107,-0.2856,0.0508,-0.0987,0.2029
hamburg_5841-0,Marion Dönhoff Gymnasium,Altona,hamburg,Gymnasium,2.13,2.059,0.071,0.792,-0.2278,-0.2472,0.0491,-0.1258,0.1162
hamburg_5850-0,Gymnasium Oberalster,Wandsbek,hamburg,Gymnasium,1.94,2.071,-0.131,0.782,-0.2278,-0.2079,0.0489,-0.1279,0.0918
hamburg_5090-2,Grund- und Stadtteilschule Eppendorf,Hamburg-Nord,hamburg,Stadtteilschule,,2.072,,0.779,-0.2692,-0.3034,0.0315,-0.0841,0.2033
hamburg_5863-0,Emilie-Wüstenfeld-Gymnasium,Eimsbüttel,hamburg,Gymnasium,2.24,2.072,0.168,0.699,-0.3728,-0.2777,0.0553,-0.0299,0.2025
hamburg_5863-1,Emilie-Wüstenfeld-Gymnasium,Eimsbüttel,hamburg,Gymnasium,2.24,2.072,0.168,0.699,-0.3728,-0.2777,0.0553,-0.0299,0.2025
berlin_06K09,Gail-S.-Halvorsen-Integrierte Sekundarschule,Steglitz-Zehlendorf,berlin,ISS,,2.073,,0.795,-0.2568,-0.2277,0.1235,-0.1369,0.0769
hamburg_5886-0,Gelehrtenschule des Johanneums,Hamburg-Nord,hamburg,Gymnasium,2.06,2.075,-0.015,0.707,-0.3107,-0.313,0.0385,-0.034,0.2002
hamburg_5810-0,Albert-Schweitzer-Gymnasium,Hamburg-Nord,hamburg,Gymnasium,2.1,2.079,0.021,0.851,-0.3728,-0.2096,0.109,-0.1021,0.1608
hamburg_5888-0,Heilwig-Gymnasium,Hamburg-Nord,hamburg,Gymnasium,2.26,2.083,0.177,0.831,-0.2692,-0.2527,0.0214,-0.1091,0.1987
berlin_12P03,Evangelische Schule Frohnau,Reinickendorf,berlin,Gymnasium,,2.086,,0.796,-0.2568,-0.1506,0.0513,-0.1341,0.0816
berlin_10K13,Integrierte Sekundarschule Mahlsdorf,Marzahn-Hellersdorf,berlin,ISS,,2.089,,0.815,-0.3024,-0.1376,0.0618,-0.1334,0.1068
hamburg_5655-0,Stadtteilschule Stellingen,Eimsbüttel,hamburg,Stadtteilschule,,2.09,,0.794,-0.3728,-0.2324,0.0797,-0.0792,0.2008
hamburg_5896-0,Gymnasium Ohlstedt,Wandsbek,hamburg,Gymnasium,2.33,2.094,0.236,0.763,-0.1988,-0.2543,0.1051,-0.1369,0.0848
hamburg_3220-0,Sophie-Barat-Schule,Eimsbüttel,hamburg,Gymnasium,1.87,2.108,-0.238,0.702,-0.3728,-0.3549,0.2405,-0.0896,0.1906
hamburg_5868-0,Gymnasium Lerchenfeld,Hamburg-Nord,hamburg,Gymnasium,2.39,2.109,0.281,0.853,-0.3107,-0.2548,0.0886,-0.107,0.1988
hamburg_3227-0,Katholische Stadtteilschuloberstufe Nord-West an der Sophie-Barat-Schule,Eimsbüttel,hamburg,Stadtteilschule,,2.11,,0.684,-0.3728,-0.3687,0.2567,-0.0896,0.1899
berlin_05Y03,Hans-Carossa-Gymnasium,Spandau,berlin,Gymnasium,2.2,2.113,0.087,0.63,-0.0911,-0.2438,0.0367,-0.132,0.0492
hamburg_8301-0,Jenisch-Gymnasium,Altona,hamburg,Gymnasium,2.33,2.114,0.216,0.66,-0.145,-0.28,0.0901,-0.0862,0.0411
hamburg_8102-0,Rudolf-Steiner-Schule Nienstedten,Altona,hamburg,Stadtteilschule,,2.115,,0.66,-0.087,-0.3203,0.065,-0.1348,0.0982
hamburg_5418-0,Bildungszentrum für Blinde und Sehbehinderte,Hamburg-Nord,hamburg,Stadtteilschule,,2.119,,0.72,-0.3107,-0.2765,0.039,-0.034,0.2067
hamburg_5418-1,Bildungszentrum für Blinde und Sehbehinderte,Hamburg-Nord,hamburg,Stadtteilschule,,2.119,,0.72,-0.3107,-0.2765,0.039,-0.034,0.2067
hamburg_5145-0,Elbschule Bildungszentrum Hören und Kommunikation,Altona,hamburg,Stadtteilschule,,2.125,,0.893,-0.2692,-0.2717,0.1181,-0.1167,0.1704
hamburg_5659-0,Stadtteilschule Flottbek,Altona,hamburg,Stadtteilschule,,2.125,,0.83,-0.2692,-0.2628,0.1538,-0.1313,0.1406
hamburg_5062-0,Heinrich-Hertz-Schule,Hamburg-Nord,hamburg,Stadtteilschule_Gymnasium,,2.127,,0.725,-0.3107,-0.2668,0.0385,-0.034,0.2062
hamburg_7924-0,OKO Private School Talent-Schule Hamburg,Hamburg-Nord,hamburg,Gymnasium,,2.129,,0.745,-0.3728,-0.2038,0.049,-0.0417,0.2042
hamburg_5052-0,Ilse-Löwenstein-Schule,Hamburg-Nord,hamburg,Stadtteilschule,,2.132,,0.797,-0.2692,-0.2781,0.0546,-0.0688,0.1993
hamburg_5052-1,Ilse-Löwenstein-Schule,Hamburg-Nord,hamburg,Stadtteilschule,,2.132,,0.797,-0.2692,-0.2781,0.0546,-0.0688,0.1993
hamburg_8012-0,August-Hermann-Francke-Schule Uhlenhorst,Hamburg-Nord,hamburg,Stadtteilschule,,2.132,,0.805,-0.3107,-0.2511,0.0714,-0.0688,0.1965
hamburg_8020-0,ahfs Christliches Gymnasium Uhlenhorst,Hamburg-Nord,hamburg,Gymnasium,,2.134,,0.807,-0.3107,-0.2496,0.0727,-0.0688,0.1963
hamburg_5053-0,Albert-Schweitzer-Schule,Hamburg-Nord,hamburg,Stadtteilschule,,2.135,,0.866,-0.2692,-0.2271,0.0964,-0.1021,0.1434
hamburg_5069-0,Irena-Sendler-Schule,Wandsbek,hamburg,Stadtteilschule,,2.135,,0.771,-0.1657,-0.2435,0.057,-0.132,0.1252
hamburg_3219-0,Sankt-Ansgar-Schule,Hamburg-Mitte,hamburg,Gymnasium,2.27,2.135,0.135,0.844,-0.3728,-0.2197,0.1678,-0.1202,0.1854
hamburg_3226-0,Katholische Stadtteilschuloberstufe Nord-Ost an der Sankt-Ansgar-Schule,Hamburg-Mitte,hamburg,Stadtteilschule,,2.135,,0.844,-0.3728,-0.2197,0.1678,-0.1202,0.1854
nrw_158641,Städt. Realschule Benrath,Bezirk 10,nrw,Realschule,,2.139,,0.782,-0.3107,-0.1982,0.1812,-0.1369,0.1093
nrw_164343,Städt. Schloß-Gymnasium Benrath - Sekundarstufe I und II -,Bezirk 10,nrw,Gymnasium,,2.139,,0.782,-0.3107,-0.1982,0.1812,-0.1369,0.1093
nrw_199916,Städtische Gesamtschule Stettiner Straße -Sekundarstufe I und II-,Bezirk 10,nrw,Gesamtschule,,2.139,,0.782,-0.3107,-0.1982,0.1812,-0.1369,0.1093
hamburg_5842-0,Gymnasium Hoheluft,Eimsbüttel,hamburg,Gymnasium,2.38,2.14,0.24,0.809,-0.2071,-0.2657,0.0393,-0.1272,0.2064
nrw_100187,Städt. Gymnasium Bernburger Straße,Bezirk 8,nrw,Gymnasium,,2.14,,0.783,-0.3107,-0.1982,0.1812,-0.1362,0.1093
nrw_158616,Städtische Toni-Turek-Realschule - Sekundarstufe I -,Bezirk 5,nrw,Realschule,,2.14,,0.784,-0.3107,-0.1982,0.1812,-0.1355,0.1093
nrw_164100,Städtische Dieter-Forte-Gesamtschule - Sekundarstufen I und II -,Bezirk 8,nrw,Gesamtschule,,2.14,,0.783,-0.3107,-0.1982,0.1812,-0.1362,0.1093
nrw_164495,Städt. Max-Planck-Gymnasium,Bezirk 5,nrw,Gymnasium,,2.14,,0.784,-0.3107,-0.1982,0.1812,-0.1355,0.1093
nrw_164525,Städt. Georg-Büchner-Gymnasium Sekundarstufen I und II,Bezirk 5,nrw,Gymnasium,,2.14,,0.784,-0.3107,-0.1982,0.1812,-0.1355,0.1093
nrw_193770,Städt. Georg-Schulhoff-Realschule - Sekundarstufe I -,Bezirk 7,nrw,Realschule,,2.14,,0.784,-0.3107,-0.1982,0.1812,-0.1355,0.1093
nrw_100185,Élise Freinet Gesamtschule Schule der Sekundarstufe I + II,Bezirk 4,nrw,Gesamtschule,,2.141,,0.784,-0.3107,-0.1982,0.1812,-0.1348,0.1093
nrw_136566,Wilhelm-Ferdinand-Schüßler-Tagesschule Städt. Gemeinschaftshauptschule Sekundarstufe I,Bezirk 6,nrw,Hauptschule,,2.141,,0.784,-0.3107,-0.1982,0.1812,-0.1348,0.1093
nrw_164434,Städt. Comenius-Gymnasium,Bezirk 4,nrw,Gymnasium,,2.141,,0.784,-0.3107,-0.1982,0.1812,-0.1348,0.1093
nrw_164537,Städt. Friedrich-Rückert-Gymnasium - Sekundarstufen I und II -,Bezirk 6,nrw,Gymnasium,,2.141,,0.784,-0.3107,-0.1982,0.1812,-0.1348,0.1093
berlin_06Y03,Arndt-Gymnasium Dahlem,Steglitz-Zehlendorf,berlin,Gymnasium,1.79,2.142,-0.352,0.776,-0.1947,-0.2219,0.1274,-0.1369,0.0739
nrw_100015,Städt. Wim-Wenders-Gymnasium Sekundarstufe I und II,,nrw,Gymnasium,,2.142,,0.786,-0.3107,-0.1982,0.1812,-0.1334,0.1093
nrw_136323,Städtische Katholische Hauptschule,Bezirk 9,nrw,Hauptschule,,2.142,,0.785,-0.3107,-0.1982,0.1812,-0.1341,0.1093
nrw_158550,Städt. Werner-von-Siemens-Realschule,Bezirk 2,nrw,Realschule,,2.142,,0.785,-0.3107,-0.1982,0.1812,-0.1341,0.1093
nrw_158598,Anne-Frank-Realschule Städt. Schule der Sekundarstufe I,Bezirk 2,nrw,Realschule,,2.142,,0.785,-0.3107,-0.1982,0.1812,-0.1341,0.1093
nrw_158690,Benzenberg-Realschule Städt. Realschule für Jungen und Mädchen,Bezirk 9,nrw,Realschule,,2.142,,0.785,-0.3107,-0.1982,0.1812,-0.1341,0.1093
nrw_164306,Erzbischöfliches Suitbertus-Gymnasium Staatl.gen.priv.Gymnasium d.Erzbistums Köln f.Jungen u. Mädchen  - Sek.I u.II -,,nrw,Gymnasium,,2.142,,0.786,-0.3107,-0.1982,0.1812,-0.1334,0.1093
nrw_164318,Städt. Goethe-Gymnasium mit ehemaligem Rethel-Gymnasium  -Sekundarst. I und II- Bilingualer deutsch-englischer Zweig,Bezirk 2,nrw,Gymnasium,,2.142,,0.785,-0.3107,-0.1982,0.1812,-0.1341,0.1093
nrw_164320,Städt. Humboldt-Gymnasium,,nrw,Gymnasium,,2.142,,0.786,-0.3107,-0.1982,0.1812,-0.1334,0.1093
nrw_164355,Annette-von-Droste-Hülshoff-Gymnasium - Sekundarstufen I und II-,Bezirk 9,nrw,Gymnasium,,2.142,,0.785,-0.3107,-0.1982,0.1812,-0.1341,0.1093
nrw_164460,Theodor-Fliedner-Gymnasium Priv. Gymnasium der ev. Kirche im Rheinland,,nrw,Gymnasium,,2.142,,0.786,-0.3107,-0.1982,0.1812,-0.1334,0.1093
nrw_164483,Städt. Lessing-Gymnasium und Städt. Lessing-Berufskolleg Schulen der Sekundarstufen I und II,,nrw,Gymnasium,,2.142,,0.786,-0.3107,-0.1982,0.1812,-0.1334,0.1093
nrw_166558,Städt. Gymnasium Thusneldastraße,,nrw,Gymnasium,,2.142,,0.786,-0.3107,-0.1982,0.1812,-0.1334,0.1093
nrw_166571,Stadt Köln Deutzer Gymnasium Schaurtestraße Sekundarstufen I und II,,nrw,Gymnasium,,2.142,,0.786,-0.3107,-0.1982,0.1812,-0.1334,0.1093
nrw_167060,Stadtgymnasium Köln-Porz - Sekundarstufen I und II -,Porz,nrw,Gymnasium,,2.142,,0.786,-0.3107,-0.1982,0.1812,-0.1334,0.1093
nrw_191863,Städt. Joseph-Beuys-Gesamtschule - Sekundarstufen I und II -,Bezirk 9,nrw,Gesamtschule,,2.142,,0.785,-0.3107,-0.1982,0.1812,-0.1341,0.1093
nrw_192545,Freie Christl. Gesamtschule Düsseldorf Priv.staatl.gen.ev.ErsatzschuleSek Iu.II d.Rhein.-Berg.Verein Fr. Christl.Schulen,Bezirk 9,nrw,Gesamtschule,,2.142,,0.785,-0.3107,-0.1982,0.1812,-0.1341,0.1093
nrw_199606,Städt. Maria-Montessori-Gesamtschule - Schule der Sekundarstufen I und II -,Bezirk 2,nrw,Gesamtschule,,2.142,,0.785,-0.3107,-0.1982,0.1812,-0.1341,0.1093
nrw_990001,International School of Düsseldorf,,nrw,Internationale Schule,,2.142,,0.786,-0.3107,-0.1982,0.1812,-0.1334,0.1093
berlin_03P24,Ting-Schule (Integrierte Sekundarschule),Pankow,berlin,ISS,,2.143,,0.815,-0.3687,-0.0898,0.0484,-0.1355,0.1941
nrw_100205,Gymnasium Nippes im Toni-Steingass-Park,Nippes,nrw,Gymnasium,,2.143,,0.787,-0.3107,-0.1982,0.1812,-0.1327,0.1093
nrw_140867,Städt. Gem. Hauptschule Bilderstöckchen,Nippes,nrw,Hauptschule,,2.143,,0.787,-0.3107,-0.1982,0.1812,-0.1327,0.1093
nrw_160120,Edith-Stein-Realschule Städt. Realschule,Nippes,nrw,Realschule,,2.143,,0.787,-0.3107,-0.1982,0.1812,-0.1327,0.1093
nrw_160131,Peter-Ustinov-Schule Städt. Realschule - Sekundarstufe I -,Nippes,nrw,Realschule,,2.143,,0.787,-0.3107,-0.1982,0.1812,-0.1327,0.1093
nrw_166443,Leonardo-da-Vinci-Gymnasium Köln-Nippes der Stadt Köln Sekundarstufen I und II,Nippes,nrw,Gymnasium,,2.143,,0.787,-0.3107,-0.1982,0.1812,-0.1327,0.1093
nrw_166546,Städt. Erich Kästner-Gymnasium - Sekundarstufen I und II -,Nippes,nrw,Gymnasium,,2.143,,0.787,-0.3107,-0.1982,0.1812,-0.1327,0.1093
nrw_158630,Städt. Freiherr-vom-Stein-Realschule - Schule der Sekundarstufe I - Tagesschule,Bezirk 3,nrw,Realschule,,2.144,,0.787,-0.3107,-0.1982,0.1812,-0.132,0.1093
nrw_160090,Stadt Köln Ferdinand-Lassalle-Realschule Sekundarstufe I,Mülheim,nrw,Realschule,,2.144,,0.787,-0.3107,-0.1982,0.1812,-0.132,0.1093
nrw_160106,Elly-Heuss-Knapp-Realschule Städt. Realschule für Jungen und Mädchen,Mülheim,nrw,Realschule,,2.144,,0.787,-0.3107,-0.1982,0.1812,-0.132,0.1093
nrw_160180,Johann-Bendel-Schule Städt. Realschule - Sekundarstufe I -,Mülheim,nrw,Realschule,,2.144,,0.787,-0.3107,-0.1982,0.1812,-0.132,0.1093
nrw_166583,Genoveva-Gymnasium der Stadt Köln Sekundarstufen I und II,Mülheim,nrw,Gymnasium,,2.144,,0.787,-0.3107,-0.1982,0.1812,-0.132,0.1093
nrw_166625,Städt. Hölderlin-Gymnasium,Mülheim,nrw,Gymnasium,,2.144,,0.787,-0.3107,-0.1982,0.1812,-0.132,0.1093
nrw_184287,Heinrich-Böll-Schule Städt. Gesamtschule Köln-Chorweiler - Sekundarstufen I und II -,Chorweiler,nrw,Gesamtschule,,2.144,,0.787,-0.3107,-0.1982,0.1812,-0.132,0.1093
nrw_187604,Freie Waldorfschule in Köln Private Schule eigener Art für Jungen u. Mädchen,Chorweiler,nrw,Waldorfschule,,2.144,,0.787,-0.3107,-0.1982,0.1812,-0.132,0.1093
nrw_189819,Hulda-Pankok-Schule Städt. Gesamtschule - Sekundarstufen I und II -,Bezirk 3,nrw,Gesamtschule,,2.144,,0.787,-0.3107,-0.1982,0.1812,-0.132,0.1093
nrw_195376,Ferdinand Franz Wallraf Gymnasium Staatl. anerkannte Ersatzschule,Mülheim,nrw,Gymnasium,,2.144,,0.787,-0.3107,-0.1982,0.1812,-0.132,0.1093
nrw_197567,Werner Heisenberg Realschule Staatl anerkannte Ersatzschule der Bildung und Perspektive gGmbH,Mülheim,nrw,Realschule,,2.144,,0.787,-0.3107,-0.1982,0.1812,-0.132,0.1093
hamburg_5812-0,Gymnasium Buckhorn,Wandsbek,hamburg,Gymnasium,2.15,2.145,0.005,0.789,-0.1864,-0.1778,0.0287,-0.114,0.1006
nrw_100219,Erzbischöfliche Gesamtschule am Bildungscampus Köln-Kalk in Köln im Aufbau,Kalk,nrw,Gesamtschule,,2.145,,0.789,-0.3107,-0.1982,0.1812,-0.1306,0.1093
nrw_160076,Geschwister-Scholl-Schule Städt. Realschule für Jungen und Mädchen,Ehrenfeld,nrw,Realschule,,2.145,,0.788,-0.3107,-0.1982,0.1812,-0.1313,0.1093
nrw_166650,Kaiserin-Theophanu-Schule Städt. Gymnasium für Jungen und Mädchen,Kalk,nrw,Gymnasium,,2.145,,0.789,-0.3107,-0.1982,0.1812,-0.1306,0.1093
nrw_136359,Dumont-Lindemann-Schule Städt. Gem. Hauptschule,Bezirk 1,nrw,Hauptschule,,2.146,,0.789,-0.3107,-0.1982,0.1812,-0.1299,0.1093
nrw_136440,St.-Benedikt-Schule Städt. Kath. Hauptschule,Bezirk 1,nrw,Hauptschule,,2.146,,0.789,-0.3107,-0.1982,0.1812,-0.1299,0.1093
nrw_158574,Städtische Flora-Realschule - Sekundarstufe I -,Bezirk 1,nrw,Realschule,,2.146,,0.789,-0.3107,-0.1982,0.1812,-0.1299,0.1093
nrw_164380,St. Ursula-Gymnasium Staatl. genehm. Gymnasium f. Jungen und Mädchen des Erzbistums Köln -Sek.I u.II-,Bezirk 1,nrw,Gymnasium,,2.146,,0.789,-0.3107,-0.1982,0.1812,-0.1299,0.1093
nrw_164446,Städt. Görres-Gymnasium - Sekundarstufe I und II - Humanistisches Gymnasium seit 1545,Bezirk 1,nrw,Gymnasium,,2.146,,0.789,-0.3107,-0.1982,0.1812,-0.1299,0.1093
nrw_164501,Städtisches Luisen-Gymnasium - Sekundarstufe I und II -,Bezirk 1,nrw,Gymnasium,,2.146,,0.789,-0.3107,-0.1982,0.1812,-0.1299,0.1093
nrw_100231,Gymnasium Neustadt-Nord,Innenstadt,nrw,Gymnasium,,2.147,,0.79,-0.3107,-0.1982,0.1812,-0.1293,0.1093
nrw_140909,Städtische Katholische Hauptschule,Innenstadt,nrw,Hauptschule,,2.147,,0.79,-0.3107,-0.1982,0.1812,-0.1293,0.1093
nrw_141021,Stadt Köln Städt. Katholische Hauptschule am Rhein Sekundarstufe I,Innenstadt,nrw,Hauptschule,,2.147,,0.79,-0.3107,-0.1982,0.1812,-0.1293,0.1093
nrw_160155,Ursulinenschule Köln Staatl. genehm. Realschule für Mädchen- u. Jungenklassen d. Erzbistums Köln,Innenstadt,nrw,Realschule,,2.147,,0.79,-0.3107,-0.1982,0.1812,-0.1293,0.1093
nrw_160260,Realschule am Rhein Städt. Realschule - Sekundarstufe I -,Innenstadt,nrw,Realschule,,2.147,,0.79,-0.3107,-0.1982,0.1812,-0.1293,0.1093
nrw_166492,Königin-Luise-Schule Städt. Gymnasium für Mädchen und Jungen,Innenstadt,nrw,Gymnasium,,2.147,,0.79,-0.3107,-0.1982,0.1812,-0.1293,0.1093
nrw_166595,Städt. Kaiserin-Augusta-Schule Gymnasium  - Sekundarstufen I und II -,Innenstadt,nrw,Gymnasium,,2.147,,0.79,-0.3107,-0.1982,0.1812,-0.1293,0.1093
nrw_166613,Städt. Friedrich-Wilhelm-Gymnasium,Innenstadt,nrw,Gymnasium,,2.147,,0.79,-0.3107,-0.1982,0.1812,-0.1293,0.1093
nrw_166637,Städt. Hansa-Gymnasium,Innenstadt,nrw,Gymnasium,,2.147,,0.79,-0.3107,-0.1982,0.1812,-0.1293,0.1093
nrw_166704,Erzbischöfliche Ursulinenschule Köln Gymnasium für Mädchen und Jungen,Innenstadt,nrw,Gymnasium,,2.147,,0.79,-0.3107,-0.1982,0.1812,-0.1293,0.1093
nrw_193021,Freie Schule Köln - Gesamtschule (Ersatzschule) besonderer Prägung-Sek.I- des Vereins Freie Schule Köln e.V.,Innenstadt,nrw,Gesamtschule,,2.147,,0.79,-0.3107,-0.1982,0.1812,-0.1293,0.1093
nrw_198912,Stadt Köln igis Köln -Integrierte Gesamtschule Innenstadt  -Sekundarstufen I und II-,Innenstadt,nrw,Gesamtschule,,2.147,,0.79,-0.3107,-0.1982,0.1812,-0.1293,0.1093
berlin_10P12,Freie Schule Berlin Mahlsdorf,Marzahn-Hellersdorf,berlin,ISS,,2.148,,0.837,-0.232,-0.1421,0.0524,-0.1334,0.1093
berlin_12Y05,Georg-Herwegh-Gymnasium,Reinickendorf,berlin,Gymnasium,2.33,2.15,0.18,0.863,-0.2568,-0.1451,0.0595,-0.1341,0.1319
hamburg_5816-0,Walddörfer-Gymnasium,Wandsbek,hamburg,Gymnasium,2.03,2.15,-0.12,0.853,-0.2278,-0.2116,0.0954,-0.114,0.1135
hamburg_5085-0,Stadtteilschule Walddörfer,Wandsbek,hamburg,Stadtteilschule,,2.152,,0.855,-0.2278,-0.2145,0.0998,-0.114,0.1142
hamburg_5085-1,Stadtteilschule Walddörfer,Wandsbek,hamburg,Stadtteilschule,,2.152,,0.855,-0.2278,-0.2145,0.0998,-0.114,0.1142
hamburg_7909-0,Christian Morgenstern Schule und Kindergarten e.V.,Eimsbüttel,hamburg,Stadtteilschule,,2.156,,0.758,-0.3728,-0.2221,0.0891,-0.0299,0.1974
hamburg_8502-0,Zukunftsschule Alsterpalais (Stadtteilschule),Hamburg-Nord,hamburg,Stadtteilschule,,2.156,,0.914,-0.3314,-0.1871,0.1109,-0.1091,0.1789
berlin_12S05,Waldseeschule,Reinickendorf,berlin,ISS,,2.157,,0.856,-0.2568,-0.1312,0.0546,-0.1341,0.13
hamburg_5663-1,Stadtteilschule Hamburg-Mitte,Hamburg-Mitte,hamburg,Stadtteilschule,,2.157,,0.766,-0.3728,-0.2615,0.1542,-0.0493,0.1923
berlin_06Y04,Dreilinden-Gymnasium,Steglitz-Zehlendorf,berlin,Gymnasium,2.29,2.158,0.132,0.804,-0.2071,-0.1563,0.0765,-0.1369,0.0875
hamburg_5297-0,Campus Hebebrandstraße,Hamburg-Nord,hamburg,Stadtteilschule_Gymnasium,,2.159,,0.769,-0.3728,-0.1985,0.0756,-0.034,0.1942
hamburg_5851-0,Gymnasium im Eilbektal,Wandsbek,hamburg,Gymnasium,,2.16,,0.852,-0.3314,-0.1978,0.0863,-0.0917,0.2007
nrw_164161,Gesamtschule Köln-Rodenkirchen - Sekundarstufen I und II -,Rodenkirchen,nrw,Gesamtschule,,2.16,,0.793,-0.29,-0.1982,0.1812,-0.1362,0.1093
nrw_185176,Europaschule Köln Gesamtschule Zollstock - Sekundarstufen I und II -,Rodenkirchen,nrw,Gesamtschule,,2.16,,0.793,-0.29,-0.1982,0.1812,-0.1362,0.1093
nrw_100068,Gesamtschule Berrenrather Straße der Stadt Köln - Sekundarstufen I und II -,Lindenthal,nrw,Gesamtschule,,2.161,,0.794,-0.29,-0.1982,0.1812,-0.1355,0.1093
nrw_100147,Stadt Köln Gymnasium Müngersdorf Sekundarstufen I und II,Lindenthal,nrw,Gymnasium,,2.161,,0.794,-0.29,-0.1982,0.1812,-0.1355,0.1093
nrw_160179,Theodor-Heuss-Schule Städt. Realschule,Lindenthal,nrw,Realschule,,2.161,,0.794,-0.29,-0.1982,0.1812,-0.1355,0.1093
nrw_166467,"Erzbischöfliche Liebfrauenschule Köln Staatl.genehm.Ersatzschule d.Erzbistums Köln,Gym.f.Jungen u.Mädchen-Sek.I u.II-",Lindenthal,nrw,Gymnasium,,2.161,,0.794,-0.29,-0.1982,0.1812,-0.1355,0.1093
nrw_166716,Hildegard-von-Bingen-Gymnasium Sekundarstufe I und II,Lindenthal,nrw,Gymnasium,,2.161,,0.794,-0.29,-0.1982,0.1812,-0.1355,0.1093
hamburg_5079-1,Stadtteilschule Poppenbüttel,Wandsbek,hamburg,Stadtteilschule,,2.162,,0.846,-0.2071,-0.1878,0.0362,-0.1188,0.1452
hamburg_5088-0,Stadtteilschule Winterhude,Hamburg-Nord,hamburg,Stadtteilschule,,2.163,,0.743,-0.3107,-0.2315,0.0382,-0.034,0.2069
nrw_141860,Johann-Amos-Comenius-Schule Städt. Gem. Hauptschule Köln-Porz - Sekundarstufe I -,Porz,nrw,Hauptschule,,2.163,,0.796,-0.29,-0.1982,0.1812,-0.1334,0.1093
nrw_160568,Städt. Wilhelm-Busch-Realschule - Sekundarstufe I -,Porz,nrw,Realschule,,2.163,,0.796,-0.29,-0.1982,0.1812,-0.1334,0.1093
nrw_183040,Städt. Lessing-Gymnasium - Sekundarstufen I und II -,Porz,nrw,Gymnasium,,2.163,,0.796,-0.29,-0.1982,0.1812,-0.1334,0.1093
hamburg_5834-0,Margaretha-Rothe-Gymnasium,Hamburg-Nord,hamburg,Gymnasium,2.26,2.165,0.095,0.782,-0.3728,-0.1824,0.0722,-0.0417,0.1957
nrw_100071,Gesamtschule Dellbrücker Mauspfad - Sekundarstufe I und II -,Mülheim,nrw,Gesamtschule,,2.165,,0.798,-0.29,-0.1982,0.1812,-0.132,0.1093
nrw_141070,Städt. Gem. Hauptschule Tiefentalstr.,Mülheim,nrw,Hauptschule,,2.165,,0.798,-0.29,-0.1982,0.1812,-0.132,0.1093
nrw_160210,Bertha-von-Suttner-Schule Städt. Realschule - Sekundarstufe I -,Ehrenfeld,nrw,Realschule,,2.165,,0.799,-0.29,-0.1982,0.1812,-0.1313,0.1093
nrw_166662,Städt. Albertus-Magnus-Gymnasium - Sekundarstufen I und II -,Ehrenfeld,nrw,Gymnasium,,2.165,,0.799,-0.29,-0.1982,0.1812,-0.1313,0.1093
nrw_183726,Gesamtschule Köln-Holweide - Sekundarstufen I und II -,Mülheim,nrw,Gesamtschule,,2.165,,0.798,-0.29,-0.1982,0.1812,-0.132,0.1093
nrw_187902,Städt. Max-Ernst-Gesamtschule - Sekundarstufen I und II -,Ehrenfeld,nrw,Gesamtschule,,2.165,,0.799,-0.29,-0.1982,0.1812,-0.1313,0.1093
nrw_160192,Albert-Schweitzer-Schule Städtische Realschule für Jungen und Mädchen,Kalk,nrw,Realschule,,2.166,,0.799,-0.29,-0.1982,0.1812,-0.1306,0.1093
nrw_160209,Käthe-Kollwitz-Schule Städt. Realschule für Jungen und Mädchen,Kalk,nrw,Realschule,,2.166,,0.799,-0.29,-0.1982,0.1812,-0.1306,0.1093
nrw_184858,Städt. Heinrich-Heine-Gymnasium - Sekundarstufen I und II -,Kalk,nrw,Gymnasium,,2.166,,0.799,-0.29,-0.1982,0.1812,-0.1306,0.1093
berlin_01P16,Berlin Metropolitan School (Integrierte Sekundarschule),Mitte,berlin,ISS,,2.168,,0.791,-0.3935,-0.2076,0.2122,-0.1299,0.1927
berlin_09Y05,Alexander-von-Humboldt-Gymnasium,Treptow-Köpenick,berlin,Gymnasium,2.21,2.168,0.042,0.847,-0.3769,-0.0894,0.0893,-0.1362,0.1867
hamburg_7915-0,Alsterring Gymnasium,Hamburg-Nord,hamburg,Gymnasium,,2.168,,0.782,-0.3728,-0.1804,0.0721,-0.0417,0.1964
hamburg_5846-0,Gymnasium Kaiser-Friedrich-Ufer,Eimsbüttel,hamburg,Gymnasium,2.24,2.177,0.063,0.749,-0.2692,-0.2701,0.0477,-0.0299,0.2045
hamburg_5048-0,Stadtteilschule Bergstedt,Wandsbek,hamburg,Stadtteilschule,,2.178,,0.724,-0.1408,-0.1522,0.0528,-0.1341,0.0582
berlin_06K01,John-F.-Kennedy-Schule,Steglitz-Zehlendorf,berlin,ISS,1.96,2.18,-0.22,0.82,-0.203,-0.1452,0.0665,-0.1369,0.1041
nrw_136505,Städtische Gemeinschaftshauptschule Benrath - Sekundarstufe I -,Bezirk 10,nrw,Hauptschule,,2.18,,0.803,-0.2692,-0.1982,0.1812,-0.1369,0.1093
nrw_165669,Gymnasium Hochdahl Städt. Gymnasium - Sekundarstufen I und II -,Bezirk 10,nrw,Gymnasium,,2.18,,0.803,-0.2692,-0.1982,0.1812,-0.1369,0.1093
nrw_183246,Städt. Realschule Hochdahl - Sekundarstufe I -,Bezirk 10,nrw,Realschule,,2.18,,0.803,-0.2692,-0.1982,0.1812,-0.1369,0.1093
berlin_09K01,Merian-Schule (Integrierte Sekundarschule),Treptow-Köpenick,berlin,ISS,2.43,2.182,0.248,0.84,-0.3065,-0.0879,0.0301,-0.1362,0.1883
nrw_100010,Gymnasium Claudia Agrippina Privat schule als priv.Ersatzsch. d. Sek.I u.II d. CAPS Privatschu gGmbH,Lindenthal,nrw,Gymnasium,,2.182,,0.805,-0.2692,-0.1982,0.1812,-0.1355,0.1093
nrw_100186,Städtische Realschule Borbecker Straße,Bezirk 6,nrw,Realschule,,2.182,,0.806,-0.2692,-0.1982,0.1812,-0.1348,0.1093
nrw_136384,Schule am Eller Forst Städt. Gemeinschaftshauptschule,Bezirk 7,nrw,Hauptschule,,2.182,,0.805,-0.2692,-0.1982,0.1812,-0.1355,0.1093
nrw_158586,Justus-von-Liebig-Realschule Städt. Realschule - Sekundarstufe I -,Bezirk 5,nrw,Realschule,,2.182,,0.805,-0.2692,-0.1982,0.1812,-0.1355,0.1093
nrw_164379,Städt. Marie-Curie-Gymnasium,Bezirk 7,nrw,Gymnasium,,2.182,,0.805,-0.2692,-0.1982,0.1812,-0.1355,0.1093
nrw_164392,"Städtisches Cecilien-Gymnasium - Sek. I und II -  Europaschule Bilingualer Zweig, Montessori-Zweig",Bezirk 4,nrw,Gymnasium,,2.182,,0.806,-0.2692,-0.1982,0.1812,-0.1348,0.1093
nrw_164513,Städt. Gymnasium Gerresheim,Bezirk 7,nrw,Gymnasium,,2.182,,0.805,-0.2692,-0.1982,0.1812,-0.1355,0.1093
nrw_166728,Schiller-Gymnasium Städt. Gymnasium f. Jungen u. Mädchen,Lindenthal,nrw,Gymnasium,,2.182,,0.805,-0.2692,-0.1982,0.1812,-0.1355,0.1093
nrw_166730,Stadt Köln Elisabeth-Thüringen-Gymnasium Sekundarstufen I und II,Lindenthal,nrw,Gymnasium,,2.182,,0.805,-0.2692,-0.1982,0.1812,-0.1355,0.1093
nrw_183088,Städt. Carl-Benz-Realschule Oberkassel - Schule der Sekundarstufe I -,Bezirk 4,nrw,Realschule,,2.182,,0.806,-0.2692,-0.1982,0.1812,-0.1348,0.1093
nrw_198810,Albert-Einstein-Gymnasium Staatl. genehmigte priv.Ersatzschule der Sek.I u.II d. Jüdischen Gemeinde,Bezirk 6,nrw,Gymnasium,,2.182,,0.806,-0.2692,-0.1982,0.1812,-0.1348,0.1093
nrw_136281,Städt. Gem. Hauptschule,Bezirk 2,nrw,Hauptschule,,2.183,,0.806,-0.2692,-0.1982,0.1812,-0.1341,0.1093
nrw_158604,Städt. Thomas-Edison-Realschule - Schule der Sekundarstufe I -,Bezirk 2,nrw,Realschule,,2.183,,0.806,-0.2692,-0.1982,0.1812,-0.1341,0.1093
nrw_188232,Städt. Heinrich-Heine-Gesamtschule - Sekundarstufe I und II -,Bezirk 2,nrw,Gesamtschule,,2.183,,0.806,-0.2692,-0.1982,0.1812,-0.1341,0.1093
nrw_194955,"Freies Christliches Gymnasium,Pr. Evang. Gymnasium,Staatl.genehm.Ersatzschule des Rhein.-Berg. Verein Fr. Christl. Schulen",Bezirk 9,nrw,Gymnasium,,2.183,,0.806,-0.2692,-0.1982,0.1812,-0.1341,0.1093
nrw_990002,Lycée français international Simone Veil,Bezirk 2,nrw,Internationale Schule,,2.183,,0.806,-0.2692,-0.1982,0.1812,-0.1341,0.1093
hamburg_5076-1,Max-Brauer-Schule,Altona,hamburg,Stadtteilschule,,2.184,,0.81,-0.3107,-0.2102,0.0689,-0.0591,0.2005
hamburg_3223-0,Bugenhagen-Schule Alsterdorf (Stadtteilschule),Hamburg-Nord,hamburg,Stadtteilschule,,2.184,,0.917,-0.3314,-0.1839,0.126,-0.1091,0.1882
nrw_100145,Städt. Gymnasium Zusestraße,,nrw,Gymnasium,,2.184,,0.807,-0.2692,-0.1982,0.1812,-0.1334,0.1093
nrw_100208,Sieben Brücken Schule (Gesamtschule) Staatl. genehmigte Ersatzschule i.Aufbau d. Bildungscampus Siebenbrücken gGmbH,,nrw,Gesamtschule,,2.184,,0.807,-0.2692,-0.1982,0.1812,-0.1334,0.1093
nrw_141872,Kopernikusschule Städt. Gem. Hauptschule,Porz,nrw,Hauptschule,,2.184,,0.807,-0.2692,-0.1982,0.1812,-0.1334,0.1093
nrw_160570,Max-Planck-Realschule Städt. Realschule Köln-Porz,Porz,nrw,Realschule,,2.184,,0.807,-0.2692,-0.1982,0.1812,-0.1334,0.1093
nrw_160581,Otto-Lilienthal-Schule Städt. Realschule - Sekundarstufe I -,Porz,nrw,Realschule,,2.184,,0.807,-0.2692,-0.1982,0.1812,-0.1334,0.1093
nrw_164471,Städt. Leibniz-Montessori Gymnasium - Sekundarstufe I und II -,,nrw,Gymnasium,,2.184,,0.807,-0.2692,-0.1982,0.1812,-0.1334,0.1093
nrw_166923,Städt. Georg-Büchner-Gymnasium - Sekundarstufen I und II -,,nrw,Gymnasium,,2.184,,0.807,-0.2692,-0.1982,0.1812,-0.1334,0.1093
nrw_167058,Städt. Maximilian-Kolbe-Gymnasium,Porz,nrw,Gymnasium,,2.184,,0.807,-0.2692,-0.1982,0.1812,-0.1334,0.1093
nrw_184913,Stadt Köln Lise-Meitner-Gesamtschule - Sekundarstufen I und II -,Porz,nrw,Gesamtschule,,2.184,,0.807,-0.2692,-0.1982,0.1812,-0.1334,0.1093
nrw_141082,Stadt Köln Nelson-Mandela-Schule Gemeinschaftshauptschule  -Sek.I-,Mülheim,nrw,Hauptschule,,2.185,,0.809,-0.2692,-0.1982,0.1812,-0.132,0.1093
nrw_164458,Städt. Geschwister-Scholl-Gymnasium - Sekundarstufen I und II -,Bezirk 3,nrw,Gymnasium,,2.185,,0.809,-0.2692,-0.1982,0.1812,-0.132,0.1093
nrw_166455,Rhein-Gymnasium der Stadt Köln - Sekundarstufen I und II -,Mülheim,nrw,Gymnasium,,2.185,,0.809,-0.2692,-0.1982,0.1812,-0.132,0.1093
nrw_166686,Städt. Johann-Gottfried-Herder Gymnasium,Mülheim,nrw,Gymnasium,,2.185,,0.809,-0.2692,-0.1982,0.1812,-0.132,0.1093
nrw_166698,Städt. Dreikönigsgymnasium,Nippes,nrw,Gymnasium,,2.185,,0.808,-0.2692,-0.1982,0.1812,-0.1327,0.1093
nrw_183854,Gustav-Heinemann-Schule Städt. Gem. Hauptschule,Chorweiler,nrw,Hauptschule,,2.185,,0.809,-0.2692,-0.1982,0.1812,-0.132,0.1093
nrw_184937,Städt. Willy-Brandt-Gesamtschule - Sekundarstufen I und II -,Mülheim,nrw,Gesamtschule,,2.185,,0.809,-0.2692,-0.1982,0.1812,-0.132,0.1093
nrw_185255,Städt. Heinrich-Mann-Gymnasium - Sekundarstufen I und II -,Chorweiler,nrw,Gymnasium,,2.185,,0.809,-0.2692,-0.1982,0.1812,-0.132,0.1093
hamburg_5079-0,Stadtteilschule Poppenbüttel,Wandsbek,hamburg,Stadtteilschule,,2.186,,0.837,-0.2071,-0.1878,0.0362,-0.0952,0.1452
nrw_100036,Gesamtschule Helios,Ehrenfeld,nrw,Gesamtschule,,2.186,,0.809,-0.2692,-0.1982,0.1812,-0.1313,0.1093
nrw_160222,Eichendorff-Schule Städt. Realschule für Mädchen und Jungen,Ehrenfeld,nrw,Realschule,,2.186,,0.809,-0.2692,-0.1982,0.1812,-0.1313,0.1093
nrw_166480,Montessori-Gymnasium Städt. Gymnasium für Jungen und Mädchen,Ehrenfeld,nrw,Gymnasium,,2.186,,0.809,-0.2692,-0.1982,0.1812,-0.1313,0.1093
nrw_196459,BilinGO Campus Gesamtschule Sek. I und II DIE Stiftung priv.Schulen gemeinnüt.GmbH,Ehrenfeld,nrw,Gesamtschule,,2.186,,0.809,-0.2692,-0.1982,0.1812,-0.1313,0.1093
nrw_140892,Adolph-Kolping-Schule Städt. Kath. Hauptschule,Kalk,nrw,Hauptschule,,2.187,,0.81,-0.2692,-0.1982,0.1812,-0.1306,0.1093
nrw_158665,Städt. Realschule Friedrichstadt - Sekundarstufe I -,Bezirk 1,nrw,Realschule,,2.187,,0.811,-0.2692,-0.1982,0.1812,-0.1299,0.1093
nrw_188165,Katharina-Henoth-Schule Städt. Gesamtschule - Sekundarstufen I und II -,Kalk,nrw,Gesamtschule,,2.187,,0.81,-0.2692,-0.1982,0.1812,-0.1306,0.1093
nrw_166601,Städt. Gymnasium Kreuzgasse - Sekundarstufen I und II -,Innenstadt,nrw,Gymnasium,,2.188,,0.812,-0.2692,-0.1982,0.1812,-0.1293,0.1093
nrw_166649,Städt. Humboldt-Gymnasium,Innenstadt,nrw,Gymnasium,,2.188,,0.812,-0.2692,-0.1982,0.1812,-0.1293,0.1093
nrw_194402,Michaeli Schule Freie Waldorfschule,Innenstadt,nrw,Waldorfschule,,2.188,,0.812,-0.2692,-0.1982,0.1812,-0.1293,0.1093
hamburg_8113-0,Rudolf-Steiner-Schule Altona,Altona,hamburg,Stadtteilschule,,2.19,,0.807,-0.2692,-0.2294,0.0515,-0.0591,0.2019
berlin_09P09,BEST-Sabel-Oberschule,Treptow-Köpenick,berlin,ISS-Gymnasium,,2.191,,0.877,-0.319,-0.1039,0.0722,-0.1362,0.1832
hamburg_5830-0,Gymnasium Altona,Altona,hamburg,Gymnasium,2.0,2.191,-0.191,0.811,-0.2692,-0.2388,0.0633,-0.0591,0.201
hamburg_5830-1,Gymnasium Altona,Altona,hamburg,Gymnasium,2.0,2.191,-0.191,0.811,-0.2692,-0.2388,0.0633,-0.0591,0.201
berlin_06Y11,Goethe-Gymnasium Lichterfelde,Steglitz-Zehlendorf,berlin,Gymnasium,2.19,2.194,-0.004,0.886,-0.2568,-0.1262,0.068,-0.1369,0.1518
berlin_01Y02,John-Lennon-Gymnasium,Mitte,berlin,Gymnasium,1.96,2.194,-0.234,0.806,-0.3935,-0.1761,0.1958,-0.1299,0.204
hamburg_5076-0,Max-Brauer-Schule,Altona,hamburg,Stadtteilschule,,2.195,,0.798,-0.3107,-0.2102,0.0689,-0.0479,0.2005
hamburg_5662-0,Emil Krause Schule,Hamburg-Nord,hamburg,Stadtteilschule,,2.196,,0.887,-0.3314,-0.1785,0.1098,-0.1001,0.2015
hamburg_5882-0,Gymnasium Bondenwald,Eimsbüttel,hamburg,Gymnasium,2.47,2.197,0.273,0.831,-0.2278,-0.2233,0.0591,-0.066,0.1608
berlin_06Y02,Droste-Hülshoff-Gymnasium,Steglitz-Zehlendorf,berlin,Gymnasium,2.21,2.198,0.012,0.896,-0.2651,-0.1279,0.0731,-0.1369,0.1604
hamburg_5823-0,Gymnasium Corveystraße,Eimsbüttel,hamburg,Gymnasium,2.34,2.198,0.142,0.804,-0.1657,-0.2722,0.0445,-0.0931,0.1903
berlin_01P03,Jüdisches Gymnasium Moses Mendelssohn,Mitte,berlin,ISS-Gymnasium,,2.199,,0.804,-0.3935,-0.1766,0.2052,-0.1299,0.2
hamburg_5802-0,Matthias-Claudius-Gymnasium,Wandsbek,hamburg,Gymnasium,2.33,2.199,0.131,0.791,-0.3728,-0.2096,0.1225,-0.0271,0.1917
berlin_03K03,Konrad-Duden-Schule (Integrierte Sekundarschule),Pankow,berlin,ISS,,2.201,,0.879,-0.261,-0.1059,0.0336,-0.1355,0.176
nrw_100169,Freie Naturschulen Köln - Gesamtschule Staatl. gen. priv. Ersatzschule als Gesamtschule d. Vivimos gUG i. Aufbau,Rodenkirchen,nrw,Gesamtschule,,2.202,,0.815,-0.2485,-0.1982,0.1812,-0.1362,0.1093
nrw_100206,Gymnasium Rondorf,Rodenkirchen,nrw,Gymnasium,,2.202,,0.815,-0.2485,-0.1982,0.1812,-0.1362,0.1093
nrw_160430,Johannes-Gutenberg-Schule Städt. Realschule Köln-Godorf,Rodenkirchen,nrw,Realschule,,2.202,,0.815,-0.2485,-0.1982,0.1812,-0.1362,0.1093
nrw_166560,Priv. Erzbischöfl. Irmgardis-Gymnasium für Jungen und Mädchen,Rodenkirchen,nrw,Gymnasium,,2.202,,0.815,-0.2485,-0.1982,0.1812,-0.1362,0.1093
nrw_166935,Städt. Gymnasium Rodenkirchen für Jungen und Mädchen - Sekundarstufen I und II -,Rodenkirchen,nrw,Gymnasium,,2.202,,0.815,-0.2485,-0.1982,0.1812,-0.1362,0.1093
berlin_09K03,Fritz-Kühn-Schule (Integrierte Sekundarschule),Treptow-Köpenick,berlin,ISS,,2.203,,0.822,-0.1947,-0.145,0.0887,-0.1362,0.0961
berlin_01P22,Berlin Cosmopolitan School,Mitte,berlin,Gymnasium,,2.203,,0.807,-0.3935,-0.1703,0.1997,-0.1299,0.2033
berlin_10Y02,Otto-Nagel-Gymnasium,Marzahn-Hellersdorf,berlin,Gymnasium,1.98,2.203,-0.223,0.844,-0.2113,-0.1569,0.1146,-0.1334,0.0952
nrw_166479,Städt. Apostel-Gymnasium,Lindenthal,nrw,Gymnasium,,2.203,,0.816,-0.2485,-0.1982,0.1812,-0.1355,0.1093
nrw_187410,Rudolf-Steiner-Schule Priv. Schule eigener Art für Jungen u. Mädchen,Bezirk 7,nrw,Waldorfschule,,2.203,,0.816,-0.2485,-0.1982,0.1812,-0.1355,0.1093
berlin_03P45,PepperMont Freie Sekundarschule für ganzheitliches Lernen,Pankow,berlin,ISS,,2.204,,0.848,-0.3728,-0.0916,0.1093,-0.1355,0.2005
hamburg_5665-0,Stadtteilschule Niendorf,Eimsbüttel,hamburg,Stadtteilschule,,2.204,,0.837,-0.2278,-0.2014,0.0356,-0.066,0.1697
hamburg_5665-2,Stadtteilschule Niendorf,Eimsbüttel,hamburg,Stadtteilschule,,2.204,,0.837,-0.2278,-0.2014,0.0356,-0.066,0.1697
hamburg_5663-0,Stadtteilschule Hamburg-Mitte,Hamburg-Mitte,hamburg,Stadtteilschule,,2.206,,0.713,-0.3728,-0.2615,0.1542,-0.0,0.1923
hamburg_7703-0,Privates Gymnasium Brecht,Hamburg-Mitte,hamburg,Gymnasium,1.88,2.206,-0.326,0.66,-0.4142,-0.2686,0.2134,-0.0,0.1817
hamburg_7714-0,Private Stadtteilschule Brecht,Hamburg-Mitte,hamburg,Stadtteilschule,,2.206,,0.66,-0.4142,-0.2686,0.2134,-0.0,0.1817
hamburg_8405-0,Privates Abendgymnasium Brecht,Hamburg-Mitte,hamburg,Gymnasium,,2.206,,0.66,-0.4142,-0.2686,0.2134,-0.0,0.1817
nrw_100041,Gesamtschule Wasseramselweg der Stadt Köln - Sekundarstufen I und II -,Ehrenfeld,nrw,Gesamtschule,,2.207,,0.82,-0.2485,-0.1982,0.1812,-0.1313,0.1093
nrw_100210,Gesamtschule Am Wassermann,Ehrenfeld,nrw,Gesamtschule,,2.207,,0.82,-0.2485,-0.1982,0.1812,-0.1313,0.1093
nrw_100212,Gesamtschule Ossendorf,Ehrenfeld,nrw,Gesamtschule,,2.207,,0.82,-0.2485,-0.1982,0.1812,-0.1313,0.1093
nrw_140960,Städt. Gem. Hauptschule Baadenberger Str.,Ehrenfeld,nrw,Hauptschule,,2.207,,0.82,-0.2485,-0.1982,0.1812,-0.1313,0.1093
nrw_198353,Aktive Schule Köln Hauptschule der gemeinnützigen Gesellschaft ASK mbH Staatlich genehmigte Ersatzschule,Ehrenfeld,nrw,Hauptschule,,2.207,,0.82,-0.2485,-0.1982,0.1812,-0.1313,0.1093
hamburg_5294-0,Campus Kieler Straße,Altona,hamburg,Stadtteilschule_Gymnasium,,2.21,,0.768,-0.3314,-0.2286,0.0968,-0.0236,0.2028
berlin_09Y03,Archenhold-Gymnasium,Treptow-Köpenick,berlin,Gymnasium,2.32,2.212,0.108,0.875,-0.3521,-0.1122,0.1175,-0.1362,0.2007
berlin_04A08,Sportschule im Olympiapark - Poelchau-Schule,Charlottenburg-Wilmersdorf,berlin,ISS,2.19,2.213,-0.023,0.864,-0.2154,-0.1524,0.1064,-0.1313,0.1111
hamburg_5829-0,Gymnasium Ohmoor,Eimsbüttel,hamburg,Gymnasium,2.24,2.213,0.027,0.843,-0.2278,-0.1998,0.0438,-0.066,0.1691
berlin_03Y15,Max-Delbrück-Gymnasium,Pankow,berlin,Gymnasium,2.19,2.215,-0.025,0.917,-0.2361,-0.1371,0.0531,-0.1355,0.1767
hamburg_5866-0,Gymnasium Klosterschule,Hamburg-Mitte,hamburg,Gymnasium,2.27,2.215,0.055,0.686,-0.4142,-0.2404,0.196,-0.0,0.1794
berlin_12K09,Carl-Benz-Schule (Integrierte Sekundarschule),Reinickendorf,berlin,ISS,,2.217,,0.857,-0.1947,-0.1488,0.0558,-0.1341,0.1443
hamburg_7801-0,Stadtteilschule St. Georg,Hamburg-Mitte,hamburg,Stadtteilschule,,2.218,,0.71,-0.3728,-0.2581,0.1624,-0.0,0.192
berlin_02Y04,Georg-Friedrich-Händel-Gymnasium,Friedrichshain-Kreuzberg,berlin,Gymnasium,1.83,2.219,-0.389,0.835,-0.3645,-0.1659,0.1754,-0.1293,0.2092
berlin_06Y01,Schadow-Gymnasium,Steglitz-Zehlendorf,berlin,Gymnasium,2.02,2.219,-0.199,0.924,-0.2651,-0.1377,0.1017,-0.1369,0.1632
berlin_03K06,Reinhold-Burger-Schule,Pankow,berlin,ISS,,2.222,,0.879,-0.3107,-0.1009,0.0842,-0.1355,0.191
berlin_09Y10,Gebrüder-Montgolfier-Gymnasium,Treptow-Köpenick,berlin,Gymnasium,2.2,2.223,-0.023,0.862,-0.3314,-0.0977,0.0939,-0.1362,0.1998
berlin_03Y04,Heinrich-Schliemann-Gymnasium,Pankow,berlin,Gymnasium,2.1,2.223,-0.123,0.889,-0.3314,-0.1441,0.1347,-0.1355,0.2053
berlin_03Y03,Käthe-Kollwitz-Gymnasium,Pankow,berlin,Gymnasium,1.64,2.223,-0.583,0.889,-0.3314,-0.1445,0.1346,-0.1355,0.2057
nrw_197488,Offene Schule Köln der OSK gGmbH Staatl. genehm. priv. Ersatzschule inkl. Gesamtschule d. Sek I und II,Rodenkirchen,nrw,Gesamtschule,,2.223,,0.811,-0.2278,-0.1982,0.1812,-0.1362,0.1093
berlin_12K11,Albrecht-Haushofer-Schule,Reinickendorf,berlin,ISS,,2.224,,0.767,-0.1491,-0.13,0.0537,-0.1341,0.089
berlin_03P13,Freie Schule Pankow (Integrierte Sekundarschule),Pankow,berlin,ISS,,2.224,,0.907,-0.2361,-0.1303,0.0455,-0.1355,0.1861
nrw_160118,Städt. Realschule für Jungen und Mädchen,,nrw,Realschule,,2.225,,0.814,-0.2278,-0.1982,0.1812,-0.1334,0.1093
berlin_03K09,Janusz-Korczak-Schule (Integrierte Sekundarschule),Pankow,berlin,ISS,,2.227,,0.87,-0.3148,-0.0967,0.0849,-0.1355,0.1952
hamburg_5087-0,Stadtteilschule Kirchwerder,Bergedorf,hamburg,Stadtteilschule,,2.227,,0.643,-0.0787,-0.1324,0.0797,-0.1362,0.0
hamburg_5087-1,Stadtteilschule Kirchwerder,Bergedorf,hamburg,Stadtteilschule,,2.227,,0.643,-0.0787,-0.1324,0.0797,-0.1362,0.0
hamburg_5825-0,Lise-Meitner-Gymnasium,Altona,hamburg,Gymnasium,2.38,2.227,0.153,0.806,-0.1864,-0.1903,0.0898,-0.0862,0.1063
nrw_140843,Kurt-Tucholsky-Schule Städt. Gem. Hauptschule,Kalk,nrw,Hauptschule,,2.228,,0.817,-0.2278,-0.1982,0.1812,-0.1306,0.1093
berlin_09K05,Wilhelm-Bölsche-Schule (Integrierte Sekundarschule),Treptow-Köpenick,berlin,ISS,,2.229,,0.849,-0.2527,-0.0781,0.0123,-0.1362,0.189
hamburg_5043-0,Stadtteilschule Helmuth Hübener,Hamburg-Nord,hamburg,Stadtteilschule,,2.232,,0.818,-0.3314,-0.1681,0.0829,-0.0417,0.1958
hamburg_5043-1,Stadtteilschule Helmuth Hübener,Hamburg-Nord,hamburg,Stadtteilschule,,2.232,,0.818,-0.3314,-0.1681,0.0829,-0.0417,0.1958
berlin_02K07,Georg-Weerth-Schule,Friedrichshain-Kreuzberg,berlin,ISS,,2.233,,0.837,-0.3687,-0.1521,0.1799,-0.1293,0.2093
hamburg_5879-0,Deutsch-Französisches Gymnasium,Eimsbüttel,hamburg,Gymnasium,,2.236,,0.861,-0.2692,-0.2377,0.1758,-0.0931,0.1666
berlin_01Y04,Musikgymnasium Carl Philipp Emanuel Bach,Mitte,berlin,Gymnasium,,2.237,,0.825,-0.3728,-0.1572,0.1993,-0.1299,0.2031
berlin_12K01,Julius-Leber-Schule,Reinickendorf,berlin,ISS,,2.238,,0.902,-0.2651,-0.1148,0.0676,-0.1341,0.19
berlin_02Y05,Dathe-Gymnasium,Friedrichshain-Kreuzberg,berlin,Gymnasium,2.11,2.24,-0.13,0.795,-0.3935,-0.1588,0.2203,-0.1293,0.2073
berlin_06K03,Kopernikus-Schule (Integrierte Sekundarschule),Steglitz-Zehlendorf,berlin,ISS,2.83,2.242,0.588,0.892,-0.2817,-0.1234,0.0866,-0.1369,0.2033
berlin_04Y05,Herder-Gymnasium,Charlottenburg-Wilmersdorf,berlin,Gymnasium,1.95,2.242,-0.292,0.952,-0.2651,-0.1487,0.1137,-0.1313,0.1788
berlin_11K02,Mildred-Harnack-Schule,Lichtenberg,berlin,ISS,2.35,2.244,0.106,0.878,-0.3397,-0.1298,0.1464,-0.1327,0.2053
berlin_07Y04,Paul-Natorp-Gymnasium,Tempelhof-Schöneberg,berlin,Gymnasium,1.89,2.245,-0.355,0.899,-0.2734,-0.1219,0.0821,-0.1348,0.1993
nrw_158689,Theodor-Litt-Realschule Städt. Realschule - Sekundarstufe I -,Bezirk 9,nrw,Realschule,,2.245,,0.803,-0.2071,-0.1982,0.1812,-0.1341,0.1093
nrw_164409,Städt. Gymnasium Koblenzer Straße - Sekundarstufe I und II -,Bezirk 9,nrw,Gymnasium,,2.245,,0.803,-0.2071,-0.1982,0.1812,-0.1341,0.1093
nrw_100040,Gymnasium Neue Sandkaul,,nrw,Gymnasium,,2.246,,0.803,-0.2071,-0.1982,0.1812,-0.1334,0.1093
nrw_990003,Internationale Friedensschule Köln (Cologne International School),,nrw,Internationale Schule,,2.246,,0.803,-0.2071,-0.1982,0.1812,-0.1334,0.1093
nrw_100211,Gesamtschule Weidenpesch,Nippes,nrw,Gesamtschule,,2.247,,0.804,-0.2071,-0.1982,0.1812,-0.1327,0.1093
nrw_140879,Ursula-Kuhr-Schule Städt. Gem. Hauptschule,Chorweiler,nrw,Hauptschule,,2.247,,0.805,-0.2071,-0.1982,0.1812,-0.132,0.1093
nrw_185437,"Gymnasium, Köln-Pesch der Stadt Köln Sekundarstufen I und II",Chorweiler,nrw,Gymnasium,,2.247,,0.805,-0.2071,-0.1982,0.1812,-0.132,0.1093
berlin_03P37,Berlin Bilingual School (Integrierte Sekundarschule),Pankow,berlin,ISS,,2.248,,0.896,-0.2692,-0.0916,0.0727,-0.1355,0.1776
berlin_03K02,Kurt-Tucholsky-Schule (Integrierte Sekundarschule),Pankow,berlin,ISS,2.3,2.248,0.052,0.886,-0.3107,-0.1065,0.1055,-0.1355,0.2005
berlin_07Y03,Rheingau-Gymnasium,Tempelhof-Schöneberg,berlin,Gymnasium,2.17,2.248,-0.078,0.904,-0.2734,-0.1249,0.0874,-0.1348,0.1995
berlin_01K03,Ernst-Reuter-Schule,Mitte,berlin,ISS,2.89,2.25,0.64,0.822,-0.3687,-0.1582,0.2133,-0.1299,0.1992
berlin_10K06,Georg-Klingenberg-Schule,Marzahn-Hellersdorf,berlin,ISS,,2.251,,0.726,-0.087,-0.1763,0.0684,-0.1334,0.0847
berlin_06K02,Wilma-Rudolph-Schule (Integrierte Sekundarschule),Steglitz-Zehlendorf,berlin,ISS,2.52,2.251,0.269,0.857,-0.1574,-0.1831,0.0535,-0.1369,0.1804
berlin_12Y03,Humboldt-Gymnasium,Reinickendorf,berlin,Gymnasium,2.12,2.251,-0.131,0.897,-0.2651,-0.1029,0.07,-0.1341,0.1894
berlin_03Y08,Carl-von-Ossietzky-Gymnasium,Pankow,berlin,Gymnasium,1.93,2.252,-0.322,0.887,-0.3107,-0.0996,0.1065,-0.1355,0.197
berlin_06P20,Freie Schule Anne-Sophie Berlin,Steglitz-Zehlendorf,berlin,Gymnasium,,2.252,,0.89,-0.203,-0.1375,0.0841,-0.1369,0.1513
berlin_09K08,Schule an der Dahme (Integrierte Sekundarschule),Treptow-Köpenick,berlin,ISS,2.33,2.253,0.077,0.856,-0.3107,-0.0806,0.0847,-0.1362,0.2013
hamburg_5056-0,Grund- und Stadtteilschule Alter Teichweg,Hamburg-Nord,hamburg,Stadtteilschule,,2.253,,0.935,-0.3107,-0.1447,0.1218,-0.1001,0.1922
hamburg_8112-0,Rudolf-Steiner-Schule Bergstedt,Wandsbek,hamburg,Stadtteilschule,,2.253,,0.751,-0.1201,-0.1549,0.1094,-0.1341,0.0582
hamburg_5662-2,Emil Krause Schule,Hamburg-Nord,hamburg,Stadtteilschule,,2.254,,0.824,-0.3314,-0.1785,0.1098,-0.0417,0.2015
hamburg_5662-4,Emil Krause Schule,Hamburg-Nord,hamburg,Stadtteilschule,,2.254,,0.824,-0.3314,-0.1785,0.1098,-0.0417,0.2015
hamburg_5853-0,Louise Weiss Gymnasium,Hamburg-Mitte,hamburg,Gymnasium,,2.255,,0.81,-0.3728,-0.1703,0.1596,-0.0493,0.1934
berlin_09Y06,Gerhart-Hauptmann-Gymnasium,Treptow-Köpenick,berlin,Gymnasium,2.05,2.256,-0.206,0.831,-0.2113,-0.0798,0.0,-0.1362,0.1892
berlin_03B08,Staatliche Ballett- und Artistikschule Berlin,Pankow,berlin,ISS,,2.257,,0.886,-0.3065,-0.1056,0.1075,-0.1355,0.2025
berlin_04P24,Moser-Schule - Schweizer Gymnasium,Charlottenburg-Wilmersdorf,berlin,Gymnasium,,2.259,,0.959,-0.2651,-0.1383,0.1165,-0.1313,0.1832
hamburg_7921-0,Moderne Schule Hamburg (Gymnasium),Hamburg-Nord,hamburg,Gymnasium,,2.259,,0.806,-0.1036,-0.2481,0.0736,-0.1265,0.1691
berlin_06S01,Pestalozzi-Schule,Steglitz-Zehlendorf,berlin,ISS,,2.262,,0.847,-0.1533,-0.158,0.0552,-0.1369,0.161
hamburg_8101-0,Rudolf-Steiner-Schule Wandsbek,Wandsbek,hamburg,Stadtteilschule,,2.262,,0.907,-0.2692,-0.146,0.0801,-0.0737,0.1767
berlin_11Y11,Immanuel-Kant-Gymnasium,Lichtenberg,berlin,Gymnasium,2.18,2.263,-0.083,0.879,-0.3272,-0.0963,0.1199,-0.1327,0.2054
hamburg_5805-1,Struensee Gymnasium,Altona,hamburg,Gymnasium,2.49,2.263,0.227,0.812,-0.3314,-0.1961,0.1253,-0.0257,0.197
hamburg_5805-2,Struensee Gymnasium,Altona,hamburg,Gymnasium,2.49,2.263,0.227,0.812,-0.3314,-0.1961,0.1253,-0.0257,0.197
berlin_02Y03,Heinrich-Hertz-Gymnasium,Friedrichshain-Kreuzberg,berlin,Gymnasium,1.78,2.265,-0.485,0.852,-0.3272,-0.1633,0.1833,-0.1293,0.2075
berlin_03Y10,Rosa-Luxemburg-Gymnasium,Pankow,berlin,Gymnasium,1.75,2.265,-0.515,0.893,-0.2651,-0.0826,0.0708,-0.1355,0.1833
berlin_04Y06,Heinz-Berggruen-Gymnasium,Charlottenburg-Wilmersdorf,berlin,Gymnasium,1.89,2.267,-0.377,0.942,-0.2651,-0.1306,0.1096,-0.1313,0.19
nrw_100233,Gymnasium Brügelmannstraße,,nrw,Gymnasium,,2.267,,0.793,-0.1864,-0.1982,0.1812,-0.1334,0.1093
nrw_100235,Gesamtschule Kalk,,nrw,Gesamtschule,,2.267,,0.793,-0.1864,-0.1982,0.1812,-0.1334,0.1093
nrw_198742,Trude-Herr-Gesamtschule der Stadt Köln - Sekundarstufen I und II -,Mülheim,nrw,Gesamtschule,,2.268,,0.794,-0.1864,-0.1982,0.1812,-0.132,0.1093
hamburg_8302-0,Bilinguales Gymnasium Phorms Hamburg,Hamburg-Mitte,hamburg,Gymnasium,,2.269,,0.667,-0.3728,-0.2562,0.2879,-0.0466,0.1628
berlin_11K01,Alexander-Puschkin-Schule,Lichtenberg,berlin,ISS,,2.27,,0.864,-0.3397,-0.0764,0.1205,-0.1327,0.2039
berlin_06P11,Private Kant-Schule,Steglitz-Zehlendorf,berlin,ISS,,2.27,,0.902,-0.2734,-0.1095,0.0971,-0.1369,0.1985
berlin_06Y05,Werner-von-Siemens-Gymnasium,Steglitz-Zehlendorf,berlin,Gymnasium,1.9,2.272,-0.372,0.878,-0.1905,-0.1563,0.1284,-0.1369,0.1332
berlin_04S05,Ernst-Adolf-Eschke-Schule für Gehörlose,Charlottenburg-Wilmersdorf,berlin,ISS,,2.273,,0.795,-0.2113,-0.2018,0.2076,-0.1313,0.1156
berlin_11K06,Schule am Rathaus,Lichtenberg,berlin,ISS,,2.274,,0.868,-0.3314,-0.1254,0.1669,-0.1327,0.2028
hamburg_5080-0,Stadtteilschule Finkenwerder,Hamburg-Mitte,hamburg,Stadtteilschule,,2.274,,0.889,-0.2071,-0.1496,0.1358,-0.1293,0.1295
berlin_06Y13,Gymnasium Steglitz,Steglitz-Zehlendorf,berlin,Gymnasium,1.9,2.275,-0.375,0.909,-0.2734,-0.1085,0.104,-0.1369,0.1961
berlin_09P07,Evangelische Schule Köpenick (Gymnasium),Treptow-Köpenick,berlin,Gymnasium,,2.276,,0.831,-0.1905,-0.081,0.0205,-0.1362,0.1689
hamburg_5296-0,Campus Schnelsen,Eimsbüttel,hamburg,Stadtteilschule_Gymnasium,,2.276,,0.904,-0.2071,-0.1699,0.1,-0.0966,0.1557
berlin_07K10,Friedrich-Bergius-Schule,Tempelhof-Schöneberg,berlin,ISS,,2.277,,0.912,-0.2734,-0.1185,0.1076,-0.1348,0.2021
berlin_06P18,Bilinguale Schule Phorms Berlin Süd,Steglitz-Zehlendorf,berlin,Gymnasium,,2.281,,0.818,-0.1284,-0.1787,0.1004,-0.1369,0.1304
berlin_11Y05,Hans-und-Hilde-Coppi-Gymnasium,Lichtenberg,berlin,Gymnasium,2.13,2.281,-0.151,0.896,-0.3024,-0.0835,0.1133,-0.1327,0.192
berlin_11K17,17. Schule (Integrierte Sekundarschule) Neugründung zum 01.08.2026,Lichtenberg,berlin,ISS,,2.284,,0.889,-0.3065,-0.0902,0.118,-0.1327,0.2016
berlin_09K06,Hans-Grade-Schule (Integrierte Sekundarschule),Treptow-Köpenick,berlin,ISS,,2.284,,0.861,-0.2403,-0.0652,0.0385,-0.1362,0.1928
berlin_11K13,May-Ayim-Schule (Integrierte Sekundarschule),Lichtenberg,berlin,ISS,,2.287,,0.882,-0.3148,-0.0958,0.1285,-0.1327,0.2077
hamburg_5805-0,Struensee Gymnasium,Hamburg-Mitte,hamburg,Gymnasium,2.49,2.287,0.203,0.786,-0.3314,-0.1961,0.1253,-0.0021,0.197
berlin_11Y02,Johann-Gottfried-Herder-Gymnasium,Lichtenberg,berlin,Gymnasium,1.86,2.288,-0.428,0.855,-0.3355,-0.0899,0.1387,-0.1327,0.2129
hamburg_5856-0,Gymnasium Finkenwerder,Hamburg-Mitte,hamburg,Gymnasium,2.0,2.288,-0.288,0.887,-0.2071,-0.1427,0.1435,-0.1293,0.1295
berlin_06P06,Königin-Luise-Stiftung,Steglitz-Zehlendorf,berlin,ISS-Gymnasium,,2.291,,0.908,-0.1947,-0.1425,0.0818,-0.1369,0.1894
berlin_12P14,Montessori Campus am Tegeler Forst,Reinickendorf,berlin,ISS,,2.291,,0.902,-0.203,-0.1272,0.0705,-0.1341,0.1902
berlin_02K01,Ellen-Key-Schule,Friedrichshain-Kreuzberg,berlin,ISS,2.41,2.292,0.118,0.842,-0.348,-0.1137,0.1796,-0.1293,0.2087
berlin_02K05,Schule am Königstor (Integrierte Sekundarschule),Friedrichshain-Kreuzberg,berlin,ISS,,2.294,,0.879,-0.3148,-0.1264,0.1618,-0.1293,0.208
berlin_04Y03,Sophie-Charlotte-Gymnasium,Charlottenburg-Wilmersdorf,berlin,Gymnasium,2.48,2.296,0.184,0.875,-0.29,-0.1645,0.1881,-0.1313,0.1991
hamburg_5849-0,Carl-von-Ossietzky-Gymnasium,Wandsbek,hamburg,Gymnasium,2.28,2.297,-0.017,0.88,-0.2071,-0.1229,0.0952,-0.0952,0.133
hamburg_5862-0,Charlotte-Paulsen-Gymnasium,Wandsbek,hamburg,Gymnasium,2.19,2.297,-0.107,0.844,-0.2692,-0.2066,0.1162,-0.0271,0.1895
berlin_12P04,Katholische Schule Salvator,Reinickendorf,berlin,ISS-Gymnasium,,2.298,,0.829,-0.1574,-0.1104,0.0642,-0.1341,0.1412
berlin_09Y11,Emmy-Noether-Gymnasium,Treptow-Köpenick,berlin,Gymnasium,2.17,2.298,-0.128,0.854,-0.2527,-0.067,0.0547,-0.1362,0.2048
hamburg_5832-0,Gymnasium Allermöhe,Bergedorf,hamburg,Gymnasium,2.43,2.298,0.132,0.909,-0.3107,-0.1228,0.1319,-0.1042,0.2094
berlin_06Y07,Paulsen-Gymnasium,Steglitz-Zehlendorf,berlin,Gymnasium,2.34,2.3,0.04,0.907,-0.2154,-0.1274,0.0869,-0.1369,0.1984
berlin_12Y06,Schulfarm Insel Scharfenberg,Reinickendorf,berlin,Gymnasium,2.42,2.302,0.118,0.661,-0.0456,-0.1217,0.0708,-0.1341,0.038
berlin_04Y07,Friedrich-Ebert-Gymnasium,Charlottenburg-Wilmersdorf,berlin,Gymnasium,2.24,2.303,-0.063,0.922,-0.2734,-0.1259,0.1399,-0.1313,0.1998
berlin_12K10,Carl-Bosch-Schule,Reinickendorf,berlin,ISS,,2.304,,0.768,-0.0911,-0.1306,0.0472,-0.1341,0.1189
berlin_11K07,Vincent-van-Gogh-Schule (Integrierte Sekundarschule),Lichtenberg,berlin,ISS,,2.305,,0.811,-0.3728,-0.015,0.1243,-0.1327,0.2074
berlin_02Y01,Andreas-Gymnasium,Friedrichshain-Kreuzberg,berlin,Gymnasium,2.13,2.305,-0.175,0.827,-0.3521,-0.1052,0.1847,-0.1293,0.2122
hamburg_5885-0,Gymnasium Farmsen,Wandsbek,hamburg,Gymnasium,2.0,2.305,-0.305,0.903,-0.2692,-0.115,0.0989,-0.0737,0.17
berlin_11K16,16. Schule (Integrierte Sekundarschule),Lichtenberg,berlin,ISS,,2.306,,0.816,-0.3728,-0.019,0.1424,-0.1327,0.1944
hamburg_5881-0,Gymnasium Allee,Altona,hamburg,Gymnasium,2.25,2.307,-0.057,0.812,-0.2692,-0.209,0.107,-0.0236,0.2077
berlin_12K07,Jean-Krämer-Schule (Integrierte Sekundarschule) Wittenau,Reinickendorf,berlin,ISS,,2.308,,0.88,-0.2692,-0.0635,0.0862,-0.1341,0.1942
berlin_06Y12,Willi-Graf-Gymnasium,Steglitz-Zehlendorf,berlin,Gymnasium,2.27,2.308,-0.038,0.919,-0.203,-0.1228,0.1071,-0.1369,0.1693
berlin_04P23,Jüdische Traditionsschule,Charlottenburg-Wilmersdorf,berlin,ISS-Gymnasium,,2.309,,0.912,-0.2734,-0.1429,0.1641,-0.1313,0.1988
berlin_03Y17,Inge-Deutschkron-Gymnasium,Pankow,berlin,Gymnasium,2.59,2.309,0.281,0.926,-0.261,-0.095,0.1169,-0.1355,0.1893
berlin_03Y14,Primo-Levi-Gymnasium,Pankow,berlin,Gymnasium,2.07,2.309,-0.239,0.901,-0.2403,-0.0871,0.0827,-0.1355,0.1947
nrw_160064,Städt. Henry-Ford-Realschule - Sekundarstufe I -,Chorweiler,nrw,Realschule,,2.31,,0.773,-0.145,-0.1982,0.1812,-0.132,0.1093
berlin_04P42,Private Kant-Schule - Berlin International School,Charlottenburg-Wilmersdorf,berlin,ISS,,2.311,,0.926,-0.1947,-0.1433,0.0979,-0.1313,0.1882
berlin_12Y04,Gabriele-von-Bülow-Gymnasium,Reinickendorf,berlin,Gymnasium,2.3,2.311,-0.011,0.893,-0.203,-0.1016,0.0697,-0.1341,0.1858
berlin_04P15,Freie Schule Charlottenburg,Charlottenburg-Wilmersdorf,berlin,ISS,,2.314,,0.96,-0.232,-0.1295,0.1248,-0.1313,0.1874
berlin_03K05,Heinz-Brandt-Schule,Pankow,berlin,ISS,,2.315,,0.91,-0.2403,-0.0921,0.0934,-0.1355,0.1957
berlin_09Y12,12. Schule (Gymnasium),Treptow-Köpenick,berlin,Gymnasium,,2.315,,0.885,-0.2775,-0.0654,0.1045,-0.1362,0.1952
berlin_03P10,Katholische Theresienschule (Gymnasium),Pankow,berlin,Gymnasium,,2.315,,0.898,-0.2403,-0.0943,0.0876,-0.1355,0.203
hamburg_5826-0,Campus Zweiter Bildungsweg,Hamburg-Mitte,hamburg,Gymnasium,,2.315,,0.615,-0.3728,-0.2837,0.2915,-0.0,0.1861
berlin_07K07,Johanna-Eck-Schule (Integrierte Sekundarschule),Tempelhof-Schöneberg,berlin,ISS,,2.316,,0.896,-0.261,-0.0771,0.0979,-0.1348,0.1963
berlin_04K04,Nelson-Mandela-Schule,Charlottenburg-Wilmersdorf,berlin,ISS,1.93,2.318,-0.388,0.912,-0.2651,-0.1455,0.1633,-0.1313,0.2019
berlin_03K01,Kurt-Schwitters-Schule,Pankow,berlin,ISS,2.27,2.32,-0.05,0.923,-0.2403,-0.1495,0.1421,-0.1355,0.2085
berlin_04Y11,Goethe-Gymnasium,Charlottenburg-Wilmersdorf,berlin,Gymnasium,,2.32,,0.918,-0.2651,-0.1367,0.1558,-0.1313,0.2027
berlin_04Y10,Marie-Curie-Gymnasium,Charlottenburg-Wilmersdorf,berlin,Gymnasium,2.4,2.32,0.08,0.941,-0.232,-0.1269,0.1168,-0.1313,0.199
hamburg_5084-0,Gretel-Bergmann-Schule,Bergedorf,hamburg,Stadtteilschule,,2.321,,0.893,-0.3107,-0.0853,0.1195,-0.1042,0.2077
hamburg_5084-1,Gretel-Bergmann-Schule,Bergedorf,hamburg,Stadtteilschule,,2.321,,0.893,-0.3107,-0.0853,0.1195,-0.1042,0.2077
berlin_04K02,Friedensburg-Schule,Charlottenburg-Wilmersdorf,berlin,ISS,2.24,2.322,-0.082,0.872,-0.29,-0.1524,0.2016,-0.1313,0.1996
berlin_06Y09,Fichtenberg-Oberschule,Steglitz-Zehlendorf,berlin,Gymnasium,2.27,2.322,-0.052,0.904,-0.2113,-0.1167,0.0941,-0.1369,0.1983
hamburg_5046-0,Gyula Trebitsch Schule Tonndorf,Wandsbek,hamburg,Stadtteilschule_Gymnasium,,2.324,,0.915,-0.1657,-0.1545,0.0893,-0.1098,0.1706
berlin_03K04,Gustave-Eiffel-Schule,Pankow,berlin,ISS,,2.325,,0.888,-0.2651,-0.0803,0.1053,-0.1355,0.2064
berlin_04Y01,Schiller-Gymnasium,Charlottenburg-Wilmersdorf,berlin,Gymnasium,2.18,2.325,-0.145,0.856,-0.29,-0.163,0.2137,-0.1313,0.2012
berlin_08Y03,Albert-Einstein-Gymnasium,Neukölln,berlin,Gymnasium,2.38,2.326,0.054,0.91,-0.2568,-0.076,0.103,-0.1306,0.1922
berlin_04P04,Katholische Schule Liebfrauen (Gymnasium),Charlottenburg-Wilmersdorf,berlin,Gymnasium,,2.326,,0.909,-0.2734,-0.1184,0.1567,-0.1313,0.1978
berlin_07Y01,Robert-Blum-Gymnasium,Tempelhof-Schöneberg,berlin,Gymnasium,2.19,2.326,-0.136,0.882,-0.29,-0.0981,0.1502,-0.1348,0.2047
berlin_03P03,Schulen Christburg Campus Prenzlauer Berg,Pankow,berlin,ISS,,2.327,,0.918,-0.2195,-0.1519,0.1307,-0.1355,0.2094
berlin_01Y12,Gymnasium Tiergarten,Mitte,berlin,Gymnasium,2.49,2.328,0.162,0.835,-0.3314,-0.1318,0.2244,-0.1299,0.2028
berlin_07Y02,Rückert-Gymnasium,Tempelhof-Schöneberg,berlin,Gymnasium,2.42,2.328,0.092,0.939,-0.2361,-0.1204,0.1248,-0.1348,0.2002
hamburg_5667-0,Stadtteilschule Am Hafen,Hamburg-Mitte,hamburg,Stadtteilschule,,2.328,,0.755,-0.3314,-0.207,0.2039,-0.0215,0.1902
hamburg_5894-0,Heinrich-Heine-Gymnasium,Wandsbek,hamburg,Gymnasium,2.29,2.328,-0.038,0.852,-0.1367,-0.1804,0.0955,-0.0952,0.1508
hamburg_5899-0,Gymnasium Hummelsbüttel,Wandsbek,hamburg,Gymnasium,2.0,2.328,-0.328,0.931,-0.1864,-0.1565,0.1305,-0.1188,0.1651
berlin_04K07,Integrierte Sekundarschule Wilmersdorf,Charlottenburg-Wilmersdorf,berlin,ISS,,2.329,,0.945,-0.203,-0.1475,0.1337,-0.1313,0.1834
berlin_06Y06,Beethoven-Gymnasium,Steglitz-Zehlendorf,berlin,Gymnasium,1.92,2.329,-0.409,0.895,-0.1988,-0.0916,0.0836,-0.1369,0.1788
nrw_195959,Stadt Köln Carl-von-Ossietzky-Gesamtschule Sekundarstufen I u. II,Nippes,nrw,Gesamtschule,,2.33,,0.761,-0.1243,-0.1982,0.1812,-0.1327,0.1093
berlin_07K09,Gustav-Langenscheidt-Schule,Tempelhof-Schöneberg,berlin,ISS,,2.332,,0.895,-0.2734,-0.11,0.1505,-0.1348,0.2058
berlin_04K10,Wangari-Maathai-Internationale-Schule,Charlottenburg-Wilmersdorf,berlin,ISS,,2.332,,0.938,-0.2361,-0.1281,0.1286,-0.1313,0.2048
berlin_04K09,Otto-von-Guericke-Schule (Integrierte Sekundarschule),Charlottenburg-Wilmersdorf,berlin,ISS,,2.333,,0.908,-0.2692,-0.1298,0.1723,-0.1313,0.1968
berlin_03Y13,Felix-Mendelssohn-Bartholdy-Gymnasium,Pankow,berlin,Gymnasium,2.31,2.333,-0.023,0.929,-0.2237,-0.1395,0.1294,-0.1355,0.2085
berlin_07K06,Georg-von-Giesche-Schule,Tempelhof-Schöneberg,berlin,ISS,,2.334,,0.892,-0.2734,-0.1264,0.1693,-0.1348,0.2049
hamburg_5845-0,Hansa-Gymnasium Bergedorf,Bergedorf,hamburg,Gymnasium,2.37,2.334,0.036,0.889,-0.2485,-0.1568,0.0994,-0.0368,0.1822
hamburg_5811-0,Gymnasium Alstertal,Hamburg-Nord,hamburg,Gymnasium,2.45,2.335,0.115,0.86,-0.2692,-0.1761,0.1345,-0.0243,0.1759
hamburg_5824-0,Goethe-Gymnasium,Altona,hamburg,Gymnasium,2.43,2.335,0.095,0.862,-0.3107,-0.0944,0.163,-0.0813,0.1644
berlin_01P18,Bilinguale Schule Phorms Berlin Mitte,Mitte,berlin,Gymnasium,,2.338,,0.836,-0.3148,-0.1522,0.2475,-0.1299,0.1936
hamburg_8201-0,Wichern-Schule (Stadtteilschule),Hamburg-Mitte,hamburg,Stadtteilschule,2.32,2.338,-0.018,0.88,-0.29,-0.1465,0.1335,-0.0528,0.2
hamburg_8202-0,Wichern-Schule (Gymnasium),Hamburg-Mitte,hamburg,Gymnasium,2.32,2.338,-0.018,0.88,-0.29,-0.1465,0.1335,-0.0528,0.2
berlin_07K04,Theodor-Haubach-Schule,Tempelhof-Schöneberg,berlin,ISS,,2.341,,0.869,-0.1988,-0.0835,0.0692,-0.1348,0.1948
berlin_06Y08,Hermann-Ehlers-Gymnasium,Steglitz-Zehlendorf,berlin,Gymnasium,2.66,2.341,0.319,0.894,-0.2113,-0.0967,0.0939,-0.1369,0.1978
hamburg_5869-0,Gymnasium Rahlstedt,Wandsbek,hamburg,Gymnasium,2.46,2.341,0.119,0.804,-0.2071,-0.1611,0.0789,-0.016,0.1523
hamburg_5064-0,Erich Kästner Schule,Wandsbek,hamburg,Stadtteilschule,,2.342,,0.906,-0.2692,-0.1091,0.1085,-0.0737,0.1916
hamburg_5064-1,Erich Kästner Schule,Wandsbek,hamburg,Stadtteilschule,,2.342,,0.906,-0.2692,-0.1091,0.1085,-0.0737,0.1916
berlin_08K05,Clay-Schule,Neukölln,berlin,ISS,2.67,2.343,0.327,0.806,-0.1326,-0.0919,0.0691,-0.1306,0.1349
berlin_01Y11,Max-Planck-Gymnasium,Mitte,berlin,Gymnasium,2.51,2.346,0.164,0.811,-0.3438,-0.0924,0.208,-0.1299,0.2095
berlin_07K13,Schule am Berlinickeplatz (Integrierte Sekundarschule),Tempelhof-Schöneberg,berlin,ISS,,2.347,,0.901,-0.2651,-0.0859,0.1381,-0.1348,0.2005
hamburg_5814-0,Heisenberg-Gymnasium,Harburg,hamburg,Gymnasium,2.26,2.347,-0.087,0.97,-0.2071,-0.1449,0.1321,-0.1112,0.1838
hamburg_5667-1,Stadtteilschule Am Hafen,Hamburg-Mitte,hamburg,Stadtteilschule,,2.348,,0.735,-0.3314,-0.207,0.2039,-0.0021,0.1902
hamburg_5667-3,Stadtteilschule Am Hafen,Hamburg-Mitte,hamburg,Stadtteilschule,,2.348,,0.735,-0.3314,-0.207,0.2039,-0.0021,0.1902
hamburg_5848-0,Luisen-Gymnasium Bergedorf,Bergedorf,hamburg,Gymnasium,2.16,2.348,-0.188,0.833,-0.1864,-0.1733,0.0745,-0.0368,0.1754
berlin_07A44,Willkommensschule THF,Tempelhof-Schöneberg,berlin,ISS,,2.349,,0.905,-0.2568,-0.0954,0.1344,-0.1348,0.2075
berlin_10K08,Johann-Julius-Hecker-Schule,Marzahn-Hellersdorf,berlin,ISS,,2.351,,0.822,-0.2982,-0.0178,0.0923,-0.1334,0.2138
berlin_04P11,Evangelisches Gymnasium zum Grauen Kloster,Charlottenburg-Wilmersdorf,berlin,Gymnasium,,2.351,,0.931,-0.203,-0.1457,0.1513,-0.1313,0.1858
hamburg_5837-0,Gymnasium Oldenfelde,Wandsbek,hamburg,Gymnasium,2.34,2.351,-0.011,0.802,-0.2071,-0.1605,0.1051,-0.016,0.1354
berlin_04K08,Peter-Ustinov-Schule,Charlottenburg-Wilmersdorf,berlin,ISS,,2.352,,0.92,-0.2278,-0.1436,0.1566,-0.1313,0.2039
berlin_07Y06,Askanisches Gymnasium,Tempelhof-Schöneberg,berlin,Gymnasium,2.56,2.353,0.207,0.903,-0.261,-0.0819,0.1356,-0.1348,0.2006
berlin_04Y08,Hildegard-Wegscheider-Gymnasium,Charlottenburg-Wilmersdorf,berlin,Gymnasium,2.11,2.353,-0.243,0.84,-0.0953,-0.1865,0.1222,-0.1313,0.1496
hamburg_5822-0,Johannes-Brahms-Gymnasium,Wandsbek,hamburg,Gymnasium,2.46,2.353,0.107,0.893,-0.2071,-0.1478,0.0916,-0.0563,0.1782
berlin_10Y01,Tagore-Gymnasium,Marzahn-Hellersdorf,berlin,Gymnasium,2.51,2.355,0.155,0.824,-0.3065,-0.0122,0.1018,-0.1334,0.2115
hamburg_5839-0,Immanuel-Kant-Gymnasium,Harburg,hamburg,Gymnasium,2.34,2.355,-0.015,0.82,-0.1243,-0.1517,0.1498,-0.1327,0.1195
berlin_04K03,Robert-Jungk-Schule,Charlottenburg-Wilmersdorf,berlin,ISS,2.48,2.357,0.123,0.91,-0.232,-0.1499,0.1755,-0.1313,0.2005
berlin_04P47,Privates Europa-Gymnasium Berlin,Charlottenburg-Wilmersdorf,berlin,Gymnasium,,2.357,,0.903,-0.2568,-0.1304,0.1777,-0.1313,0.2035
hamburg_5065-0,Fritz-Schumacher-Schule,Hamburg-Nord,hamburg,Stadtteilschule,,2.357,,0.861,-0.2071,-0.1367,0.0996,-0.0459,0.1531
hamburg_5065-1,Fritz-Schumacher-Schule,Hamburg-Nord,hamburg,Stadtteilschule,,2.357,,0.861,-0.2071,-0.1367,0.0996,-0.0459,0.1531
hamburg_8115-0,Rudolf-Steiner-Schule Bergedorf,Bergedorf,hamburg,Stadtteilschule,,2.357,,0.875,-0.2485,-0.1781,0.1345,-0.0368,0.1923
berlin_07Y09,Georg-Büchner-Gymnasium,Tempelhof-Schöneberg,berlin,Gymnasium,2.25,2.359,-0.109,0.881,-0.1988,-0.0817,0.0859,-0.1348,0.1938
hamburg_5661-0,Stadtteilschule Lurup,Altona,hamburg,Stadtteilschule,,2.359,,0.916,-0.2071,-0.1393,0.1339,-0.0813,0.1583
berlin_09S06,Schule am Wildgarten,Treptow-Köpenick,berlin,ISS,,2.361,,0.876,-0.2113,-0.0656,0.0859,-0.1362,0.1944
berlin_02Y06,Leibniz-Gymnasium,Friedrichshain-Kreuzberg,berlin,Gymnasium,2.23,2.361,-0.131,0.897,-0.2651,-0.1095,0.1676,-0.1293,0.2028
hamburg_5859-0,Gymnasium Dörpsweg,Eimsbüttel,hamburg,Gymnasium,2.46,2.362,0.098,0.905,-0.2071,-0.1601,0.1367,-0.0709,0.169
berlin_06K08,Max-von-Laue-Schule,Steglitz-Zehlendorf,berlin,ISS,,2.363,,0.885,-0.1326,-0.1344,0.1077,-0.1369,0.1654
berlin_07Y07,Eckener-Gymnasium,Tempelhof-Schöneberg,berlin,Gymnasium,2.28,2.363,-0.083,0.9,-0.261,-0.0675,0.1368,-0.1348,0.1957
hamburg_5660-0,Stadtteilschule Oldenfelde,Wandsbek,hamburg,Stadtteilschule,,2.364,,0.819,-0.2071,-0.1525,0.0928,-0.016,0.1528
berlin_02K10,Ferdinand-Freiligrath-Schule (Integrierte Sekundarschule),Friedrichshain-Kreuzberg,berlin,ISS,2.76,2.367,0.393,0.901,-0.2568,-0.109,0.1615,-0.1293,0.2065
berlin_07Y08,Ulrich-von-Hutten-Gymnasium,Tempelhof-Schöneberg,berlin,Gymnasium,2.19,2.368,-0.178,0.889,-0.1988,-0.0808,0.0959,-0.1348,0.1927
hamburg_5656-0,Stadtteilschule Bramfeld,Wandsbek,hamburg,Stadtteilschule,,2.368,,0.891,-0.2071,-0.1294,0.0873,-0.0563,0.1796
hamburg_8114-0,Rudolf-Steiner-Schule Harburg,Harburg,hamburg,Stadtteilschule,,2.373,,0.773,-0.058,-0.1952,0.1405,-0.1174,0.1093
hamburg_5895-0,Gymnasium Grootmoor,Wandsbek,hamburg,Gymnasium,2.12,2.374,-0.254,0.806,-0.1243,-0.1749,0.0708,-0.0563,0.1648
berlin_01K09,Hedwig-Dohm-Schule (Integrierte Sekundarschule),Mitte,berlin,ISS,,2.375,,0.805,-0.3314,-0.1031,0.238,-0.1299,0.2076
hamburg_5081-0,Esther Bejarano Schule,Altona,hamburg,Stadtteilschule,,2.375,,0.846,-0.1864,-0.2007,0.1438,-0.0479,0.1718
hamburg_8022-0,ahfs Christliche Stadtteilschule Bergedorf,Bergedorf,hamburg,Stadtteilschule,,2.375,,0.864,-0.2278,-0.1893,0.1504,-0.0368,0.1844
berlin_01Y08,Lessing-Gymnasium,Mitte,berlin,Gymnasium,2.54,2.376,0.164,0.822,-0.3231,-0.0882,0.227,-0.1299,0.196
berlin_06Y10,Lilienthal-Gymnasium,Steglitz-Zehlendorf,berlin,Gymnasium,2.36,2.376,-0.016,0.898,-0.1367,-0.132,0.1171,-0.1369,0.1706
berlin_05Y05,Lily-Braun-Gymnasium,Spandau,berlin,Gymnasium,2.43,2.376,0.054,0.861,-0.29,-0.0702,0.1773,-0.132,0.1965
berlin_10Y12,12. Schule (Gymnasium),Marzahn-Hellersdorf,berlin,Gymnasium,,2.377,,0.847,-0.261,-0.0158,0.0878,-0.1334,0.2055
hamburg_5827-0,Gymnasium Langenhorn,Hamburg-Nord,hamburg,Gymnasium,,2.377,,0.787,-0.1657,-0.1433,0.1363,-0.0459,0.1017
berlin_01K02,Ernst-Schering-Schule,Mitte,berlin,ISS,,2.378,,0.756,-0.3728,-0.096,0.2779,-0.1299,0.2049
hamburg_5873-0,Bille-Gymnasium (Beschulung ab dem 01.08.2026),Bergedorf,hamburg,Gymnasium,,2.378,,0.898,-0.2692,-0.1199,0.1458,-0.0632,0.1899
berlin_11K08,Schule-am-Tierpark (Integrierte Sekundarschule),Lichtenberg,berlin,ISS,2.83,2.38,0.45,0.879,-0.2651,-0.0619,0.131,-0.1327,0.2149
hamburg_5098-0,Stadtteilschule Meiendorf,Wandsbek,hamburg,Stadtteilschule,,2.38,,0.814,-0.2071,-0.134,0.1037,-0.016,0.1387
hamburg_5098-1,Stadtteilschule Meiendorf,Wandsbek,hamburg,Stadtteilschule,,2.38,,0.814,-0.2071,-0.134,0.1037,-0.016,0.1387
hamburg_5801-0,Friedrich-Ebert-Gymnasium,Harburg,hamburg,Gymnasium,2.38,2.38,-0.0,0.843,-0.3107,-0.1428,0.226,-0.0869,0.2004
berlin_07K01,Sophie-Scholl-Schule,Tempelhof-Schöneberg,berlin,ISS,2.17,2.381,-0.211,0.857,-0.2775,-0.1074,0.2005,-0.1348,0.2065
berlin_12Y07,Romain-Rolland-Gymnasium,Reinickendorf,berlin,Gymnasium,2.29,2.381,-0.091,0.868,-0.1657,-0.0751,0.088,-0.1341,0.1732
berlin_07P01,Katholische Schule Sankt Franziskus (Integrierte Sekundarschule),Tempelhof-Schöneberg,berlin,ISS,,2.383,,0.86,-0.2734,-0.1097,0.2009,-0.1348,0.2062
berlin_03Y16,Robert-Havemann-Gymnasium,Pankow,berlin,Gymnasium,2.44,2.384,0.056,0.847,-0.1284,-0.1089,0.0688,-0.1355,0.1933
hamburg_5860-0,Albrecht-Thaer-Gymnasium,Eimsbüttel,hamburg,Gymnasium,2.36,2.384,-0.024,0.881,-0.145,-0.1831,0.1129,-0.0792,0.184
hamburg_5094-0,Stadtteilschule Lohbrügge,Bergedorf,hamburg,Stadtteilschule,,2.385,,0.873,-0.2071,-0.0965,0.0754,-0.0632,0.182
berlin_02K03,Hector-Peterson-Schule,Friedrichshain-Kreuzberg,berlin,ISS,,2.386,,0.868,-0.2734,-0.1277,0.2211,-0.1293,0.2014
berlin_09K04,Isaac-Newton-Schule (Integrierte Sekundarschule),Treptow-Köpenick,berlin,ISS,,2.386,,0.9,-0.1988,-0.1194,0.1403,-0.1362,0.2056
berlin_01K08,Schule am Schillerpark (Integrierte Sekundarschule),Mitte,berlin,ISS,,2.386,,0.814,-0.3231,-0.0907,0.2366,-0.1299,0.1988
berlin_08Y06,Hannah-Arendt-Gymnasium,Neukölln,berlin,Gymnasium,2.28,2.386,-0.106,0.828,-0.1367,-0.0859,0.0491,-0.1306,0.1958
berlin_11Y10,Manfred-von-Ardenne-Gymnasium,Lichtenberg,berlin,Gymnasium,2.44,2.387,0.053,0.877,-0.1947,-0.077,0.0967,-0.1327,0.201
hamburg_5049-0,Stadtteilschule Am Heidberg,Hamburg-Nord,hamburg,Stadtteilschule,,2.387,,0.851,-0.1823,-0.14,0.1164,-0.0459,0.1448
hamburg_5049-1,Stadtteilschule Am Heidberg,Hamburg-Nord,hamburg,Stadtteilschule,,2.387,,0.851,-0.1823,-0.14,0.1164,-0.0459,0.1448
berlin_12Y01,Friedrich-Engels-Gymnasium,Reinickendorf,berlin,Gymnasium,2.39,2.388,0.002,0.887,-0.261,-0.0757,0.1752,-0.1341,0.1892
hamburg_5651-0,Elisabeth-Lange-Schule,Harburg,hamburg,Stadtteilschule,,2.388,,0.947,-0.2071,-0.136,0.1617,-0.1112,0.1865
berlin_06P12,Evangelische Schule Steglitz (Integrierte Sekundarschule),Steglitz-Zehlendorf,berlin,ISS,,2.389,,0.885,-0.1698,-0.0983,0.1052,-0.1369,0.1947
berlin_03K08,Hagenbeck-Schule,Pankow,berlin,ISS,,2.389,,0.877,-0.1615,-0.1063,0.099,-0.1355,0.1988
hamburg_5061-0,Stadtteilschule Bergedorf,Bergedorf,hamburg,Stadtteilschule,,2.389,,0.883,-0.2485,-0.0968,0.1439,-0.0632,0.1598
hamburg_5847-0,Gymnasium Lohbrügge,Bergedorf,hamburg,Gymnasium,2.0,2.39,-0.39,0.88,-0.2071,-0.0998,0.0837,-0.0632,0.1826
berlin_11K05,Fritz-Reuter-Schule,Lichtenberg,berlin,ISS,2.66,2.391,0.269,0.826,-0.3107,-0.0155,0.1451,-0.1327,0.2107
hamburg_5654-0,Stadtteilschule Altona,Altona,hamburg,Stadtteilschule,,2.391,,0.8,-0.1864,-0.208,0.1082,-0.0236,0.2065
berlin_12K04,Paul-Löbe-Schule,Reinickendorf,berlin,ISS,,2.392,,0.882,-0.261,-0.0791,0.1808,-0.1341,0.1911
berlin_11K09,Philipp-Reis-Schule (Integrierte Sekundarschule),Lichtenberg,berlin,ISS,,2.392,,0.876,-0.1947,-0.0754,0.0984,-0.1327,0.2024
berlin_10S07,Schule am Rosenhain,Marzahn-Hellersdorf,berlin,ISS,,2.392,,0.864,-0.261,-0.0254,0.1093,-0.1334,0.208
berlin_04Y04,Gottfried-Keller-Gymnasium,Charlottenburg-Wilmersdorf,berlin,Gymnasium,2.56,2.392,0.168,0.859,-0.2734,-0.1017,0.1936,-0.1313,0.2107
berlin_04Y09,Walther-Rathenau-Gymnasium,Charlottenburg-Wilmersdorf,berlin,Gymnasium,2.35,2.392,-0.042,0.896,-0.1367,-0.162,0.1463,-0.1313,0.1819
berlin_10K09,Konrad-Wachsmann-Schule,Marzahn-Hellersdorf,berlin,ISS,,2.394,,0.873,-0.2361,-0.0343,0.0992,-0.1334,0.2043
berlin_08S04,Schule am Zwickauer Damm,Neukölln,berlin,ISS,,2.395,,0.885,-0.261,-0.0479,0.1381,-0.1306,0.2027
hamburg_5067-0,Julius-Leber-Schule,Eimsbüttel,hamburg,Stadtteilschule,,2.396,,0.911,-0.1657,-0.1336,0.1357,-0.0966,0.1617
hamburg_5897-0,Gymnasium Osterbek,Wandsbek,hamburg,Gymnasium,2.25,2.396,-0.146,0.867,-0.1864,-0.1214,0.08,-0.0563,0.186
berlin_05Y01,Freiherr-vom-Stein-Gymnasium,Spandau,berlin,Gymnasium,2.34,2.397,-0.057,0.845,-0.29,-0.0736,0.2005,-0.132,0.1981
berlin_08S08,Schilling-Schule,Neukölln,berlin,ISS,,2.398,,0.86,-0.1533,-0.0762,0.0766,-0.1306,0.187
berlin_07K11,Hugo-Gaudig-Schule,Tempelhof-Schöneberg,berlin,ISS,,2.399,,0.898,-0.2237,-0.0721,0.1342,-0.1348,0.2013
berlin_10K03,Kerschensteiner-Schule,Marzahn-Hellersdorf,berlin,ISS,,2.4,,0.843,-0.2361,-0.0142,0.08,-0.1334,0.2092
berlin_10Y08,Sartre-Gymnasium,Marzahn-Hellersdorf,berlin,Gymnasium,2.55,2.401,0.149,0.9,-0.2444,-0.0461,0.1351,-0.1334,0.1961
hamburg_5838-0,Gymnasium Bornbrook,Bergedorf,hamburg,Gymnasium,2.49,2.402,0.088,0.865,-0.2071,-0.0928,0.0807,-0.0632,0.19
berlin_01Y09,Diesterweg-Gymnasium,Mitte,berlin,Gymnasium,2.75,2.403,0.347,0.765,-0.3521,-0.0938,0.283,-0.1299,0.2019
berlin_04P35,Mentora Gymnasium (KEIN Schulbetrieb),Charlottenburg-Wilmersdorf,berlin,Gymnasium,,2.403,,0.88,-0.2195,-0.1493,0.2078,-0.1313,0.2015
berlin_01K01,Willy-Brandt-Schule,Mitte,berlin,ISS,,2.405,,0.763,-0.3521,-0.0957,0.2864,-0.1299,0.2024
hamburg_5093-0,Stadtteilschule Süderelbe,Harburg,hamburg,Stadtteilschule,,2.406,,0.92,-0.2485,-0.0727,0.1298,-0.0778,0.1806
berlin_06K04,Bröndby-Schule (Integrierte Sekundarschule),Steglitz-Zehlendorf,berlin,ISS,2.87,2.407,0.463,0.859,-0.1367,-0.0818,0.0938,-0.1369,0.1741
berlin_04K06,Schule am Schloss (Integrierte Sekundarschule),Charlottenburg-Wilmersdorf,berlin,ISS,,2.407,,0.894,-0.203,-0.129,0.1744,-0.1313,0.2022
hamburg_5657-0,Stadtteilschule Richard-Linde-Weg,Bergedorf,hamburg,Stadtteilschule,,2.409,,0.866,-0.2071,-0.0777,0.0802,-0.0632,0.1824
berlin_07Y05,Luise-Henriette-Gymnasium,Tempelhof-Schöneberg,berlin,Gymnasium,2.47,2.41,0.06,0.883,-0.1947,-0.0711,0.1148,-0.1348,0.2018
berlin_01Y13,Rosalind-Franklin-Gymnasium,Mitte,berlin,Gymnasium,,2.411,,0.854,-0.2692,-0.1203,0.2301,-0.1299,0.2059
berlin_10Y03,Wilhelm-von-Siemens-Gymnasium,Marzahn-Hellersdorf,berlin,Gymnasium,2.37,2.411,-0.041,0.856,-0.2444,-0.0177,0.0996,-0.1334,0.2127
hamburg_5063-0,Stadtteilschule Horn,Hamburg-Mitte,hamburg,Stadtteilschule,,2.411,,0.889,-0.2071,-0.1515,0.1294,-0.0528,0.1983
hamburg_5063-6,Stadtteilschule Horn,Hamburg-Mitte,hamburg,Stadtteilschule,,2.411,,0.889,-0.2071,-0.1515,0.1294,-0.0528,0.1983
berlin_12K05,Gustav-Freytag-Schule (Integrierte Sekundarschule),Reinickendorf,berlin,ISS,,2.413,,0.864,-0.261,-0.0776,0.1908,-0.1341,0.2004
hamburg_5675-0,Stadtteilschule Osterbek,Wandsbek,hamburg,Stadtteilschule,,2.416,,0.853,-0.1657,-0.1197,0.077,-0.0563,0.1864
berlin_10K02,Ernst-Haeckel-Schule,Marzahn-Hellersdorf,berlin,ISS,2.62,2.417,0.203,0.867,-0.203,-0.0344,0.0986,-0.1334,0.1947
berlin_05K09,Schule am Staakener Kleeblatt (Integrierte Sekundarschule),Spandau,berlin,ISS,3.1,2.417,0.683,0.785,-0.0911,-0.0657,0.0543,-0.132,0.1574
hamburg_5664-0,Lessing-Stadtteilschule,Harburg,hamburg,Stadtteilschule,,2.418,,0.933,-0.1864,-0.1217,0.1553,-0.1063,0.1826
berlin_10K05,Jean-Piaget-Schule,Marzahn-Hellersdorf,berlin,ISS,,2.419,,0.886,-0.2444,-0.049,0.1547,-0.1334,0.1974
hamburg_5835-0,Gymnasium Heidberg,Hamburg-Nord,hamburg,Gymnasium,2.27,2.419,-0.149,0.823,-0.145,-0.138,0.1149,-0.0459,0.1383
berlin_11K11,Paul-Schmidt-Schule (Integrierte Sekundarschule),Lichtenberg,berlin,ISS,,2.421,,0.871,-0.1988,-0.0679,0.162,-0.1327,0.164
berlin_04P40,Berlin British School (Integrierte Sekundarschule),Charlottenburg-Wilmersdorf,berlin,ISS,,2.422,,0.858,-0.1243,-0.1111,0.0935,-0.1313,0.2011
berlin_11K15,Kosmos-Schule (Integrierte Sekundarschule),Lichtenberg,berlin,ISS,,2.422,,0.67,-0.1698,-0.1551,0.3152,-0.1327,0.0702
berlin_07K02,Carl-Zeiss-Schule,Tempelhof-Schöneberg,berlin,ISS,2.63,2.423,0.207,0.843,-0.1326,-0.0807,0.0822,-0.1348,0.1946
berlin_04Y02,Wald-Gymnasium,Charlottenburg-Wilmersdorf,berlin,Gymnasium,2.31,2.425,-0.115,0.859,-0.1118,-0.1648,0.1663,-0.1313,0.1725
hamburg_7910-0,Neue Schule Hamburg,Wandsbek,hamburg,Stadtteilschule,,2.425,,0.818,-0.2071,-0.1017,0.0911,-0.016,0.1647
berlin_02K08,Refik-Veseli-Schule (Integrierte Sekundarschule),Friedrichshain-Kreuzberg,berlin,ISS,2.69,2.427,0.263,0.853,-0.2651,-0.0928,0.2137,-0.1293,0.2061
hamburg_5670-0,Otto-Hahn-Schule,Wandsbek,hamburg,Stadtteilschule,,2.428,,0.893,-0.2071,-0.1283,0.1818,-0.0827,0.1706
berlin_11A07,Schul- und Leistungssportzentrum Berlin (Sportforum),Lichtenberg,berlin,ISS,2.34,2.429,-0.089,0.842,-0.116,-0.0896,0.0804,-0.1327,0.1925
berlin_02Y07,Robert-Koch-Gymnasium,Friedrichshain-Kreuzberg,berlin,Gymnasium,2.53,2.429,0.101,0.853,-0.2651,-0.0924,0.217,-0.1293,0.2042
hamburg_5099-0,Schule auf der Veddel,Hamburg-Mitte,hamburg,Stadtteilschule,,2.429,,0.761,-0.3314,-0.1286,0.3527,-0.1223,0.1647
hamburg_5672-0,Stadtteilschule In den Reethen,Harburg,hamburg,Stadtteilschule,,2.429,,0.892,-0.2071,-0.1314,0.1795,-0.0778,0.1714
hamburg_5828-0,Gymnasium Neugraben,Harburg,hamburg,Gymnasium,2.0,2.429,-0.429,0.892,-0.2071,-0.1314,0.1795,-0.0778,0.1714
berlin_10Y11,Melanchthon-Gymnasium,Marzahn-Hellersdorf,berlin,Gymnasium,2.28,2.43,-0.15,0.856,-0.261,-0.0373,0.1599,-0.1334,0.2075
hamburg_5890-0,Gymnasium Meiendorf,Wandsbek,hamburg,Gymnasium,2.16,2.431,-0.271,0.813,-0.1657,-0.1362,0.0932,-0.016,0.161
berlin_02K09,Albrecht-von-Graefe-Schule (Integrierte Sekundarschule),Friedrichshain-Kreuzberg,berlin,ISS,,2.432,,0.848,-0.2651,-0.0967,0.2218,-0.1293,0.2076
berlin_05K07,Schule an der Jungfernheide (Integrierte Sekundarschule),Spandau,berlin,ISS,2.93,2.432,0.498,0.857,-0.2568,-0.0802,0.2321,-0.132,0.1749
berlin_02Y08,Hermann-Hesse-Gymnasium,Friedrichshain-Kreuzberg,berlin,Gymnasium,2.55,2.432,0.118,0.848,-0.2651,-0.0993,0.2252,-0.1293,0.2062
berlin_08K11,Alfred-Nobel-Schule,Neukölln,berlin,ISS,,2.433,,0.858,-0.1284,-0.0812,0.0904,-0.1306,0.1883
berlin_10K01,Rudolf-Virchow-Schule,Marzahn-Hellersdorf,berlin,ISS,2.8,2.435,0.365,0.814,-0.1905,-0.0074,0.0684,-0.1334,0.2041
hamburg_5650-0,Grund- und Stadtteilschule Altrahlstedt,Wandsbek,hamburg,Stadtteilschule,,2.435,,0.788,-0.1657,-0.1219,0.1045,-0.016,0.14
hamburg_5650-2,Grund- und Stadtteilschule Altrahlstedt,Wandsbek,hamburg,Stadtteilschule,,2.435,,0.788,-0.1657,-0.1219,0.1045,-0.016,0.14
hamburg_5650-3,Grund- und Stadtteilschule Altrahlstedt,Wandsbek,hamburg,Stadtteilschule,,2.435,,0.788,-0.1657,-0.1219,0.1045,-0.016,0.14
berlin_08Y05,Leonardo-da-Vinci-Gymnasium,Neukölln,berlin,Gymnasium,2.66,2.441,0.219,0.867,-0.1326,-0.0746,0.12,-0.1306,0.1651
berlin_12K06,Benjamin-Franklin-Schule (Integrierte Sekundarschule),Reinickendorf,berlin,ISS,,2.444,,0.88,-0.1326,-0.0905,0.1185,-0.1341,0.1887
berlin_04P05,Evangelische Schule Charlottenburg (Integrierte Sekundarschule),Charlottenburg-Wilmersdorf,berlin,ISS,,2.444,,0.868,-0.1947,-0.135,0.2045,-0.1313,0.2059
hamburg_5083-0,Stadtteilschule Eidelstedt,Eimsbüttel,hamburg,Stadtteilschule,,2.444,,0.825,-0.145,-0.1219,0.1519,-0.0709,0.1355
hamburg_5083-1,Stadtteilschule Eidelstedt,Eimsbüttel,hamburg,Stadtteilschule,,2.444,,0.825,-0.145,-0.1219,0.1519,-0.0709,0.1355
berlin_11Y12,12. Schule (Gymnasium),Lichtenberg,berlin,Gymnasium,,2.449,,0.609,-0.1615,-0.1695,0.3625,-0.1327,0.0557
berlin_08Y04,Ernst-Abbe-Gymnasium,Neukölln,berlin,Gymnasium,2.61,2.451,0.159,0.837,-0.261,-0.0935,0.2327,-0.1306,0.2096
berlin_08S09,Schule an der Windmühle,Neukölln,berlin,ISS,,2.457,,0.888,-0.1284,-0.0823,0.1246,-0.1306,0.1791
berlin_09P21,NEWSchool (Integrierte Sekundarschule) (KEIN Schulbetrieb),Treptow-Köpenick,berlin,ISS,,2.458,,0.853,-0.2071,-0.0932,0.1932,-0.1362,0.2069
berlin_08Y02,Albert-Schweitzer-Gymnasium,Neukölln,berlin,Gymnasium,2.48,2.458,0.022,0.831,-0.261,-0.0993,0.2454,-0.1306,0.2098
berlin_10K07,Caspar-David-Friedrich-Schule,Marzahn-Hellersdorf,berlin,ISS,,2.46,,0.87,-0.1905,-0.0419,0.1312,-0.1334,0.2001
berlin_05Y02,Kant-Gymnasium,Spandau,berlin,Gymnasium,2.46,2.46,-0.0,0.862,-0.2278,-0.0783,0.2081,-0.132,0.1962
hamburg_5803-0,Gymnasium Süderelbe,Harburg,hamburg,Gymnasium,2.22,2.46,-0.24,0.895,-0.2071,-0.0798,0.1451,-0.0778,0.185
hamburg_5898-0,Gymnasium Marienthal,Wandsbek,hamburg,Gymnasium,2.59,2.464,0.126,0.891,-0.2071,-0.1236,0.2079,-0.091,0.1833
berlin_08P04,Katholische Schule Sankt Marien,Neukölln,berlin,ISS-Gymnasium,,2.466,,0.822,-0.2651,-0.0977,0.2576,-0.1306,0.2075
berlin_05K08,Schule an der Haveldüne (Integrierte Sekundarschule),Spandau,berlin,ISS,2.88,2.466,0.414,0.843,-0.0953,-0.0757,0.102,-0.132,0.1724
berlin_08P03,Evangelische Schule Neukölln (Integrierte Sekundarschule),Neukölln,berlin,ISS,,2.469,,0.824,-0.261,-0.0966,0.2526,-0.1306,0.2102
berlin_08K09,Röntgen-Schule,Treptow-Köpenick,berlin,ISS,2.05,2.469,-0.419,0.845,-0.2071,-0.0924,0.2038,-0.1362,0.2068
berlin_08Y01,Albrecht-Dürer-Gymnasium,Neukölln,berlin,Gymnasium,2.45,2.469,-0.019,0.819,-0.2692,-0.0919,0.2665,-0.1306,0.2004
berlin_12Y02,Europäisches Gymnasium Bertha-von-Suttner,Reinickendorf,berlin,Gymnasium,2.03,2.469,-0.439,0.855,-0.2071,-0.078,0.1949,-0.1341,0.1986
berlin_10K15,15. Schule (Integrierte Sekundarschule),Marzahn-Hellersdorf,berlin,ISS,,2.471,,0.821,-0.1326,-0.047,0.0878,-0.1334,0.2021
berlin_08K04,Heinrich-Mann-Schule,Neukölln,berlin,ISS,,2.472,,0.848,-0.0953,-0.077,0.1123,-0.1306,0.1682
berlin_01Y07,Französisches Gymnasium,Mitte,berlin,Gymnasium,,2.472,,0.849,-0.232,-0.1199,0.2599,-0.1299,0.1999
berlin_08K10,Zuckmayer-Schule,Neukölln,berlin,ISS,,2.473,,0.814,-0.2692,-0.0895,0.2636,-0.1306,0.2051
berlin_08K12,Kepler-Schule,Neukölln,berlin,ISS,,2.482,,0.823,-0.261,-0.0522,0.2249,-0.1306,0.2071
hamburg_5800-0,Kurt-Körber-Gymnasium,Hamburg-Mitte,hamburg,Gymnasium,2.64,2.482,0.158,0.759,-0.3107,-0.1137,0.235,-0.009,0.1857
berlin_08K03,Otto-Hahn-Schule,Neukölln,berlin,ISS,2.95,2.484,0.466,0.854,-0.1947,-0.0937,0.2163,-0.1306,0.1924
berlin_07K03,Gustav-Heinemann-Oberschule,Tempelhof-Schöneberg,berlin,ISS,2.3,2.486,-0.186,0.838,-0.1367,-0.0457,0.1093,-0.1348,0.2002
berlin_11K04,Gutenberg-Schule,Lichtenberg,berlin,ISS,2.58,2.486,0.094,0.85,-0.1574,-0.069,0.142,-0.1327,0.209
berlin_01S01,Schule am Zille-Park,Mitte,berlin,ISS,,2.488,,0.797,-0.2775,-0.1062,0.31,-0.1299,0.1975
berlin_05K06,Wolfgang-Borchert-Schule (Integrierte Sekundarschule),Spandau,berlin,ISS,3.12,2.488,0.632,0.849,-0.203,-0.0735,0.2084,-0.132,0.1942
berlin_05P03,Evangelische Schule Spandau im Johannesstift,Spandau,berlin,ISS,,2.489,,0.765,-0.0041,-0.1077,0.0429,-0.132,0.1963
berlin_09A07,Flatow-Oberschule,Treptow-Köpenick,berlin,ISS,2.18,2.49,-0.31,0.773,-0.116,-0.0261,0.0645,-0.1362,0.2096
hamburg_5840-0,Alexander-von-Humboldt-Gymnasium,Harburg,hamburg,Gymnasium,2.32,2.494,-0.174,0.892,-0.1243,-0.1161,0.1639,-0.1063,0.1828
berlin_07K05,Solling-Schule,Tempelhof-Schöneberg,berlin,ISS,,2.499,,0.85,-0.1367,-0.068,0.1534,-0.1348,0.1913
berlin_01S06,Albert-Gutzmann-Schule,Mitte,berlin,ISS,,2.501,,0.773,-0.29,-0.0918,0.3163,-0.1299,0.2025
berlin_05K03,Bertolt-Brecht-Oberschule (Integrierte Sekundarschule),Spandau,berlin,ISS,2.86,2.503,0.357,0.845,-0.1408,-0.0816,0.1625,-0.132,0.2008
hamburg_5097-0,Brüder-Grimm-Schule,Hamburg-Mitte,hamburg,Stadtteilschule,,2.504,,0.83,-0.2071,-0.1037,0.2049,-0.0528,0.1683
berlin_09Y04,Anne-Frank-Gymnasium,Treptow-Köpenick,berlin,Gymnasium,2.23,2.513,-0.283,0.835,-0.1367,-0.0318,0.1216,-0.1362,0.2021
hamburg_5054-1,Max-Schmeling-Stadtteilschule,Wandsbek,hamburg,Stadtteilschule,,2.514,,0.859,-0.2071,-0.1021,0.2349,-0.091,0.1849
hamburg_5089-0,Stadtteilschule Öjendorf,Hamburg-Mitte,hamburg,Stadtteilschule,,2.516,,0.79,-0.2692,-0.0897,0.2073,-0.009,0.1826
hamburg_5070-0,Goethe-Schule-Harburg,Harburg,hamburg,Stadtteilschule,,2.517,,0.706,-0.3107,-0.1527,0.2888,-0.0056,0.2026
hamburg_5070-1,Goethe-Schule-Harburg,Harburg,hamburg,Stadtteilschule,,2.517,,0.706,-0.3107,-0.1527,0.2888,-0.0056,0.2026
hamburg_5057-0,Stadtteilschule Mümmelmannsberg,Hamburg-Mitte,hamburg,Stadtteilschule,,2.521,,0.724,-0.3107,-0.0068,0.1868,-0.009,0.1665
berlin_11K14,Elsa-Neumann-Schule (Integrierte Sekundarschule),Lichtenberg,berlin,ISS,,2.522,,0.826,-0.1988,-0.015,0.1633,-0.1327,0.2107
hamburg_5054-0,Max-Schmeling-Stadtteilschule,Wandsbek,hamburg,Stadtteilschule,,2.522,,0.851,-0.2071,-0.1021,0.2349,-0.0827,0.1849
hamburg_3203-0,Katholische Schule St. Paulus,Hamburg-Mitte,hamburg,Stadtteilschule,,2.522,,0.725,-0.3107,-0.116,0.265,-0.009,0.1987
hamburg_5807-0,Helmut-Schmidt-Gymnasium,Hamburg-Mitte,hamburg,Gymnasium,2.44,2.523,-0.083,0.739,-0.3107,-0.0956,0.2699,-0.0208,0.1856
berlin_12K03,Max-Beckmann-Schule (Integrierte Sekundarschule),Reinickendorf,berlin,ISS,2.7,2.524,0.176,0.824,-0.1947,-0.0586,0.2201,-0.1341,0.1967
hamburg_5066-0,Geschwister-Scholl-Stadtteilschule,Altona,hamburg,Stadtteilschule,,2.524,,0.86,-0.1657,-0.0814,0.1761,-0.0813,0.1822
berlin_05K04,Heinrich-Böll-Oberschule (Integrierte Sekundarschule),Spandau,berlin,ISS,2.61,2.531,0.079,0.832,-0.0497,-0.0848,0.1135,-0.132,0.1901
berlin_01P49,Quinoa-Schule Freie Sekundarschule Berlin Wedding,Mitte,berlin,ISS,,2.536,,0.815,-0.203,-0.0813,0.2538,-0.1299,0.202
hamburg_5075-0,Schule am See,Wandsbek,hamburg,Stadtteilschule,,2.536,,0.848,-0.1864,-0.0684,0.1949,-0.1008,0.2024
hamburg_5669-0,Stadtteilschule Fischbek-Falkenberg,Harburg,hamburg,Stadtteilschule,,2.543,,0.808,-0.0911,-0.1456,0.2011,-0.0778,0.1626
hamburg_5669-2,Stadtteilschule Fischbek-Falkenberg,Harburg,hamburg,Stadtteilschule,,2.543,,0.808,-0.0911,-0.1456,0.2011,-0.0778,0.1626
hamburg_5097-1,Brüder-Grimm-Schule,Hamburg-Mitte,hamburg,Stadtteilschule,,2.548,,0.783,-0.2071,-0.1037,0.2049,-0.009,0.1683
berlin_11S05,Schule am grünen Grund,Lichtenberg,berlin,ISS,,2.551,,0.699,-0.1698,-0.1103,0.349,-0.1327,0.1205
berlin_01P06,Canisius-Kolleg,Mitte,berlin,ISS-Gymnasium,,2.552,,0.787,-0.1408,-0.1559,0.2861,-0.1299,0.1985
hamburg_5072-0,Nelson-Mandela-Schule im Stadtteil Kirchdorf,Hamburg-Mitte,hamburg,Stadtteilschule,,2.553,,0.77,-0.2692,-0.0731,0.234,-0.0208,0.1877
berlin_05S01,Schule am Grüngürtel,Spandau,berlin,ISS,,2.554,,0.814,-0.1367,-0.067,0.1975,-0.132,0.1982
berlin_12P07,Private Goethe-Schulen,Reinickendorf,berlin,ISS-Gymnasium,,2.556,,0.812,-0.1326,-0.0284,0.1525,-0.1341,0.2048
berlin_06K10,Helene-Lange-Schule (Integrierte Sekundarschule),Steglitz-Zehlendorf,berlin,ISS,,2.558,,0.791,-0.0,-0.1038,0.1034,-0.1369,0.2015
hamburg_5677-0,Traute-Lafrenz-Schule,Harburg,hamburg,Stadtteilschule,,2.559,,0.769,-0.2278,-0.1493,0.2524,-0.0056,0.1956
hamburg_3216-0,Katholische Schule Harburg,Harburg,hamburg,Stadtteilschule,,2.559,,0.769,-0.2278,-0.1493,0.2524,-0.0056,0.1956
berlin_11Y09,Barnim-Gymnasium,Lichtenberg,berlin,Gymnasium,2.27,2.578,-0.308,0.8,-0.1284,-0.0311,0.1698,-0.1327,0.2057
berlin_01K07,Hemingway-Schule,Mitte,berlin,ISS,,2.584,,0.758,-0.0,-0.1823,0.2042,-0.1299,0.1974
hamburg_5703-0,Schule Maretstraße,Harburg,hamburg,Stadtteilschule,,2.591,,0.714,-0.2692,-0.1462,0.3204,-0.0056,0.1979
berlin_05Y04,Carl-Friedrich-von-Siemens-Gymnasium,Spandau,berlin,Gymnasium,2.58,2.595,-0.015,0.8,-0.0828,-0.0827,0.2182,-0.132,0.1801
berlin_12Y08,Thomas-Mann-Gymnasium,Reinickendorf,berlin,Gymnasium,2.68,2.596,0.084,0.781,-0.1367,-0.0259,0.186,-0.1341,0.2126
berlin_05P13,Wilhelmstadt Schulen,Spandau,berlin,ISS-Gymnasium,,2.604,,0.798,-0.0994,-0.0407,0.1999,-0.132,0.1822
hamburg_5095-0,Stadtteilschule Wilhelmsburg,Hamburg-Mitte,hamburg,Stadtteilschule,,2.617,,0.764,-0.1864,-0.097,0.2374,-0.0208,0.1895
hamburg_5095-1,Stadtteilschule Wilhelmsburg,Hamburg-Mitte,hamburg,Stadtteilschule,,2.617,,0.764,-0.1864,-0.097,0.2374,-0.0208,0.1895
berlin_12K02,Bettina-von-Arnim-Schule,Reinickendorf,berlin,ISS,2.6,2.618,-0.018,0.763,-0.1367,-0.0224,0.1982,-0.1341,0.2186
hamburg_3217-0,Katholische Bonifatiusschule,Hamburg-Mitte,hamburg,Stadtteilschule,,2.619,,0.76,-0.1864,-0.0865,0.2215,-0.0208,0.1972
berlin_12A44,Willkommensschule TXL,Charlottenburg-Wilmersdorf,berlin,ISS,,2.627,,0.659,-0.087,-0.0,0.2418,-0.1313,0.1093
berlin_05K01,Martin-Buber-Oberschule (Integrierte Sekundarschule),Spandau,berlin,ISS,2.34,2.632,-0.292,0.771,-0.0911,-0.0481,0.209,-0.132,0.1995
hamburg_8120-0,Demokratische Schule FLeKS,Hamburg-Mitte,hamburg,Stadtteilschule,,2.632,,0.742,-0.2071,-0.1027,0.2661,-0.0208,0.2028
berlin_05P19,SIS Swiss International School Berlin,Spandau,berlin,ISS,,2.634,,0.777,-0.087,-0.0468,0.2183,-0.132,0.1869
hamburg_5658-0,Schule Stübenhofer Weg,Hamburg-Mitte,hamburg,Stadtteilschule,,2.639,,0.757,-0.2071,-0.0146,0.1965,-0.0208,0.1909
berlin_05K02,Carlo-Schmid-Oberschule (Integrierte Sekundarschule),Spandau,berlin,ISS,2.6,2.651,-0.051,0.765,-0.0911,-0.0441,0.2386,-0.132,0.186
berlin_03K10,Hufeland-Schule (Integrierte Sekundarschule),Pankow,berlin,ISS,,2.656,,0.776,-0.0,-0.0188,0.1336,-0.1355,0.183
berlin_08K02,Hermann-von-Helmholtz-Schule,Neukölln,berlin,ISS,,2.668,,0.761,-0.0,-0.0468,0.1466,-0.1306,0.205
berlin_01K06,Herbert-Hoover-Schule (Integrierte Sekundarschule),Mitte,berlin,ISS,,2.788,,0.677,-0.0,-0.0933,0.3192,-0.1299,0.1978
