Schul-nummer,Landkreis,Gemeinde,rechtsform,gesamtschultyp,schulname,plz,ort,strasse,Telefon- vorwahl,Telefon-nummer,Kennung Internat,Vorklassen,Grundschulen,davon an_Eingangsstufe,Grundschule (inkl. GFLX),Förderstufe,Hauptschule,Mittelstufen-schule,Realschule,gesamtschultyp.1,Gymnasien,davon an_Gymnasien (Mittelstufe),Gymnasien (Oberstufe),Förderschulen,Förderschule mit Förderschwerpunkt_Sehen,emotionale und soziale Entwicklung,Hören,körperliche und motorische Entwicklung,Kranke,Lernen,Sprachheil-förderung,geistige Entwicklung,Realschul-klassen,Nichtdeutscher Herkunfts- sprache,Schulen für Erwachsene,davon an_Abend-hauptschule,Abend-realschule,Abend-gymnasium,Kolleg,Schülerinnen und Schüler insgesamt mit Vorklassen,Schülerinnen und Schüler insgesamt ohne Vorklassen,fax,email,traegerschaft,schueler_gesamt,ndh_count,school_type,stadt,bundesland,data_source,data_retrieved,latitude,longitude,traffic_accidents_total,traffic_accidents_per_year,traffic_accidents_fatal,traffic_accidents_serious,traffic_accidents_minor,traffic_accidents_bicycle,traffic_accidents_pedestrian,traffic_accidents_school_hours,traffic_nearest_accident_m,traffic_data_years,traffic_data_source
3101,412,0,1,,Minna-Specht-Schule,60529,Frankfurt am Main,Hans-Pfitzner-Straße 18,69,21245563,,14.0,244,,244,,,,,,,,,,,,,,,,,,,13.0,,,,,,271,257,21245556,poststelle@minna-specht-schule.frankfurt.schulverwaltung.hessen.de,Öffentlich,257,13.0,Grundschule,Frankfurt am Main,Hessen,Hessisches Statistisches Landesamt Verzeichnis 6,2026-03-30,50.0855,8.58649,19,6.3,0,1,18,7,2,13,113,"2024,2023,2022",Unfallatlas
3102,412,0,1,,Münzenbergerschule,60435,Frankfurt am Main,Engelthaler Straße 34,69,21238756,,17.0,281,,281,,,,,,,,,,,,,,,,,,,13.0,,,,,,311,294,21238582,poststelle@muenzenbergerschule.frankfurt.schulverwaltung.hessen.de,Öffentlich,294,13.0,Grundschule,Frankfurt am Main,Hessen,Hessisches Statistisches Landesamt Verzeichnis 6,2026-03-30,50.1506,8.68437,34,11.3,0,7,27,15,8,20,52,"2024,2023,2022",Unfallatlas
3103,412,0,1,,Niddaschule,65934,Frankfurt am Main,Oeserstraße 2,69,21245557,,,260,,260,,,,,,,,,,,,,,,,,,,13.0,,,,,,273,273,21245691,poststelle@niddaschule.frankfurt.schulverwaltung.hessen.de,Öffentlich,273,13.0,Grundschule,Frankfurt am Main,Hessen,Hessisches Statistisches Landesamt Verzeichnis 6,2026-03-30,50.1015,8.56608,45,15.0,0,12,33,7,8,23,37,"2024,2023,2022",Unfallatlas
3104,412,0,1,,Pestalozzischule,60386,Frankfurt am Main,Vatterstraße 1,69,21248685,,,287,,287,,,,,,,,,,,,,,,,,,,,,,,,,287,287,21248356,poststelle@pestalozzischule.frankfurt.schulverwaltung.hessen.de,Öffentlich,287,,Grundschule,Frankfurt am Main,Hessen,Hessisches Statistisches Landesamt Verzeichnis 6,2026-03-30,50.133,8.73364,20,6.7,0,3,17,6,2,11,209,"2024,2023,2022",Unfallatlas
3105,412,0,1,,Riedhofschule,60596,Frankfurt am Main,Riedhofweg 15 - 19,69,21235264,,8.0,379,,379,,,,,,,,,,,,,,,,,,,14.0,,,,,,401,393,21234393,poststelle@riedhofschule.frankfurt.schulverwaltung.hessen.de,Öffentlich,393,14.0,Grundschule,Frankfurt am Main,Hessen,Hessisches Statistisches Landesamt Verzeichnis 6,2026-03-30,50.0928,8.67361,43,14.3,0,4,39,21,9,19,148,"2024,2023,2022",Unfallatlas
3106,412,0,1,,Robert-Blum-Schule,65929,Frankfurt am Main,Gerlachstraße 1,69,21245558,,29.0,463,,463,,,,,,,,,,,,,,,,,,,12.0,,,,,,504,475,21245618,poststelle@robert-blum-schule.frankfurt.schulverwaltung.hessen.de,Öffentlich,475,12.0,Grundschule,Frankfurt am Main,Hessen,Hessisches Statistisches Landesamt Verzeichnis 6,2026-03-30,50.1073,8.5485,71,23.7,0,3,68,20,11,39,55,"2024,2023,2022",Unfallatlas
3107,412,0,1,,Robert-Schumann-Schule,60439,Frankfurt am Main,Heddernheimer Kirchstraße 13,69,21238734,,,377,,377,,,,,,,,,,,,,,,,,,,,,,,,,377,377,21232099,poststelle@robert-schumann-schule.frankfurt.schulverwaltung.hessen.de,Öffentlich,377,,Grundschule,Frankfurt am Main,Hessen,Hessisches Statistisches Landesamt Verzeichnis 6,2026-03-30,50.1581,8.64559,48,16.0,0,4,44,23,11,23,44,"2024,2023,2022",Unfallatlas
3111,412,0,1,,Gruneliusschule,60599,Frankfurt am Main,Wiener Straße 13,69,21235294,,14.0,402,,402,,,,,,,,,,,,,,,,,,,,,,,,,416,402,21274975,poststelle@gruneliusschule.frankfurt.schulverwaltung.hessen.de,Öffentlich,402,,Grundschule,Frankfurt am Main,Hessen,Hessisches Statistisches Landesamt Verzeichnis 6,2026-03-30,50.0978,8.72672,17,5.7,0,1,16,5,4,11,51,"2024,2023,2022",Unfallatlas
3112,412,0,1,,Heinrich-Kromer-Schule,60439,Frankfurt am Main,Niederurseler Landstraße 58 - 60,69,21234287,,17.0,371,,371,,,,,,,,,,,,,,,,,,,,,,,,,388,371,21232752,poststelle@heinrich-kromer-schule.frankfurt.schulverwaltung.hessen.de,Öffentlich,371,,Grundschule,Frankfurt am Main,Hessen,Hessisches Statistisches Landesamt Verzeichnis 6,2026-03-30,50.1657,8.62592,23,7.7,0,4,19,8,1,15,75,"2024,2023,2022",Unfallatlas
3113,412,0,1,,Holzhausenschule,60323,Frankfurt am Main,Miquelallee 162,69,21235256,,,472,34.0,438,,,,,,,,,,,,,,,,,,,12.0,,,,,,484,484,21233447,poststelle@holzhausenschule.frankfurt.schulverwaltung.hessen.de,Öffentlich,484,12.0,Grundschule,Frankfurt am Main,Hessen,Hessisches Statistisches Landesamt Verzeichnis 6,2026-03-30,50.1279,8.67244,78,26.0,1,9,68,26,8,42,7,"2024,2023,2022",Unfallatlas
3115,412,0,1,,Käthe-Kollwitz-Schule,65931,Frankfurt am Main,West-Höchster-Straße 103,69,30066887,,18.0,305,,305,,,,,,,,,,,,,,,,,,,12.0,,,,,,335,317,361068,poststelle@kaethe-kollwitz-schule.frankfurt.schulverwaltung.hessen.de,Öffentlich,317,12.0,Grundschule,Frankfurt am Main,Hessen,Hessisches Statistisches Landesamt Verzeichnis 6,2026-03-30,50.0937,8.49565,15,5.0,0,3,12,4,1,7,55,"2024,2023,2022",Unfallatlas
3116,412,0,1,,Karl-von-Ibell-Schule,65929,Frankfurt am Main,Schmalkaldener Straße 8,69,21245164,,,429,,429,,,,,,,,,,,,,,,,,,,,,,,,,429,429,21245165,poststelle@karl-von-ibell-schule.frankfurt.schulverwaltung.hessen.de,Öffentlich,429,,Grundschule,Frankfurt am Main,Hessen,Hessisches Statistisches Landesamt Verzeichnis 6,2026-03-30,50.1094,8.52718,28,9.3,1,1,26,5,2,13,96,"2024,2023,2022",Unfallatlas
3117,412,0,1,,Karmeliterschule,60329,Frankfurt am Main,Moselstraße 11,69,21235338,,,112,,112,,,,,,,,,,,,,,,,,,,15.0,,,,,,127,127,21235215,poststelle@karmeliterschule.frankfurt.schulverwaltung.hessen.de,Öffentlich,127,15.0,Grundschule,Frankfurt am Main,Hessen,Hessisches Statistisches Landesamt Verzeichnis 6,2026-03-30,50.1066,8.66786,229,76.3,0,30,199,78,61,100,44,"2024,2023,2022",Unfallatlas
3118,412,0,1,,Kerschensteinerschule,60488,Frankfurt am Main,Am Spritzenhaus 2,69,21245192,,,341,,341,,,,,,,,,,,,,,,,,,,16.0,,,,,,357,357,21245190,poststelle@kerschensteinerschule.frankfurt.schulverwaltung.hessen.de,Öffentlich,357,16.0,Grundschule,Frankfurt am Main,Hessen,Hessisches Statistisches Landesamt Verzeichnis 6,2026-03-30,50.1326,8.62226,58,19.3,1,6,51,17,6,28,42,"2024,2023,2022",Unfallatlas
3120,412,0,1,,Ludwig-Richter-Schule,60433,Frankfurt am Main,Hinter den Ulmen 10,69,21233942,,,239,,239,,,,,,,,,,,,,,,,,,,10.0,,,,,,249,249,21232746,poststelle@ludwig-richter-schule.frankfurt.schulverwaltung.hessen.de,Öffentlich,249,10.0,Grundschule,Frankfurt am Main,Hessen,Hessisches Statistisches Landesamt Verzeichnis 6,2026-03-30,50.1548,8.66127,32,10.7,0,6,26,19,2,25,56,"2024,2023,2022",Unfallatlas
3121,412,0,1,,Günderrode-Schule,60326,Frankfurt am Main,Hufnagelstraße 25,69,21233086,,,377,,377,,,,,,,,,,,,,,,,,,,11.0,,,,,,388,388,21239092,poststelle@guenderrodeschule.frankfurt.schulverwaltung.hessen.de,Öffentlich,388,11.0,Grundschule,Frankfurt am Main,Hessen,Hessisches Statistisches Landesamt Verzeichnis 6,2026-03-30,50.1044,8.64231,84,28.0,0,8,76,22,15,35,29,"2024,2023,2022",Unfallatlas
3122,412,0,1,,Goldsteinschule,60529,Frankfurt am Main,Am Wiesenhof 109,69,21232991,,,479,195.0,284,,,,,,,,,,,,,,,,,,,,,,,,,479,479,21232872,poststelle@goldsteinschule.frankfurt.schulverwaltung.hessen.de,Öffentlich,479,,Grundschule,Frankfurt am Main,Hessen,Hessisches Statistisches Landesamt Verzeichnis 6,2026-03-30,50.0803,8.60705,9,3.0,0,2,7,7,0,4,76,"2024,2023,2022",Unfallatlas
3123,412,0,1,,Ackermannschule,60326,Frankfurt am Main,Ackermannstraße 37,69,21235549,,14.0,281,,281,,,,,,,,,,,,,,,,,,,12.0,,,,,,307,293,21242071,poststelle@ackermannschule.frankfurt.schulverwaltung.hessen.de,Öffentlich,293,12.0,Grundschule,Frankfurt am Main,Hessen,Hessisches Statistisches Landesamt Verzeichnis 6,2026-03-30,50.0991,8.62504,52,17.3,0,2,50,15,10,19,122,"2024,2023,2022",Unfallatlas
3124,412,0,1,,Adolf-Reichwein-Schule,65931,Frankfurt am Main,Lenzenbergstraße 70,69,21230790,,14.0,290,,290,,,,,,,,,,,,,,,,,,,,,,,,,304,290,21231632,poststelle@adolf-reichwein-schule.frankfurt.schulverwaltung.hessen.de,Öffentlich,290,,Grundschule,Frankfurt am Main,Hessen,Hessisches Statistisches Landesamt Verzeichnis 6,2026-03-30,50.1013,8.50287,14,4.7,0,4,10,2,6,5,128,"2024,2023,2022",Unfallatlas
3125,412,0,1,,Albert-Schweitzer-Schule,60433,Frankfurt am Main,Berkersheimer Weg 26,69,21271830,,16.0,263,,263,,,,,,,,,,,,,,,,,,,12.0,,,,,,291,275,21271965,poststelle@albert-schweitzer-schule.frankfurt.schulverwaltung.hessen.de,Öffentlich,275,12.0,Grundschule,Frankfurt am Main,Hessen,Hessisches Statistisches Landesamt Verzeichnis 6,2026-03-30,50.167,8.6745,29,9.7,0,4,25,9,7,19,78,"2024,2023,2022",Unfallatlas
3127,412,0,1,,August-Gräser-Schule,60529,Frankfurt am Main,Gerolsteiner Straße 2,69,21236719,,,250,,250,,,,,,,,,,,,,,,,,,,14.0,,,,,,264,264,21238066,poststelle@august-graeser-schule.frankfurt.schulverwaltung.hessen.de,Öffentlich,264,14.0,Grundschule,Frankfurt am Main,Hessen,Hessisches Statistisches Landesamt Verzeichnis 6,2026-03-30,50.0882,8.57697,14,4.7,0,2,12,5,0,8,175,"2024,2023,2022",Unfallatlas
3128,412,0,1,,Steffi-Jones-Schule,60437,Frankfurt am Main,Harheimer Weg 16,69,21238564,,,334,,334,,,,,,,,,,,,,,,,,,,13.0,,,,,,347,347,21238459,poststelle@steffi-jones-schule.frankfurt.schulverwaltung.hessen.de,Öffentlich,347,13.0,Grundschule,Frankfurt am Main,Hessen,Hessisches Statistisches Landesamt Verzeichnis 6,2026-03-30,50.1828,8.66858,16,5.3,0,5,11,8,8,8,206,"2024,2023,2022",Unfallatlas
3129,412,0,1,,Berthold-Otto-Schule,65933,Frankfurt am Main,Kiefernstraße 18 A,69,21233901,,17.0,313,,313,,,,,,,,,,,,,,,,,,,,,,,,,330,313,21242626,poststelle@berthold-otto-schule.frankfurt.schulverwaltung.hessen.de,Öffentlich,313,,Grundschule,Frankfurt am Main,Hessen,Hessisches Statistisches Landesamt Verzeichnis 6,2026-03-30,50.0997,8.60645,45,15.0,0,7,38,13,9,27,59,"2024,2023,2022",Unfallatlas
3130,412,0,1,,Elsa-Brändström-Schule,60325,Frankfurt am Main,Lindenstraße 2,69,21235266,,10.0,271,,271,,,,,,,,,,,,,,,,,,,,,,,,,281,271,21237772,poststelle@elsa-braendstroem-schule.frankfurt.schulverwaltung.hessen.de,Öffentlich,271,,Grundschule,Frankfurt am Main,Hessen,Hessisches Statistisches Landesamt Verzeichnis 6,2026-03-30,50.1152,8.661,96,32.0,0,13,83,63,11,60,25,"2024,2023,2022",Unfallatlas
3131,412,0,1,,Engelbert-Humperdinck-Schule,60322,Frankfurt am Main,Wolfsgangstraße 106,69,21235137,,,305,,305,,,,,,,,,,,,,,,,,,,10.0,,,,,,315,315,21238214,poststelle@engelbert-humperdinck-schule.frankfurt.schulverwaltung.hessen.de,Öffentlich,315,10.0,Grundschule,Frankfurt am Main,Hessen,Hessisches Statistisches Landesamt Verzeichnis 6,2026-03-30,50.1238,8.67077,84,28.0,1,7,76,47,10,55,58,"2024,2023,2022",Unfallatlas
3132,412,0,1,,Franckeschule,60487,Frankfurt am Main,Falkstraße 71,69,21235282,,13.0,389,,389,,,,,,,,,,,,,,,,,,,,,,,,,402,389,21234480,poststelle@franckeschule.frankfurt.schulverwaltung.hessen.de,Öffentlich,389,,Grundschule,Frankfurt am Main,Hessen,Hessisches Statistisches Landesamt Verzeichnis 6,2026-03-30,50.1248,8.64502,51,17.0,0,3,48,27,13,33,80,"2024,2023,2022",Unfallatlas
3133,412,0,1,,Friedrich-Fröbel-Schule,60528,Frankfurt am Main,Else-Alken-Straße 3,69,21243316,,,478,,478,,,,,,,,,,,,,,,,,,,,,,,,,478,478,21249440,poststelle@friedrich-froebel-schule.frankfurt.schulverwaltung.hessen.de,Öffentlich,478,,Grundschule,Frankfurt am Main,Hessen,Hessisches Statistisches Landesamt Verzeichnis 6,2026-03-30,50.0796,8.64294,29,9.7,0,2,27,12,8,18,123,"2024,2023,2022",Unfallatlas
3134,412,0,1,,Friedrich-List-Schule,65934,Frankfurt am Main,Heusingerstraße 14,69,38010022,,,332,,332,,,,,,,,,,,,,,,,,,,,,,,,,332,332,382075,poststelle@friedrich-list-schule.frankfurt.schulverwaltung.hessen.de,Öffentlich,332,,Grundschule,Frankfurt am Main,Hessen,Hessisches Statistisches Landesamt Verzeichnis 6,2026-03-30,50.1073,8.58107,16,5.3,0,3,13,5,2,10,103,"2024,2023,2022",Unfallatlas
3135,412,0,1,,Dahlmannschule,60385,Frankfurt am Main,Luxemburgerallee 24,69,21235278,,,367,,367,,,,,,,,,,,,,,,,,,,,,,,,,367,367,21231190,poststelle@dahlmannschule.frankfurt.schulverwaltung.hessen.de,Öffentlich,367,,Grundschule,Frankfurt am Main,Hessen,Hessisches Statistisches Landesamt Verzeichnis 6,2026-03-30,50.1189,8.71197,39,13.0,0,7,32,20,4,20,151,"2024,2023,2022",Unfallatlas
3136,412,0,1,,Diesterwegschule,60431,Frankfurt am Main,Ginnheimer Waldgasse 30,69,21242881,,10.0,369,,369,,,,,,,,,,,,,,,,,,,,,,,,,379,369,21242805,poststelle@diesterwegschule.frankfurt.schulverwaltung.hessen.de,Öffentlich,369,,Grundschule,Frankfurt am Main,Hessen,Hessisches Statistisches Landesamt Verzeichnis 6,2026-03-30,50.1455,8.65083,19,6.3,0,2,17,10,3,9,66,"2024,2023,2022",Unfallatlas
3137,412,0,1,,Ebelfeldschule,60488,Frankfurt am Main,Praunheimer Hohl 4,69,21235598,,9.0,381,,381,,,,,,,,,,,,,,,,,,,,,,,,,390,381,21230195,poststelle@ebelfeldschule.frankfurt.schulverwaltung.hessen.de,Öffentlich,381,,Grundschule,Frankfurt am Main,Hessen,Hessisches Statistisches Landesamt Verzeichnis 6,2026-03-30,50.1412,8.61348,11,3.7,0,2,9,6,3,7,136,"2024,2023,2022",Unfallatlas
3138,412,0,1,,Eichendorffschule,65933,Frankfurt am Main,Waldschulstraße 83,69,21243113,,,242,,242,,,,,,,,,,,,,,,,,,,12.0,,,,,,254,254,21242912,poststelle@eichendorffschule.frankfurt.schulverwaltung.hessen.de,Öffentlich,254,12.0,Grundschule,Frankfurt am Main,Hessen,Hessisches Statistisches Landesamt Verzeichnis 6,2026-03-30,50.1033,8.60205,51,17.0,0,5,46,11,12,32,83,"2024,2023,2022",Unfallatlas
3148,412,0,1,,Mühlbergschule,60599,Frankfurt am Main,Lettigkautweg 8,69,21245579,,,399,,399,,,,,,,,,,,,,,,,,,,11.0,,,,,,410,410,21245568,poststelle@muehlbergschule.frankfurt.schulverwaltung.hessen.de,Öffentlich,410,11.0,Grundschule,Frankfurt am Main,Hessen,Hessisches Statistisches Landesamt Verzeichnis 6,2026-03-30,50.0982,8.70286,17,5.7,0,0,17,6,1,13,164,"2024,2023,2022",Unfallatlas
3149,412,0,1,,Römerstadtschule,60439,Frankfurt am Main,In der Römerstadt 120 E,69,21234978,,,370,,370,,,,,,,,,,,,,,,,,,,,,,,,,370,370,21232009,poststelle@roemerstadtschule.frankfurt.schulverwaltung.hessen.de,Öffentlich,370,,Grundschule,Frankfurt am Main,Hessen,Hessisches Statistisches Landesamt Verzeichnis 6,2026-03-30,50.154,8.63315,43,14.3,1,5,37,10,5,26,113,"2024,2023,2022",Unfallatlas
3150,412,0,1,,Schwarzburgschule,60318,Frankfurt am Main,Lenaustraße 81,69,21233940,,,284,,284,,,,,,,,,,,,,,,,,,,,,,,,,284,284,21230750,poststelle@schwarzburgschule.frankfurt.schulverwaltung.hessen.de,Öffentlich,284,,Grundschule,Frankfurt am Main,Hessen,Hessisches Statistisches Landesamt Verzeichnis 6,2026-03-30,50.1265,8.68983,139,46.3,0,18,121,59,10,67,72,"2024,2023,2022",Unfallatlas
3151,412,0,1,,Textorschule,60594,Frankfurt am Main,Oppenheimer Landstraße 15,69,21241161,,,404,,404,,,,,,,,,,,,,,,,,,,11.0,,,,,,415,415,21239598,poststelle@textorschule.frankfurt.schulverwaltung.hessen.de,Öffentlich,415,11.0,Grundschule,Frankfurt am Main,Hessen,Hessisches Statistisches Landesamt Verzeichnis 6,2026-03-30,50.1027,8.6817,133,44.3,0,14,119,59,27,61,90,"2024,2023,2022",Unfallatlas
3152,412,0,1,,Theobald-Ziegler-Schule,60435,Frankfurt am Main,Theobald-Ziegler-Straße 10,69,21238755,,13.0,314,,314,,,,,,,,,,,,,,,,,,,,,,,,,327,314,21230706,poststelle@theobald-ziegler-schule.frankfurt.schulverwaltung.hessen.de,Öffentlich,314,,Grundschule,Frankfurt am Main,Hessen,Hessisches Statistisches Landesamt Verzeichnis 6,2026-03-30,50.1481,8.69085,33,11.0,0,8,25,11,7,14,13,"2024,2023,2022",Unfallatlas
3153,412,0,1,,Willemerschule,60594,Frankfurt am Main,Willemerstraße 12,69,21233529,,,336,,336,,,,,,,,,,,,,,,,,,,13.0,,,,,,349,349,21238523,poststelle@willemerschule.frankfurt.schulverwaltung.hessen.de,Öffentlich,349,13.0,Grundschule,Frankfurt am Main,Hessen,Hessisches Statistisches Landesamt Verzeichnis 6,2026-03-30,50.104,8.69286,136,45.3,0,21,115,55,29,64,45,"2024,2023,2022",Unfallatlas
3154,412,0,1,,Zentgrafenschule,60389,Frankfurt am Main,Wilhelmshöher Straße 124,69,21274050,,17.0,307,,307,,,,,,,,,,,,,,,,,,,,,,,,,324,307,21245632,poststelle@zentgrafenschule.frankfurt.schulverwaltung.hessen.de,Öffentlich,307,,Grundschule,Frankfurt am Main,Hessen,Hessisches Statistisches Landesamt Verzeichnis 6,2026-03-30,50.143,8.72667,20,6.7,0,3,17,9,2,6,49,"2024,2023,2022",Unfallatlas
3155,412,0,1,,Erich Kästner Schule,60439,Frankfurt am Main,Praunheimer Weg 44,69,21234515,,26.0,449,,449,,,,,,,,,,,,,,,,,,,11.0,,,,,,486,460,21232744,poststelle@erich-kaestner-schule.frankfurt.schulverwaltung.hessen.de,Öffentlich,460,11.0,Grundschule,Frankfurt am Main,Hessen,Hessisches Statistisches Landesamt Verzeichnis 6,2026-03-30,50.1615,8.62122,16,5.3,0,5,11,8,3,8,51,"2024,2023,2022",Unfallatlas
3156,412,0,1,,Brentanoschule,60489,Frankfurt am Main,Biedenkopfer Weg 33,69,21242713,,,189,,189,,,,,,,,,,,,,,,,,,,28.0,,,,,,217,217,21242770,poststelle@brentanoschule.frankfurt.schulverwaltung.hessen.de,Öffentlich,217,28.0,Grundschule,Frankfurt am Main,Hessen,Hessisches Statistisches Landesamt Verzeichnis 6,2026-03-30,50.1207,8.60364,6,2.0,0,0,6,5,1,4,257,"2024,2023,2022",Unfallatlas
3158,412,0,1,,Ludwig-Weber-Schule,65931,Frankfurt am Main,Paul-Kirchhof-Platz 13,69,21245465,,,214,84.0,130,,,,,,,,,,,,,,,,,,,,,,,,,214,214,21245476,poststelle@ludwig-weber-schule.frankfurt.schulverwaltung.hessen.de,Öffentlich,214,,Grundschule,Frankfurt am Main,Hessen,Hessisches Statistisches Landesamt Verzeichnis 6,2026-03-30,50.0879,8.50674,11,3.7,0,3,8,3,5,5,104,"2024,2023,2022",Unfallatlas
3159,412,0,1,,Heinrich-Seliger-Schule,60320,Frankfurt am Main,Mierendorffstraße 8,69,21235332,,12.0,395,,395,,,,,,,,,,,,,,,,,,,,,,,,,407,395,21232733,poststelle@heinrich-seliger-schule.frankfurt.schulverwaltung.hessen.de,Öffentlich,395,,Grundschule,Frankfurt am Main,Hessen,Hessisches Statistisches Landesamt Verzeichnis 6,2026-03-30,50.141,8.67439,75,25.0,1,10,64,35,12,47,56,"2024,2023,2022",Unfallatlas
3160,412,0,1,,Hellerhofschule,60326,Frankfurt am Main,Idsteiner Straße 47,69,21235301,,22.0,310,,310,,,,,,,,,,,,,,,,,,,35.0,,,,,,367,345,21235211,poststelle@hellerhofschule.frankfurt.schulverwaltung.hessen.de,Öffentlich,345,35.0,Grundschule,Frankfurt am Main,Hessen,Hessisches Statistisches Landesamt Verzeichnis 6,2026-03-30,50.1052,8.63372,74,24.7,0,4,70,21,18,33,67,"2024,2023,2022",Unfallatlas
3161,412,0,1,,Kirchnerschule,60385,Frankfurt am Main,Berger Straße 268,69,21235293,,,421,,421,,,,,,,,,,,,,,,,,,,,,,,,,421,421,21237603,poststelle@kirchnerschule.frankfurt.schulverwaltung.hessen.de,Öffentlich,421,,Grundschule,Frankfurt am Main,Hessen,Hessisches Statistisches Landesamt Verzeichnis 6,2026-03-30,50.1289,8.71214,73,24.3,1,8,64,38,17,41,89,"2024,2023,2022",Unfallatlas
3162,412,0,1,,Liebfrauenschule,60313,Frankfurt am Main,Schäfergasse 23,69,21235162,,14.0,363,,363,,,,,,,,,,,,,,,,,,,,,,,,,377,363,21231441,poststelle@liebfrauenschule.frankfurt.schulverwaltung.hessen.de,Öffentlich,363,,Grundschule,Frankfurt am Main,Hessen,Hessisches Statistisches Landesamt Verzeichnis 6,2026-03-30,50.1158,8.68464,262,87.3,1,21,240,112,64,106,23,"2024,2023,2022",Unfallatlas
3163,412,0,1,,Linnéschule,60385,Frankfurt am Main,Linnestraße 18 - 20,69,21235275,,,347,38.0,309,,,,,,,,,,,,,,,,,,,11.0,,,,,,358,358,21230390,poststelle@linneschule.frankfurt.schulverwaltung.hessen.de,Öffentlich,358,11.0,Grundschule,Frankfurt am Main,Hessen,Hessisches Statistisches Landesamt Verzeichnis 6,2026-03-30,50.1218,8.70664,75,25.0,0,9,66,34,15,41,134,"2024,2023,2022",Unfallatlas
3164,412,0,1,,Merianschule,60316,Frankfurt am Main,Burgstraße 21,69,21234479,,,305,,305,,,,,,,,,,,,,,,,,,,11.0,,,,,,316,316,21239851,poststelle@merianschule.frankfurt.schulverwaltung.hessen.de,Öffentlich,316,11.0,Grundschule,Frankfurt am Main,Hessen,Hessisches Statistisches Landesamt Verzeichnis 6,2026-03-30,50.1238,8.69625,143,47.7,0,24,119,72,18,67,141,"2024,2023,2022",Unfallatlas
3165,412,0,1,,Albrecht-Dürer-Schule,65936,Frankfurt am Main,Sossenheimer Riedstraße 13,69,21231662,,12.0,351,,351,,,,,,,,,,,,,,,,,,,13.0,,,,,,376,364,21236718,poststelle@albrecht-duerer-schule.frankfurt.schulverwaltung.hessen.de,Öffentlich,364,13.0,Grundschule,Frankfurt am Main,Hessen,Hessisches Statistisches Landesamt Verzeichnis 6,2026-03-30,50.121,8.57014,20,6.7,0,1,19,7,0,12,65,"2024,2023,2022",Unfallatlas
3166,412,0,1,,Berkersheimer Grundschule,60435,Frankfurt am Main,In den Gräben 5,69,21241005,,,260,,260,,,,,,,,,,,,,,,,,,,14.0,,,,,,274,274,21241108,poststelle@berkersheimer-grundschule.frankfurt.schulverwaltung.hessen.de,Öffentlich,274,14.0,Grundschule,Frankfurt am Main,Hessen,Hessisches Statistisches Landesamt Verzeichnis 6,2026-03-30,50.1738,8.69624,3,1.0,0,1,2,2,1,2,209,"2024,2023,2022",Unfallatlas
3167,412,0,1,,Boehleschule,65933,Frankfurt am Main,Jungmannstraße 3 - 5,69,21242670,,12.0,251,,251,,,,,,,,,,,,,,,,,,,,,,,,,263,251,21242709,poststelle@boehleschule.frankfurt.schulverwaltung.hessen.de,Öffentlich,251,,Grundschule,Frankfurt am Main,Hessen,Hessisches Statistisches Landesamt Verzeichnis 6,2026-03-30,50.0919,8.60541,33,11.0,0,3,30,5,3,20,14,"2024,2023,2022",Unfallatlas
3168,412,0,1,,Bonifatiusschule,60486,Frankfurt am Main,Hamburger Allee 43,69,21233527,,,237,,237,,,,,,,,,,,,,,,,,,,11.0,,,,,,248,248,21235486,poststelle@bonifatiusschule.frankfurt.schulverwaltung.hessen.de,Öffentlich,248,11.0,Grundschule,Frankfurt am Main,Hessen,Hessisches Statistisches Landesamt Verzeichnis 6,2026-03-30,50.1152,8.64761,100,33.3,0,13,87,31,7,47,65,"2024,2023,2022",Unfallatlas
3169,412,0,1,,Fried-Lübbecke-Schule,60433,Frankfurt am Main,Im Uhrig 17,69,21238754,,,171,,171,,,,,,,,,,,,,,,,,,,,,,,,,171,171,21238338,poststelle@fried-luebbecke-schule.frankfurt.schulverwaltung.hessen.de,Öffentlich,171,,Grundschule,Frankfurt am Main,Hessen,Hessisches Statistisches Landesamt Verzeichnis 6,2026-03-30,50.1638,8.65505,5,1.7,0,1,4,3,0,4,66,"2024,2023,2022",Unfallatlas
3170,412,0,1,,Frauenhofschule,60528,Frankfurt am Main,Niederräder Landstraße 60 - 62,69,21233059,,,378,,378,,,,,,,,,,,,,,,,,,,16.0,,,,,,394,394,21232711,poststelle@frauenhofschule.frankfurt.schulverwaltung.hessen.de,Öffentlich,394,16.0,Grundschule,Frankfurt am Main,Hessen,Hessisches Statistisches Landesamt Verzeichnis 6,2026-03-30,50.0889,8.65106,22,7.3,0,3,19,5,7,12,53,"2024,2023,2022",Unfallatlas
3171,412,0,1,,Freiligrathschule,60386,Frankfurt am Main,Fachfeldstraße 32,69,21248888,,13.0,452,,452,,,,,,,,,,,,,,,,,,,14.0,,,,,,479,466,21249111,poststelle@freiligrathschule.frankfurt.schulverwaltung.hessen.de,Öffentlich,466,14.0,Grundschule,Frankfurt am Main,Hessen,Hessisches Statistisches Landesamt Verzeichnis 6,2026-03-30,50.1202,8.76825,26,8.7,0,4,22,5,10,9,116,"2024,2023,2022",Unfallatlas
3172,412,0,1,,Fridtjof-Nansen-Schule,65934,Frankfurt am Main,Dürkheimer Straße 47,69,21245504,,,217,,217,,,,,,,,,,,,,,,,,,,14.0,,,,,,231,231,21242905,poststelle@fridtjof-nansen-schule.frankfurt.schulverwaltung.hessen.de,Öffentlich,231,14.0,Grundschule,Frankfurt am Main,Hessen,Hessisches Statistisches Landesamt Verzeichnis 6,2026-03-30,50.0983,8.57706,23,7.7,1,8,14,6,6,9,160,"2024,2023,2022",Unfallatlas
3173,412,0,1,,Comeniusschule,60389,Frankfurt am Main,Burgstraße 59,69,21233484,,13.0,313,,313,,,,,,,,,,,,,,,,,,,57.0,,,,,,383,370,21236612,poststelle@comeniusschule.frankfurt.schulverwaltung.hessen.de,Öffentlich,370,57.0,Grundschule,Frankfurt am Main,Hessen,Hessisches Statistisches Landesamt Verzeichnis 6,2026-03-30,50.1239,8.6962,149,49.7,0,24,125,73,19,70,131,"2024,2023,2022",Unfallatlas
3174,412,0,1,,Uhlandschule,60314,Frankfurt am Main,Ostendstraße 35,69,21233530,,12.0,301,,301,,,,,,,,,,,,,,,,,,,,,,,,,313,301,21231652,poststelle@uhlandschule.frankfurt.schulverwaltung.hessen.de,Öffentlich,301,,Grundschule,Frankfurt am Main,Hessen,Hessisches Statistisches Landesamt Verzeichnis 6,2026-03-30,50.112,8.69845,93,31.0,0,17,76,39,13,51,67,"2024,2023,2022",Unfallatlas
3654,412,0,1,,Grundschule Harheim,60437,Frankfurt am Main,In den Schafgärten 25,69,21244430,,16.0,277,,277,,,,,,,,,,,,,,,,,,,,,,,,,293,277,21244432,poststelle@grundschule-harheim.frankfurt.schulverwaltung.hessen.de,Öffentlich,277,,Grundschule,Frankfurt am Main,Hessen,Hessisches Statistisches Landesamt Verzeichnis 6,2026-03-30,50.1856,8.69256,3,1.0,0,0,3,1,1,0,29,"2024,2023,2022",Unfallatlas
3666,412,0,1,,Schule am Erlenbach,60437,Frankfurt am Main,Im Feldchen 26,69,21244999,,,196,,196,,,,,,,,,,,,,,,,,,,,,,,,,196,196,21245157,poststelle@schule-am-erlenbach.frankfurt.schulverwaltung.hessen.de,Öffentlich,196,,Grundschule,Frankfurt am Main,Hessen,Hessisches Statistisches Landesamt Verzeichnis 6,2026-03-30,50.2054,8.7106,7,2.3,0,0,7,5,2,5,72,"2024,2023,2022",Unfallatlas
3667,412,0,1,,Michael-Grzimek-Schule,60437,Frankfurt am Main,An der Walkmühle 10,69,21245544,,,360,,360,,,,,,,,,,,,,,,,,,,,,,,,,360,360,95000564,poststelle@michael-grzimek-schule.frankfurt.schulverwaltung.hessen.de,Öffentlich,360,,Grundschule,Frankfurt am Main,Hessen,Hessisches Statistisches Landesamt Verzeichnis 6,2026-03-30,50.2004,8.67141,11,3.7,0,1,10,6,2,5,213,"2024,2023,2022",Unfallatlas
3822,412,0,1,,Schule am Hang,60388,Frankfurt am Main,Am Bächelchen 23,69,21241257,,,463,,463,,,,,,,,,,,,,,,,,,,,,,,,,463,463,21241259,poststelle@schule-am-hang.frankfurt.schulverwaltung.hessen.de,Öffentlich,463,,Grundschule,Frankfurt am Main,Hessen,Hessisches Statistisches Landesamt Verzeichnis 6,2026-03-30,50.1527,8.7565,21,7.0,0,3,18,12,3,10,72,"2024,2023,2022",Unfallatlas
3824,412,0,1,,Schule am Landgraben,60388,Frankfurt am Main,Landgraben 2,69,21275055,,,172,,172,,,,,,,,,,,,,,,,,,,,,,,,,172,172,21241208,poststelle@schule-am-landgraben.frankfurt.schulverwaltung.hessen.de,Öffentlich,172,,Grundschule,Frankfurt am Main,Hessen,Hessisches Statistisches Landesamt Verzeichnis 6,2026-03-30,50.1569,8.74946,20,6.7,0,2,18,5,2,11,119,"2024,2023,2022",Unfallatlas
4002,412,0,1,,Grundschule Kalbach,60437,Frankfurt am Main,Kalbacher Hauptstraße 54,69,21244607,,,254,,254,,,,,,,,,,,,,,,,,,,,,,,,,254,254,21244929,poststelle@grundschule-kalbach.frankfurt.schulverwaltung.hessen.de,Öffentlich,254,,Grundschule,Frankfurt am Main,Hessen,Hessisches Statistisches Landesamt Verzeichnis 6,2026-03-30,50.1884,8.64165,6,2.0,0,0,6,1,2,4,150,"2024,2023,2022",Unfallatlas
4179,412,0,1,,Henri-Dunant-Schule,65936,Frankfurt am Main,Schaumburger Straße 62,69,21275175,,,321,,321,,,,,,,,,,,,,,,,,,,18.0,,,,,,339,339,21275684,poststelle@henri-dunant-schule.frankfurt.schulverwaltung.hessen.de,Öffentlich,339,18.0,Grundschule,Frankfurt am Main,Hessen,Hessisches Statistisches Landesamt Verzeichnis 6,2026-03-30,50.1189,8.5601,12,4.0,0,1,11,1,6,7,144,"2024,2023,2022",Unfallatlas
4208,412,0,1,,Martin-Buber-Schule,60598,Frankfurt am Main,Sachsenhäuser Landwehrweg 301,69,21245486,,,256,,256,,,,,,,,,,,,,,,,,,,,,,,,,256,256,21245480,poststelle@martin-buber-schule.frankfurt.schulverwaltung.hessen.de,Öffentlich,256,,Grundschule,Frankfurt am Main,Hessen,Hessisches Statistisches Landesamt Verzeichnis 6,2026-03-30,50.0857,8.68108,1,0.3,0,0,1,1,0,1,450,"2024,2023,2022",Unfallatlas
4262,412,0,2,,Margarete-Steiff-Schule,60431,Frankfurt am Main,Platenstraße 75,69,47884680,,,173,,173,,,,,,,,,,,,,,,,,,,,,,,,,173,173,5870236,info@m‑steiff-schule.de,Privat,173,,Grundschule,Frankfurt am Main,Hessen,Hessisches Statistisches Landesamt Verzeichnis 6,2026-03-30,50.1609,8.62134,18,6.0,0,4,14,10,3,8,96,"2024,2023,2022",Unfallatlas
4293,412,0,2,,International Bilingual Montessori School,60325,Frankfurt am Main,Senckenberganlage 20 - 22,69,745646,,,139,53.0,86,,,,,,,,,,,,,,,,,,,,,,,,,139,139,745632,office@ibms-frankfurt.com,Privat,139,,Grundschule,Frankfurt am Main,Hessen,Hessisches Statistisches Landesamt Verzeichnis 6,2026-03-30,50.115,8.65987,114,38.0,0,13,101,63,11,73,26,"2024,2023,2022",Unfallatlas
4301,412,0,1,,Astrid-Lindgren-Schule,60431,Frankfurt am Main,Platenstraße 75,69,21245662,,16.0,322,,322,,,,,,,,,,,,,,,,,,,13.0,,,,,,351,335,21245660,poststelle@astrid-lindgren-schule.frankfurt.schulverwaltung.hessen.de,Öffentlich,335,13.0,Grundschule,Frankfurt am Main,Hessen,Hessisches Statistisches Landesamt Verzeichnis 6,2026-03-30,50.1378,8.6624,41,13.7,0,3,38,17,8,26,50,"2024,2023,2022",Unfallatlas
4325,412,0,2,2.0,Aktive Schule Frankfurt,60433,Frankfurt am Main,Wacholderweg 5,69,54000984,,,36,,36,,,,,42.0,,,,,,,,,,,,,,,,,,,,78,78,54000985,aktive-schule-frankfurt@t-online.de,Privat,78,,Grundschule,Frankfurt am Main,Hessen,Hessisches Statistisches Landesamt Verzeichnis 6,2026-03-30,50.1651,8.67902,31,10.3,0,6,25,9,4,19,123,"2024,2023,2022",Unfallatlas
4380,412,0,1,,Grundschule Riedberg,60438,Frankfurt am Main,Zur Kalbacher Höhe 15,69,21273300,,,394,,394,,,,,,,,,,,,,,,,,,,,,,,,,394,394,21273330,poststelle@grundschule-riedberg.frankfurt.schulverwaltung.hessen.de,Öffentlich,394,,Grundschule,Frankfurt am Main,Hessen,Hessisches Statistisches Landesamt Verzeichnis 6,2026-03-30,50.1778779,8.6380448,19,6.3,0,1,18,5,2,13,77,"2024,2023,2022",Unfallatlas
4381,412,0,2,,Erasmus Frankfurter Stadtschule,60314,Frankfurt am Main,Sonnemannstraße 9 - 11,69,90743640,,,354,,354,,,,,,,,,,,,,,,,,,,,,,,,,354,354,907436412,info@erasmus-schule.eu,Privat,354,,Grundschule,Frankfurt am Main,Hessen,Hessisches Statistisches Landesamt Verzeichnis 6,2026-03-30,50.1100273,8.6973096,93,31.0,0,17,76,40,8,49,69,"2024,2023,2022",Unfallatlas
4382,412,0,2,2.0,Metropolitan School Frankfurt,60489,Frankfurt am Main,Eschborner Landstraße 134-138,69,96864050,,,232,,232,,,,,276.0,,,,,,,,,,,,,,,,,,,,508,508,968640520,ferres@m-school.de,Privat,508,,Grundschule,Frankfurt am Main,Hessen,Hessisches Statistisches Landesamt Verzeichnis 6,2026-03-30,50.1295,8.59543,25,8.3,0,3,22,6,1,20,61,"2024,2023,2022",Unfallatlas
4384,412,0,1,,Liesel-Oestreicher-Schule,60435,Frankfurt am Main,Boskoopstraße 6,69,21273475,,,345,,345,,,,,,,,,,,,,,,,,,,,,,,,,345,345,21273500,poststelle.liesel-oestreicher-schule@stadt-frankfurt.de,Öffentlich,345,,Grundschule,Frankfurt am Main,Hessen,Hessisches Statistisches Landesamt Verzeichnis 6,2026-03-30,50.1571,8.69986,12,4.0,0,1,11,2,3,8,105,"2024,2023,2022",Unfallatlas
4392,412,0,2,,Main Schule,60313,Frankfurt am Main,Stiftstraße 30,69,57801643,,,33,,33,,,,,,,,,,,,,,,,,,,,,,,,,33,33,95454575,info@main-schule.de,Privat,33,,Grundschule,Frankfurt am Main,Hessen,Hessisches Statistisches Landesamt Verzeichnis 6,2026-03-30,50.1164933,8.6812911,200,66.7,1,17,182,89,56,82,37,"2024,2023,2022",Unfallatlas
4393,412,0,2,2.0,IKS - Interkulturelle Schule Rhein-Main,60433,Frankfurt am Main,Kaiserkronenweg 1,69,27997180,,,71,,71,,,,,130.0,,,,,,,,,,,,,,,,,,,,201,201,27997182,info@iks-rhein-main.de,Privat,201,,Grundschule,Frankfurt am Main,Hessen,Hessisches Statistisches Landesamt Verzeichnis 6,2026-03-30,50.1094,8.66743,267,89.0,0,41,226,102,71,119,15,"2024,2023,2022",Unfallatlas
4394,412,0,2,,Alexander-Puschkin-Schule,60596,Frankfurt am Main,Stresemannallee 30,69,68097839,,,108,,108,,,,,,,,,,,,,,,,,,,,,,,,,108,108,68097838,info@alexander-puschkin-schule.org,Privat,108,,Grundschule,Frankfurt am Main,Hessen,Hessisches Statistisches Landesamt Verzeichnis 6,2026-03-30,50.0960202,8.670427,63,21.0,0,4,59,19,6,29,30,"2024,2023,2022",Unfallatlas
4395,412,0,1,,Valentin-Senger-Schule,60389,Frankfurt am Main,Valentin-Senger-Straße 9,69,21233095,,,277,,277,,,,,,,,,,,,,,,,,,,,,,,,,277,277,21234724,poststelle@valentin-senger.Frankfurt.schulverwaltung.hessen.de,Öffentlich,277,,Grundschule,Frankfurt am Main,Hessen,Hessisches Statistisches Landesamt Verzeichnis 6,2026-03-30,50.1398952,8.7005427,73,24.3,0,8,65,22,5,40,128,"2024,2023,2022",Unfallatlas
4396,412,0,1,,Marie-Curie-Schule,60438,Frankfurt am Main,Gr.-v.-Stauffenberg-Allee 55,69,21277303,,,438,,438,,,,,,,,,,,,,,,,,,,,,,,,,438,438,21277345,poststelle@marie-curie.frankfurt.schulverwaltung.hessen.de,Öffentlich,438,,Grundschule,Frankfurt am Main,Hessen,Hessisches Statistisches Landesamt Verzeichnis 6,2026-03-30,50.1818,8.62449,9,3.0,0,3,6,3,1,5,21,"2024,2023,2022",Unfallatlas
4398,412,0,1,,Viktoria-Luise-Schule,60486,Frankfurt am Main,Leonardo-da-Vinci-Allee 11,69,21277306,,,357,,357,,,,,,,,,,,,,,,,,,,15.0,,,,,,372,372,21277317,poststelle.viktoria-luise-schule@stadt-frankfurt.de,Öffentlich,372,15.0,Grundschule,Frankfurt am Main,Hessen,Hessisches Statistisches Landesamt Verzeichnis 6,2026-03-30,50.1130506,8.6250304,39,13.0,0,6,33,6,5,27,79,"2024,2023,2022",Unfallatlas
4402,412,0,1,,Grundschule Europaviertel,60326,Frankfurt am Main,Stephensonstraße 2,69,21270935,,,331,,331,,,,,,,,,,,,,,,,,,,13.0,,,,,,344,344,21234389,poststelle@g.europaviertel.frankfurt.schulverwaltung.hessen.de,Öffentlich,344,13.0,Grundschule,Frankfurt am Main,Hessen,Hessisches Statistisches Landesamt Verzeichnis 6,2026-03-30,50.1072615,8.6406666,48,16.0,0,1,47,14,9,23,110,"2024,2023,2022",Unfallatlas
4404,412,0,2,,Grundschule Fintosch,60325,Frankfurt am Main,Schumannstraße 4 - 6,69,77076911,,,58,14.0,44,,,,,,,,,,,,,,,,,,,,,,,,,58,58,77076912,info@fintosch.com,Privat,58,,Grundschule,Frankfurt am Main,Hessen,Hessisches Statistisches Landesamt Verzeichnis 6,2026-03-30,50.1133881,8.6550581,96,32.0,0,5,91,33,10,54,59,"2024,2023,2022",Unfallatlas
4412,412,0,1,,Judith-Kerr-Schule,60438,Frankfurt am Main,Carl-Hermann-Rudloff-Allee 11,69,21245432,,,171,,171,,,,,,,,,,,,,,,,,,,14.0,,,,,,185,185,21245415,poststelle@judith-kerr-schule.frankfurt.schulverwaltung.hessen.de,Öffentlich,185,14.0,Grundschule,Frankfurt am Main,Hessen,Hessisches Statistisches Landesamt Verzeichnis 6,2026-03-30,50.1757883,8.6164185,21,7.0,0,4,17,1,1,13,51,"2024,2023,2022",Unfallatlas
6002,412,0,1,2.0,Georg-Büchner-Schule,60486,Frankfurt am Main,Pfingstbrunnenstraße 15 - 17,69,21234130,,,238,,238,,,,,837.0,,,,,,,,,,,,,,49.0,,,,,,1124,1124,21239006,poststelle@georg-buechner-schule.frankfurt.schulverwaltung.hessen.de,Öffentlich,1124,49.0,Grundschule,Frankfurt am Main,Hessen,Hessisches Statistisches Landesamt Verzeichnis 6,2026-03-30,50.1161,8.63769,38,12.7,0,9,29,15,8,15,69,"2024,2023,2022",Unfallatlas
6090,412,0,1,2.0,IGS Eschersheim,60433,Frankfurt am Main,Zehnmorgenstraße 20,69,21238751,,,136,,136,,,,,386.0,,,,,,,,,,,,,,54.0,,,,,,576,576,21232343,poststelle@igs-eschersheim.frankfurt.schulverwaltung.hessen.de,Öffentlich,576,54.0,Grundschule,Frankfurt am Main,Hessen,Hessisches Statistisches Landesamt Verzeichnis 6,2026-03-30,50.1605,8.65958,21,7.0,1,4,16,11,2,16,61,"2024,2023,2022",Unfallatlas
