schulnummer,schulname,strasse,plz,ort,website,email,school_type,traegerschaft,traeger,fax,phone,director,latitude,longitude,adresse,data_source,data_retrieved,bundesland,stadt,traffic_accidents_total,traffic_accidents_fatal,traffic_accidents_serious_injury,traffic_accidents_minor_injury,traffic_accidents_bicycle,traffic_accidents_pedestrian,traffic_safety_score,transit_rail_01_name,transit_rail_01_distance_m,transit_rail_01_latitude,transit_rail_01_longitude,transit_rail_01_lines,transit_rail_02_name,transit_rail_02_distance_m,transit_rail_02_latitude,transit_rail_02_longitude,transit_rail_02_lines,transit_rail_03_name,transit_rail_03_distance_m,transit_rail_03_latitude,transit_rail_03_longitude,transit_rail_03_lines,transit_tram_01_name,transit_tram_01_distance_m,transit_tram_01_latitude,transit_tram_01_longitude,transit_tram_01_lines,transit_tram_02_name,transit_tram_02_distance_m,transit_tram_02_latitude,transit_tram_02_longitude,transit_tram_02_lines,transit_tram_03_name,transit_tram_03_distance_m,transit_tram_03_latitude,transit_tram_03_longitude,transit_tram_03_lines,transit_bus_01_name,transit_bus_01_distance_m,transit_bus_01_latitude,transit_bus_01_longitude,transit_bus_01_lines,transit_bus_02_name,transit_bus_02_distance_m,transit_bus_02_latitude,transit_bus_02_longitude,transit_bus_02_lines,transit_bus_03_name,transit_bus_03_distance_m,transit_bus_03_latitude,transit_bus_03_longitude,transit_bus_03_lines,transit_stop_count_1000m,transit_all_lines_1000m,transit_accessibility_score,crime_stadt,crime_bezirk,crime_bezirk_population,crime_bezirk_index,crime_haeufigkeitszahl_2023,crime_aufklaerungsquote_2023,crime_straftaten_2023,crime_strassenraub_2023,crime_koerperverletzung_2023,crime_diebstahl_fahrrad_2023,crime_wohnungseinbruch_2023,crime_straftaten_2023_rate_per_100k,crime_strassenraub_2023_rate_per_100k,crime_koerperverletzung_2023_rate_per_100k,crime_diebstahl_fahrrad_2023_rate_per_100k,crime_wohnungseinbruch_2023_rate_per_100k,crime_safety_category,crime_data_source,crime_data_note
BY-SCHUL_SCHULSTANDORTEMITTELSCHULEN_d58494a1-efd6-419c-87f9-58c9f84976e0,"Mittelschule München, Schrobenhausener Straße 15",Schrobenhausener Str. 15,80686,München,,,Mittelschulen,,,,,,48.137036,11.512497,"Schrobenhausener Str. 15, 80686 München","jedeschule.codefor.de (CC0, scraped from km.bayern.de)",2026-04-04,Bayern,München,53,0,1,52,28,8,0,Unknown,199.0,48.135251,11.512405,A,Unknown,240.0,48.134877,11.512436,B,Unknown,243.0,48.134866,11.512135,,Agnes-Bernauer-Straße,260.0,48.13929,11.51156,,Siglstraße,264.0,48.134938,11.514168,,Agnes-Bernauer-Straße,294.0,48.13939,11.510702,,Siglstraße,208.0,48.135348,11.513692,,Agnes-Bernauer-Straße,243.0,48.139173,11.511793,,Siglstraße,262.0,48.134996,11.514267,,71,A; B,100,München,,1512491,1.0,7684,62.9,116195,574,10127,7456,952,7682.4,38.0,669.6,493.0,62.9,Sehr sicher,city_aggregate,München: sicherste Großstadt Deutschlands (>200k Einwohner) seit 50 Jahren
BY-SCHUL_SCHULSTANDORTEFOERDERZENTREN_3721b800-751d-49a1-a6d2-19d237e7bcc8,"Bayerische Landesschule f.Körperbehinderte München Förderzentr., Förderschwerp.körperl.u.mot.Entw.",Kurzstr. 2,81547,München,,,Förderzentren,,,,,,48.104791,11.568608,"Kurzstr. 2, 81547 München","jedeschule.codefor.de (CC0, scraped from km.bayern.de)",2026-04-04,Bayern,München,19,0,1,18,8,4,62,Unknown,634.0,48.108531,11.575053,,Unknown,642.0,48.109106,11.574362,A,Wettersteinplatz,652.0,48.108206,11.57574,U1,Kurzstraße,95.0,48.104623,11.569862,,Südtiroler Straße,475.0,48.100725,11.566624,,Wettersteinplatz,680.0,48.10929,11.574805,,Kurzstraße,100.0,48.104983,11.56993,,Kurzstraße,106.0,48.104297,11.569835,,Lebschéestraße,429.0,48.107868,11.565124,,42,A; U1,100,München,,1512491,1.0,7684,62.9,116195,574,10127,7456,952,7682.4,38.0,669.6,493.0,62.9,Sehr sicher,city_aggregate,München: sicherste Großstadt Deutschlands (>200k Einwohner) seit 50 Jahren
BY-SCHUL_SCHULSTANDORTEMITTELSCHULEN_502932a2-2f0f-47e9-84cf-1e82554133be,"Mittelschule München, Albert-Schweitzer-Straße 59",Albert-Schweitzer-Str. 59,81735,München,,,Mittelschulen,,,,,,48.107996,11.64772,"Albert-Schweitzer-Str. 59, 81735 München","jedeschule.codefor.de (CC0, scraped from km.bayern.de)",2026-04-04,Bayern,München,67,0,8,59,22,5,0,Unknown,71.0,48.107392,11.647418,C,Quiddestraße,79.0,48.108112,11.646674,,Unknown,89.0,48.107505,11.646779,B,,,,,,,,,,,,,,,,Quiddestraße,110.0,48.108558,11.6465,,Quiddestraße,127.0,48.108799,11.646509,,Quiddestraße,127.0,48.108661,11.646323,,59,B; C,100,München,,1512491,1.0,7684,62.9,116195,574,10127,7456,952,7682.4,38.0,669.6,493.0,62.9,Sehr sicher,city_aggregate,München: sicherste Großstadt Deutschlands (>200k Einwohner) seit 50 Jahren
BY-SCHUL_SCHULSTANDORTEMITTELSCHULEN_9db2dcea-a68b-427f-98eb-50efaaa8c642,"Mittelschule München, Fromundstraße 5",Fromundstr. 5,81547,München,,,Mittelschulen,,,,,,48.108216,11.576543,"Fromundstr. 5, 81547 München","jedeschule.codefor.de (CC0, scraped from km.bayern.de)",2026-04-04,Bayern,München,94,0,5,89,37,20,0,Wettersteinplatz,60.0,48.108206,11.57574,U1,Unknown,60.0,48.107755,11.576968,C,Unknown,69.0,48.107622,11.576829,D,Wettersteinplatz,176.0,48.10929,11.574805,,Tegernseer Landstraße,445.0,48.112219,11.576345,,Kurzstraße,637.0,48.104623,11.569862,,Wettersteinplatz,160.0,48.109184,11.574943,,Tegernseer Landstraße,338.0,48.111256,11.576587,X204,Spixstraße,349.0,48.110794,11.579216,,74,C; D; U1; X204,100,München,,1512491,1.0,7684,62.9,116195,574,10127,7456,952,7682.4,38.0,669.6,493.0,62.9,Sehr sicher,city_aggregate,München: sicherste Großstadt Deutschlands (>200k Einwohner) seit 50 Jahren
BY-SCHUL_SCHULSTANDORTEMITTELSCHULEN_87018f9c-ec98-440b-b2eb-55c042ee1ce4,"Mittelschule München, Ridlerstraße 26",Ridlerstr. 26,80339,München,,,Mittelschulen,,,,,,48.132017,11.536947,"Ridlerstr. 26, 80339 München","jedeschule.codefor.de (CC0, scraped from km.bayern.de)",2026-04-04,Bayern,München,84,0,12,72,29,14,0,Unknown,260.0,48.133598,11.539523,F,Unknown,267.0,48.133556,11.534188,A,Unknown,280.0,48.133563,11.539925,E,Trappentreustraße,891.0,48.139958,11.535307,,Trappentreustraße,897.0,48.139991,11.535161,,Schrenkstraße,902.0,48.139598,11.541276,,Ridlerstraße,202.0,48.131119,11.539315,,Ridlerstraße,240.0,48.130454,11.539167,,Schwanthalerhöhe,257.0,48.133381,11.539736,,73,A; E; F,100,München,,1512491,1.0,7684,62.9,116195,574,10127,7456,952,7682.4,38.0,669.6,493.0,62.9,Sehr sicher,city_aggregate,München: sicherste Großstadt Deutschlands (>200k Einwohner) seit 50 Jahren
BY-SCHUL_SCHULSTANDORTEFOERDERZENTREN_3bb535a1-5887-480f-93db-8a8646287969,"Carl-August-Heckscher-Schule, Förderschule und Schule für Kranke in München",Deisenhofener Str. 28,81539,München,,,Förderzentren,,,,,,48.114077,11.583044,"Deisenhofener Str. 28, 81539 München","jedeschule.codefor.de (CC0, scraped from km.bayern.de)",2026-04-04,Bayern,München,119,0,13,106,66,17,0,Unknown,61.0,48.114281,11.58228,F,Unknown,65.0,48.114478,11.582399,E,Silberhornstraße,215.0,48.114904,11.580433,,Silberhornstraße,285.0,48.115579,11.579931,3.0,Silberhornstraße,290.0,48.115472,11.579742,4.0,Sankt-Martins-Platz,528.0,48.117219,11.58837,,Silberhornstraße/Ichostraße,294.0,48.116238,11.580765,2,Silberhornstraße/Ichostraße,299.0,48.116272,11.580707,2,Silberhornstraße/Ichostraße,322.0,48.115901,11.579676,1,98,1; 2; 3; 4; E; F,100,München,,1512491,1.0,7684,62.9,116195,574,10127,7456,952,7682.4,38.0,669.6,493.0,62.9,Sehr sicher,city_aggregate,München: sicherste Großstadt Deutschlands (>200k Einwohner) seit 50 Jahren
BY-SCHUL_SCHULSTANDORTEMITTELSCHULEN_9e890a21-ef6a-4b3a-9621-ef6815ec778f,"Mittelschule München, Alfonsstraße 8",Alfonsstr. 8,80636,München,,,Mittelschulen,,,,,,48.151597,11.543281,"Alfonsstr. 8, 80636 München","jedeschule.codefor.de (CC0, scraped from km.bayern.de)",2026-04-04,Bayern,München,130,0,13,117,87,22,0,Maillingerstraße,148.0,48.150448,11.5443,B,Maillingerstraße,158.0,48.150509,11.544656,C,Maillingerstraße,171.0,48.150182,11.544181,A,Albrechtstraße,498.0,48.155647,11.540406,,Fasaneriestraße,640.0,48.157348,11.543532,,Rotkreuzplatz,707.0,48.153155,11.534039,,Maillingerstraße,146.0,48.150879,11.544933,,Maillingerstraße,160.0,48.150315,11.544273,,Landshuter Allee,377.0,48.151524,11.538195,,61,A; B; C,100,München,,1512491,1.0,7684,62.9,116195,574,10127,7456,952,7682.4,38.0,669.6,493.0,62.9,Sehr sicher,city_aggregate,München: sicherste Großstadt Deutschlands (>200k Einwohner) seit 50 Jahren
BY-SCHUL_SCHULSTANDORTEMITTELSCHULEN_712220cc-5e63-46df-b43e-7fce35d75518,"Mittelschule München, Cincinnatistraße 63",Cincinnatistr. 63,81549,München,,,Mittelschulen,,,,,,48.093065,11.601345,"Cincinnatistr. 63, 81549 München","jedeschule.codefor.de (CC0, scraped from km.bayern.de)",2026-04-04,Bayern,München,2,0,1,1,2,0,96,Fasangarten,333.0,48.093167,11.60582,,,,,,,,,,,,,,,,,,,,,,,,,,,Cincinnatistraße,47.0,48.092672,11.601572,,Cincinnatistraße,53.0,48.09274,11.601863,,Fasangarten,178.0,48.093165,11.603739,,25,,100,München,,1512491,1.0,7684,62.9,116195,574,10127,7456,952,7682.4,38.0,669.6,493.0,62.9,Sehr sicher,city_aggregate,München: sicherste Großstadt Deutschlands (>200k Einwohner) seit 50 Jahren
BY-SCHUL_SCHULSTANDORTEFOERDERZENTREN_9fcdd568-a1c4-45e0-8b0d-7f22f3630841,"Anni-Braun-Schule, Förderzentrum,Förderschwerpunkt Sprache an der Musenbergstraße München",Musenbergstr. 32,81929,München,,,Förderzentren,,,,,,48.171038,11.646385,"Musenbergstr. 32, 81929 München","jedeschule.codefor.de (CC0, scraped from km.bayern.de)",2026-04-04,Bayern,München,15,0,1,14,5,6,70,Johanneskirchen,382.0,48.167608,11.646009,,,,,,,,,,,,Fritz-Meyer-Weg,741.0,48.17255,11.636653,,Regina-Ullmann-Straße,844.0,48.169904,11.635135,,,,,,,Johanneskirchen Bahnhof,206.0,48.169348,11.647516,,Johanneskirchen Bahnhof,211.0,48.169351,11.647682,,Johanneskirchen Bahnhof West,224.0,48.169375,11.64469,,21,,100,München,,1512491,1.0,7684,62.9,116195,574,10127,7456,952,7682.4,38.0,669.6,493.0,62.9,Sehr sicher,city_aggregate,München: sicherste Großstadt Deutschlands (>200k Einwohner) seit 50 Jahren
BY-SCHUL_SCHULSTANDORTEWEITERERSCHULEN_2d3302da-85e3-404c-aaf9-6b3be1c0a796,Staatliche Dieter-Hildebrandt-Wirtschaftsschule München,Meindlstr. 8 a,81369,München,,,Wirtschaftsschulen,,,,,,48.119017,11.538047,"Meindlstr. 8 a, 81369 München","jedeschule.codefor.de (CC0, scraped from km.bayern.de)",2026-04-04,Bayern,München,131,2,11,118,83,25,0,Harras,132.0,48.118399,11.536535,,Unknown,238.0,48.116881,11.537971,,Harras,238.0,48.116874,11.538062,,,,,,,,,,,,,,,,,Am Harras,231.0,48.117501,11.540165,,Margaretenplatz,232.0,48.12007,11.540743,,Margaretenplatz,236.0,48.120115,11.540763,,71,,100,München,,1512491,1.0,7684,62.9,116195,574,10127,7456,952,7682.4,38.0,669.6,493.0,62.9,Sehr sicher,city_aggregate,München: sicherste Großstadt Deutschlands (>200k Einwohner) seit 50 Jahren
BY-SCHUL_SCHULSTANDORTEWEITERERSCHULEN_ece522cf-89fa-4d51-8ef3-d089a764bf22,Staatl. Wirtschaftsschule München an der Bayer. Landesschule für Körperbehinderte,Kurzstr. 2,81547,München,,,Wirtschaftsschulen,,,,,,48.104791,11.568608,"Kurzstr. 2, 81547 München","jedeschule.codefor.de (CC0, scraped from km.bayern.de)",2026-04-04,Bayern,München,19,0,1,18,8,4,62,Unknown,634.0,48.108531,11.575053,,Unknown,642.0,48.109106,11.574362,A,Wettersteinplatz,652.0,48.108206,11.57574,U1,Kurzstraße,95.0,48.104623,11.569862,,Südtiroler Straße,475.0,48.100725,11.566624,,Wettersteinplatz,680.0,48.10929,11.574805,,Kurzstraße,100.0,48.104983,11.56993,,Kurzstraße,106.0,48.104297,11.569835,,Lebschéestraße,429.0,48.107868,11.565124,,42,A; U1,100,München,,1512491,1.0,7684,62.9,116195,574,10127,7456,952,7682.4,38.0,669.6,493.0,62.9,Sehr sicher,city_aggregate,München: sicherste Großstadt Deutschlands (>200k Einwohner) seit 50 Jahren
BY-SCHUL_SCHULSTANDORTEFOERDERZENTREN_4810ee56-668a-4569-873d-3fe4370e674e,"Sonderpädagogisches Förderzentrum München Mitte 3, Am Westpark",Gilmstr. 46,81377,München,,,Förderzentren,,,,,,48.120317,11.506646,"Gilmstr. 46, 81377 München","jedeschule.codefor.de (CC0, scraped from km.bayern.de)",2026-04-04,Bayern,München,53,0,6,47,26,6,0,Unknown,511.0,48.116472,11.502884,,Unknown,516.0,48.116497,11.502689,,Unknown,533.0,48.116534,11.502238,,Stegener Weg,629.0,48.125863,11.508282,,Ammerseestraße,726.0,48.126101,11.502117,,Ammerseestraße,740.0,48.126121,11.501766,,Andreas-Vöst-Straße,333.0,48.121452,11.502491,,Andreas-Vöst-Straße,336.0,48.121735,11.502649,,Holzapfelkreuth,511.0,48.11665,11.502493,,52,,100,München,,1512491,1.0,7684,62.9,116195,574,10127,7456,952,7682.4,38.0,669.6,493.0,62.9,Sehr sicher,city_aggregate,München: sicherste Großstadt Deutschlands (>200k Einwohner) seit 50 Jahren
BY-SCHUL_SCHULSTANDORTEFOERDERZENTREN_127a5f60-ae93-49c9-a97d-37ab5be346ce,Sonderpädagogisches Förderzentrum Dachauer Straße 98 / Nadistraße / München Mitte 1,Dachauer Str. 98,80335,München,,,Förderzentren,,,,,,48.152414,11.556769,"Dachauer Str. 98, 80335 München","jedeschule.codefor.de (CC0, scraped from km.bayern.de)",2026-04-04,Bayern,München,127,0,13,114,74,23,0,Stiglmaierplatz,455.0,48.148379,11.555742,B,Stiglmaierplatz,503.0,48.147896,11.556977,,Stiglmaierplatz,505.0,48.147986,11.55528,A,Sandstraße,226.0,48.150596,11.558125,,Hochschule München (Lothstraße),263.0,48.154028,11.554177,2.0,Hochschule München (Lothstraße),339.0,48.154534,11.55348,1.0,Hochschule München (Lothstraße),297.0,48.154627,11.554517,5,Hochschule München (Lothstraße),300.0,48.154739,11.554718,4,Gaiglstraße,465.0,48.152462,11.550496,,69,1; 2; 4; 5; A; B,100,München,,1512491,1.0,7684,62.9,116195,574,10127,7456,952,7682.4,38.0,669.6,493.0,62.9,Sehr sicher,city_aggregate,München: sicherste Großstadt Deutschlands (>200k Einwohner) seit 50 Jahren
BY-SCHUL_SCHULSTANDORTEFOERDERZENTREN_43fbc6df-81e6-400c-8b1b-36a11704a520,Sonderpädagogisches Förderzentrum Innsbrucker Ring/Berg-am-Laim-Str./ München Mitte 4,Innsbrucker Ring 75,81671,München,,,Förderzentren,,,,,,48.121844,11.621165,"Innsbrucker Ring 75, 81671 München","jedeschule.codefor.de (CC0, scraped from km.bayern.de)",2026-04-04,Bayern,München,70,0,5,65,29,9,0,Unknown,138.0,48.120642,11.620707,B,Unknown,156.0,48.120473,11.621608,C,Unknown,156.0,48.120678,11.619996,A,Schlüsselbergstraße,887.0,48.129742,11.622855,,Baumkirchner Straße,982.0,48.128457,11.629937,,,,,,,Bad-Schachener-Straße,321.0,48.11982,11.624241,,Bad-Schachener-Straße,333.0,48.119957,11.624643,,Grafinger Straße,336.0,48.124628,11.619409,,59,A; B; C,100,München,,1512491,1.0,7684,62.9,116195,574,10127,7456,952,7682.4,38.0,669.6,493.0,62.9,Sehr sicher,city_aggregate,München: sicherste Großstadt Deutschlands (>200k Einwohner) seit 50 Jahren
BY-SCHUL_SCHULSTANDORTEFOERDERZENTREN_cc5eb992-2032-460a-8db0-c63d9c8d2656,Sonderpädagogisches Förderzentrum München-Ost an der Astrid-Lindgren-Str. 5,Astrid-Lindgren-Str. 5,81829,München,,,Förderzentren,,,,,,48.131243,11.70631,"Astrid-Lindgren-Str. 5, 81829 München","jedeschule.codefor.de (CC0, scraped from km.bayern.de)",2026-04-04,Bayern,München,15,0,0,15,9,5,70,Unknown,238.0,48.13311,11.704732,,Unknown,292.0,48.133385,11.704036,,Unknown,294.0,48.133655,11.704684,,,,,,,,,,,,,,,,,Messestadt Ost,282.0,48.133219,11.703926,,Messestadt Ost,287.0,48.133569,11.704645,,Messestadt Ost,290.0,48.133614,11.704681,,39,,100,München,,1512491,1.0,7684,62.9,116195,574,10127,7456,952,7682.4,38.0,669.6,493.0,62.9,Sehr sicher,city_aggregate,München: sicherste Großstadt Deutschlands (>200k Einwohner) seit 50 Jahren
BY-SCHUL_SCHULSTANDORTEFOERDERZENTREN_7375aaed-3037-42f5-be96-bbfe1cba24d3,"Mathilde-Eller-Schule, Förderzentrum mit Förderschwerpunkt geist. Entw. München",Klenzestr. 27,80469,München,,,Förderzentren,,,,,,48.132196,11.577172,"Klenzestr. 27, 80469 München","jedeschule.codefor.de (CC0, scraped from km.bayern.de)",2026-04-04,Bayern,München,255,0,21,234,146,61,0,Unknown,357.0,48.130178,11.573439,B,Fraunhoferstraße,383.0,48.129429,11.574103,,Unknown,386.0,48.130089,11.573032,A,Reichenbachplatz,126.0,48.133296,11.576738,,Reichenbachplatz,130.0,48.133288,11.576564,,Müllerstraße,376.0,48.131698,11.572164,,Gärtnerplatztheater,129.0,48.132123,11.575443,,Gärtnerplatztheater,151.0,48.132333,11.575151,,Baaderstraße,252.0,48.130062,11.578318,,100,A; B,100,München,,1512491,1.0,7684,62.9,116195,574,10127,7456,952,7682.4,38.0,669.6,493.0,62.9,Sehr sicher,city_aggregate,München: sicherste Großstadt Deutschlands (>200k Einwohner) seit 50 Jahren
BY-SCHUL_SCHULSTANDORTEFOERDERZENTREN_9f389ef5-e340-4dc6-a32b-588736928eab,Sonderpädagogisches Förderzentrum München Nord-Ost,Rothpletzstr. 40,80937,München,,,Förderzentren,,,,,,48.198188,11.581562,"Rothpletzstr. 40, 80937 München","jedeschule.codefor.de (CC0, scraped from km.bayern.de)",2026-04-04,Bayern,München,67,0,6,61,25,11,0,Unknown,716.0,48.196839,11.572112,,Unknown,743.0,48.196919,11.571721,,Unknown,753.0,48.195162,11.572469,,,,,,,,,,,,,,,,,Kollwitzstraße,230.0,48.197901,11.584638,,Kollwitzstraße,255.0,48.198621,11.584941,,Gundelkoferstraße,277.0,48.195867,11.582926,,45,,100,München,,1512491,1.0,7684,62.9,116195,574,10127,7456,952,7682.4,38.0,669.6,493.0,62.9,Sehr sicher,city_aggregate,München: sicherste Großstadt Deutschlands (>200k Einwohner) seit 50 Jahren
BY-SCHUL_SCHULSTANDORTEFOERDERZENTREN_f531af60-8835-4a84-9920-85b6cbe48b39,Sonderpädagogisches Förderzentrum München-West,Helmut-Schmidt-Allee 45,81249,München,,,Förderzentren,,,,,,48.141849,11.404531,"Helmut-Schmidt-Allee 45, 81249 München","jedeschule.codefor.de (CC0, scraped from km.bayern.de)",2026-04-04,Bayern,München,20,0,3,17,8,4,60,Freiham,459.0,48.140008,11.41007,,,,,,,,,,,,,,,,,,,,,,,,,,,Bildungscampus Freiham,88.0,48.141701,11.403368,,Bildungscampus Freiham,99.0,48.141279,11.403499,,Helmut-Schmidt-Allee,234.0,48.14241,11.407569,,41,,100,München,,1512491,1.0,7684,62.9,116195,574,10127,7456,952,7682.4,38.0,669.6,493.0,62.9,Sehr sicher,city_aggregate,München: sicherste Großstadt Deutschlands (>200k Einwohner) seit 50 Jahren
BY-SCHUL_SCHULSTANDORTEFOERDERZENTREN_70623091-1dc6-4706-81df-5a7319a67cfa,Schule für Kranke München,"Kölner Platz 1, Haus 22",80804,München,,,Förderzentren,,,,,,48.170628,11.577609,"Kölner Platz 1, Haus 22, 80804 München","jedeschule.codefor.de (CC0, scraped from km.bayern.de)",2026-04-04,Bayern,München,54,1,4,49,30,4,0,Unknown,286.0,48.170538,11.573761,E,Unknown,337.0,48.170939,11.573087,D,Scheidplatz (F),350.0,48.170549,11.572888,F,Kölner Platz,59.0,48.170101,11.577542,,Kölner Platz,64.0,48.170116,11.577227,,Scheidplatz,244.0,48.170198,11.574386,7.0,Kölner Platz,57.0,48.170118,11.577537,,Kölner Platz,65.0,48.170098,11.577231,,Scheidplatz,244.0,48.170189,11.574385,7,71,7; D; E; F,100,München,,1512491,1.0,7684,62.9,116195,574,10127,7456,952,7682.4,38.0,669.6,493.0,62.9,Sehr sicher,city_aggregate,München: sicherste Großstadt Deutschlands (>200k Einwohner) seit 50 Jahren
BY-SCHUL_SCHULSTANDORTEFOERDERZENTREN_afa95526-2dae-4f12-b300-49baad439d08,Sonderpädagogisches Förderzentrum München Süd,Boschetsrieder Str. 35,81379,München,,,Förderzentren,,,,,,48.099961,11.536227,"Boschetsrieder Str. 35, 81379 München","jedeschule.codefor.de (CC0, scraped from km.bayern.de)",2026-04-04,Bayern,München,57,0,0,57,30,5,0,August-Zeune-Weg,166.0,48.098557,11.536982,,"Tölzer Straße, Bus",193.0,48.098635,11.537894,,Obersendling,193.0,48.098233,11.535934,,,,,,,,,,,,,,,,,Tölzer Straße,118.0,48.100386,11.537684,,Tölzer Straße,148.0,48.099949,11.53822,,Tölzer Straße,171.0,48.100695,11.538251,,74,,100,München,,1512491,1.0,7684,62.9,116195,574,10127,7456,952,7682.4,38.0,669.6,493.0,62.9,Sehr sicher,city_aggregate,München: sicherste Großstadt Deutschlands (>200k Einwohner) seit 50 Jahren
BY-SCHUL_SCHULSTANDORTEFOERDERZENTREN_423271fd-1786-4e0f-90e9-6a5276a50fd1,Sonderpädagogisches Förderzentrum Rothwiesenstraße /München Nord-West,Rothwiesenstr. 18,80995,München,,,Förderzentren,,,,,,48.211825,11.48694,"Rothwiesenstr. 18, 80995 München","jedeschule.codefor.de (CC0, scraped from km.bayern.de)",2026-04-04,Bayern,München,37,0,6,31,3,1,26,,,,,,,,,,,,,,,,,,,,,,,,,,,,,,,Kristallstraße,162.0,48.212235,11.484839,,Kristallstraße,182.0,48.213148,11.485483,,Kristallstraße,229.0,48.213042,11.484441,,14,,70,München,,1512491,1.0,7684,62.9,116195,574,10127,7456,952,7682.4,38.0,669.6,493.0,62.9,Sehr sicher,city_aggregate,München: sicherste Großstadt Deutschlands (>200k Einwohner) seit 50 Jahren
BY-SCHUL_SCHULSTANDORTEFOERDERZENTREN_f1f0cf09-d9f1-40d0-bd37-1f430aacecb2,"Prof.-Otto-Speck-Schule Förderzentrum emot. und soz. Entwicklung, München",Dachauer Str. 96,80335,München,,,Förderzentren,,,,,,48.151728,11.557673,"Dachauer Str. 96, 80335 München","jedeschule.codefor.de (CC0, scraped from km.bayern.de)",2026-04-04,Bayern,München,162,0,22,140,100,29,0,Stiglmaierplatz,399.0,48.148379,11.555742,B,Stiglmaierplatz,429.0,48.147896,11.556977,,Stiglmaierplatz,441.0,48.147784,11.558304,C,Sandstraße,130.0,48.150596,11.558125,,Hochschule München (Lothstraße),364.0,48.154028,11.554177,2.0,Hochschule München (Lothstraße),441.0,48.154534,11.55348,1.0,Hochschule München (Lothstraße),398.0,48.154627,11.554517,5,Hochschule München (Lothstraße),400.0,48.154739,11.554718,4,Infanteriestraße Süd,537.0,48.15645,11.559224,,71,1; 2; 4; 5; B; C,100,München,,1512491,1.0,7684,62.9,116195,574,10127,7456,952,7682.4,38.0,669.6,493.0,62.9,Sehr sicher,city_aggregate,München: sicherste Großstadt Deutschlands (>200k Einwohner) seit 50 Jahren
BY-SCHUL_SCHULSTANDORTEFOERDERZENTREN_121363a7-a4a3-498e-a2c6-a639438af5f4,Sonderpädagogisches Förderzentrum München-Nord an der Paulckestraße,Paulckestr. 10,80933,München,,,Förderzentren,,,,,,48.217438,11.551315,"Paulckestr. 10, 80933 München","jedeschule.codefor.de (CC0, scraped from km.bayern.de)",2026-04-04,Bayern,München,23,0,2,21,10,6,54,Unknown,449.0,48.213715,11.553659,,Unknown,468.0,48.21351,11.553575,,Hasenbergl,519.0,48.213429,11.554914,,,,,,,,,,,,,,,,,Stanigplatz,170.0,48.216761,11.553367,,Stanigplatz,170.0,48.21687,11.553446,,Stösserstraße,465.0,48.219718,11.556578,,36,,100,München,,1512491,1.0,7684,62.9,116195,574,10127,7456,952,7682.4,38.0,669.6,493.0,62.9,Sehr sicher,city_aggregate,München: sicherste Großstadt Deutschlands (>200k Einwohner) seit 50 Jahren
BY-SCHUL_SCHULSTANDORTEFOERDERZENTREN_7c9414c0-e69b-44db-adee-4824c56f57d7,"Sonderpädagogisches Förderzentrum München Mitte 2, An der Isar",Herrnstr. 21,80539,München,,,Förderzentren,,,,,,48.136607,11.581381,"Herrnstr. 21, 80539 München","jedeschule.codefor.de (CC0, scraped from km.bayern.de)",2026-04-04,Bayern,München,272,0,25,247,170,57,0,Unknown,166.0,48.135282,11.582422,,Isartor,187.0,48.134923,11.581267,,Unknown,236.0,48.134724,11.58284,,Kammerspiele,247.0,48.138532,11.583038,,Isartor,316.0,48.134036,11.583195,,Isartor,322.0,48.134074,11.583499,,Tal,160.0,48.135975,11.579451,,Marienplatz,282.0,48.136384,11.577601,,Marienplatz,297.0,48.136582,11.577374,,100,,100,München,,1512491,1.0,7684,62.9,116195,574,10127,7456,952,7682.4,38.0,669.6,493.0,62.9,Sehr sicher,city_aggregate,München: sicherste Großstadt Deutschlands (>200k Einwohner) seit 50 Jahren
BY-SCHUL_SCHULSTANDORTEBERUFLICHESCHULEN_0f2762e9-d42d-4af9-b028-465ec93628aa,"Therese-von-Bayern-Schule, staatl. Berufsoberschule für Wirtschaft München",Lindwurmstr. 90,80337,München,,,Berufsoberschulen,,,,,,48.12432,11.54746,"Lindwurmstr. 90, 80337 München","jedeschule.codefor.de (CC0, scraped from km.bayern.de)",2026-04-04,Bayern,München,156,0,19,137,84,27,0,Unknown,168.0,48.125101,11.549402,,Unknown,181.0,48.124908,11.549735,,Poccistraße,244.0,48.125488,11.550244,,,,,,,,,,,,,,,,,Poccistraße,153.0,48.124861,11.549362,,Senserstraße,172.0,48.122971,11.548588,,Poccistraße,175.0,48.125514,11.548989,,78,,100,München,,1512491,1.0,7684,62.9,116195,574,10127,7456,952,7682.4,38.0,669.6,493.0,62.9,Sehr sicher,city_aggregate,München: sicherste Großstadt Deutschlands (>200k Einwohner) seit 50 Jahren
BY-SCHUL_SCHULSTANDORTEFOERDERZENTREN_d8bcc935-8b6a-4117-80a0-7d7f4d18d575,Sonderpädagogisches Förderzentrum München Süd-Ost Neuperlach,Gerhart-Hauptmann-Ring 15,81737,München,,,Förderzentren,,,,,,48.101353,11.653798,"Gerhart-Hauptmann-Ring 15, 81737 München","jedeschule.codefor.de (CC0, scraped from km.bayern.de)",2026-04-04,Bayern,München,39,0,4,35,12,4,22,Unknown,502.0,48.101033,11.647059,,Unknown,535.0,48.101786,11.646629,,Neuperlach Zentrum,566.0,48.101184,11.646174,,,,,,,,,,,,,,,,,Oskar-Maria-Graf-Ring,366.0,48.099005,11.657257,,Franz-Heubl-Straße,383.0,48.101567,11.65894,,Oskar-Maria-Graf-Ring,384.0,48.098796,11.657276,,60,,100,München,,1512491,1.0,7684,62.9,116195,574,10127,7456,952,7682.4,38.0,669.6,493.0,62.9,Sehr sicher,city_aggregate,München: sicherste Großstadt Deutschlands (>200k Einwohner) seit 50 Jahren
BY-SCHUL_SCHULSTANDORTEBERUFLICHESCHULEN_73562e30-7b70-403d-9484-4a5f99688ddd,Staatliche Berufsoberschule für Technik München,Orleansstr. 44,81667,München,,,Berufsoberschulen,,,,,,48.126533,11.601963,"Orleansstr. 44, 81667 München","jedeschule.codefor.de (CC0, scraped from km.bayern.de)",2026-04-04,Bayern,München,124,0,1,123,66,25,0,Unknown,125.0,48.127417,11.603013,F,Unknown,159.0,48.127873,11.602707,G,Unknown,174.0,48.12771,11.603518,H,Ostbahnhof,265.0,48.128713,11.603392,,Ostbahnhof,269.0,48.128742,11.603454,,Rosenheimer Platz,640.0,48.128888,11.594089,,Ostbahnhof,84.0,48.127219,11.602424,,Ostbahnhof (Bildungszentrum),101.0,48.127373,11.602497,,Orleansstraße,169.0,48.125664,11.600093,,73,F; G; H,100,München,,1512491,1.0,7684,62.9,116195,574,10127,7456,952,7682.4,38.0,669.6,493.0,62.9,Sehr sicher,city_aggregate,München: sicherste Großstadt Deutschlands (>200k Einwohner) seit 50 Jahren
BY-SCHUL_SCHULSTANDORTEMITTELSCHULEN_f6f1998f-7725-49fe-a659-bf184fcbcf3a,"Mittelschule München, Weilerstraße 1",Weilerstr. 1,81541,München,,,Mittelschulen,,,,,,48.122928,11.587836,"Weilerstr. 1, 81541 München","jedeschule.codefor.de (CC0, scraped from km.bayern.de)",2026-04-04,Bayern,München,58,0,3,55,41,6,0,Sankt-Martin-Straße,764.0,48.118558,11.595778,,Rosenheimer Platz,797.0,48.129184,11.593075,,Unknown,858.0,48.120559,11.576837,D,Regerplatz,159.0,48.124352,11.588025,,Carl-Amery-Platz,230.0,48.121445,11.585677,,Carl-Amery-Platz,292.0,48.120989,11.585192,,Regerplatz,151.0,48.124279,11.587974,,Regerplatz,168.0,48.124415,11.588216,,Aurbacherstraße,170.0,48.122344,11.589947,,73,D,100,München,,1512491,1.0,7684,62.9,116195,574,10127,7456,952,7682.4,38.0,669.6,493.0,62.9,Sehr sicher,city_aggregate,München: sicherste Großstadt Deutschlands (>200k Einwohner) seit 50 Jahren
BY-SCHUL_SCHULSTANDORTEMITTELSCHULEN_cb66bae7-fa14-4e9e-b30e-ccbcf2f5ca72,"Mittelschule München, Bernaysstraße 35",Bernaysstr. 35,80937,München,,,Mittelschulen,,,,,,48.206077,11.579248,"Bernaysstr. 35, 80937 München","jedeschule.codefor.de (CC0, scraped from km.bayern.de)",2026-04-04,Bayern,München,14,0,2,12,7,2,72,Unknown,717.0,48.204821,11.569755,,Unknown,718.0,48.205124,11.56966,,Unknown,744.0,48.204797,11.569401,,,,,,,,,,,,,,,,,Dientzenhoferstraße,342.0,48.203344,11.577143,,Röblingweg,508.0,48.204323,11.572919,,Anton-Will-Straße,514.0,48.205194,11.586061,,36,,100,München,,1512491,1.0,7684,62.9,116195,574,10127,7456,952,7682.4,38.0,669.6,493.0,62.9,Sehr sicher,city_aggregate,München: sicherste Großstadt Deutschlands (>200k Einwohner) seit 50 Jahren
BY-SCHUL_SCHULSTANDORTEMITTELSCHULEN_a189cc2a-eecb-4463-825c-1aa84f7152b0,"Mittelschule München, Blumenauer Straße 11",Blumenauer Str. 11,80689,München,,,Mittelschulen,,,,,,48.127779,11.474073,"Blumenauer Str. 11, 80689 München","jedeschule.codefor.de (CC0, scraped from km.bayern.de)",2026-04-04,Bayern,München,37,0,0,37,14,8,26,,,,,,,,,,,,,,,,,,,,,,,,,,,,,,,Blumenau,42.0,48.128154,11.474112,,Blumenau,65.0,48.128075,11.474828,,Blumenau,83.0,48.127785,11.475191,,38,,100,München,,1512491,1.0,7684,62.9,116195,574,10127,7456,952,7682.4,38.0,669.6,493.0,62.9,Sehr sicher,city_aggregate,München: sicherste Großstadt Deutschlands (>200k Einwohner) seit 50 Jahren
BY-SCHUL_SCHULSTANDORTEFOERDERZENTREN_af42ebc3-4449-424e-82a9-46c96c8ced03,"Musenbergschule, Förderzentrum, Förderschwerpunkt Hören, München",Musenbergstr. 32,81929,München,,,Förderzentren,,,,,,48.171038,11.646385,"Musenbergstr. 32, 81929 München","jedeschule.codefor.de (CC0, scraped from km.bayern.de)",2026-04-04,Bayern,München,15,0,1,14,5,6,70,Johanneskirchen,382.0,48.167608,11.646009,,,,,,,,,,,,Fritz-Meyer-Weg,741.0,48.17255,11.636653,,Regina-Ullmann-Straße,844.0,48.169904,11.635135,,,,,,,Johanneskirchen Bahnhof,206.0,48.169348,11.647516,,Johanneskirchen Bahnhof,211.0,48.169351,11.647682,,Johanneskirchen Bahnhof West,224.0,48.169375,11.64469,,21,,100,München,,1512491,1.0,7684,62.9,116195,574,10127,7456,952,7682.4,38.0,669.6,493.0,62.9,Sehr sicher,city_aggregate,München: sicherste Großstadt Deutschlands (>200k Einwohner) seit 50 Jahren
BY-SCHUL_SCHULSTANDORTEMITTELSCHULEN_a8a2d980-67d3-4727-8791-d1cbf7f92c6e,"Mittelschule München, am Echardinger Grünstreifen, Innsbrucker Ring 75",Innsbrucker Ring 75,81671,München,,,Mittelschulen,,,,,,48.121844,11.621165,"Innsbrucker Ring 75, 81671 München","jedeschule.codefor.de (CC0, scraped from km.bayern.de)",2026-04-04,Bayern,München,70,0,5,65,29,9,0,Unknown,138.0,48.120642,11.620707,B,Unknown,156.0,48.120473,11.621608,C,Unknown,156.0,48.120678,11.619996,A,Schlüsselbergstraße,887.0,48.129742,11.622855,,Baumkirchner Straße,982.0,48.128457,11.629937,,,,,,,Bad-Schachener-Straße,321.0,48.11982,11.624241,,Bad-Schachener-Straße,333.0,48.119957,11.624643,,Grafinger Straße,336.0,48.124628,11.619409,,59,A; B; C,100,München,,1512491,1.0,7684,62.9,116195,574,10127,7456,952,7682.4,38.0,669.6,493.0,62.9,Sehr sicher,city_aggregate,München: sicherste Großstadt Deutschlands (>200k Einwohner) seit 50 Jahren
BY-SCHUL_SCHULSTANDORTEMITTELSCHULEN_f7415ea2-d26f-439f-a9bf-4a7b8f0807cc,"Mittelschule München, Eduard-Spranger-Straße 17",Georg-Zech-Allee 16,80995,München,,,Mittelschulen,,,,,,48.208811,11.531514,"Georg-Zech-Allee 16, 80995 München","jedeschule.codefor.de (CC0, scraped from km.bayern.de)",2026-04-04,Bayern,München,9,0,4,5,3,1,82,Feldmoching,807.0,48.213898,11.539285,,Unknown,866.0,48.213796,11.540489,,Unknown,878.0,48.213844,11.540637,,,,,,,,,,,,,,,,,Georg-Zech-Allee,94.0,48.208821,11.532777,,Geog-Zech-Allee,100.0,48.208713,11.532855,,Bergwachtstraße,270.0,48.211174,11.53066,,31,,100,München,,1512491,1.0,7684,62.9,116195,574,10127,7456,952,7682.4,38.0,669.6,493.0,62.9,Sehr sicher,city_aggregate,München: sicherste Großstadt Deutschlands (>200k Einwohner) seit 50 Jahren
BY-SCHUL_SCHULSTANDORTEMITTELSCHULEN_b04dbb2c-e499-401f-b7a2-43eb88da9e2c,"Mittelschule München, Feldbergstraße 85",Feldbergstr. 85,81825,München,,,Mittelschulen,,,,,,48.117661,11.668102,"Feldbergstr. 85, 81825 München","jedeschule.codefor.de (CC0, scraped from km.bayern.de)",2026-04-04,Bayern,München,44,0,6,38,18,7,12,Unknown,927.0,48.125457,11.663658,,Unknown,943.0,48.125536,11.663399,,Unknown,955.0,48.125671,11.663464,,,,,,,,,,,,,,,,,Spertentalstraße,142.0,48.117914,11.669984,,Spertentalstraße,144.0,48.117718,11.670046,,Spertentalstraße,147.0,48.117971,11.670028,,64,,100,München,,1512491,1.0,7684,62.9,116195,574,10127,7456,952,7682.4,38.0,669.6,493.0,62.9,Sehr sicher,city_aggregate,München: sicherste Großstadt Deutschlands (>200k Einwohner) seit 50 Jahren
BY-SCHUL_SCHULSTANDORTEMITTELSCHULEN_9953a7cb-5d79-4c96-8cf5-2dd70cc141d7,"Mittelschule München, Franz-Nißl-Straße 55",Franz-Nißl-Str. 55,80999,München,,,Mittelschulen,,,,,,48.193577,11.461363,"Franz-Nißl-Str. 55, 80999 München","jedeschule.codefor.de (CC0, scraped from km.bayern.de)",2026-04-04,Bayern,München,14,0,0,14,6,2,72,Allach,636.0,48.190034,11.468105,,,,,,,,,,,,,,,,,,,,,,,,,,,Höcherstraße,51.0,48.193874,11.461889,,Georg-Reismüller-Straße,216.0,48.194355,11.464027,,Georg-Reismüller-Straße,221.0,48.194197,11.464195,,41,,100,München,,1512491,1.0,7684,62.9,116195,574,10127,7456,952,7682.4,38.0,669.6,493.0,62.9,Sehr sicher,city_aggregate,München: sicherste Großstadt Deutschlands (>200k Einwohner) seit 50 Jahren
BY-SCHUL_SCHULSTANDORTEMITTELSCHULEN_25b4363c-9a0c-404a-b543-7f93fa7533d2,"Mittelschule München, Führichstraße 53",Führichstr. 53,81671,München,,,Mittelschulen,,,,,,48.115952,11.615494,"Führichstr. 53, 81671 München","jedeschule.codefor.de (CC0, scraped from km.bayern.de)",2026-04-04,Bayern,München,90,0,5,85,26,5,0,Unknown,477.0,48.11835,11.610173,C,Unknown,492.0,48.118103,11.609699,D,Unknown,506.0,48.12035,11.617252,F,,,,,,,,,,,,,,,,Unknown,60.0,48.116183,11.614767,,Ramersdorf,103.0,48.115564,11.614238,,Ramersdorf,138.0,48.115648,11.613695,,48,C; D; F,100,München,,1512491,1.0,7684,62.9,116195,574,10127,7456,952,7682.4,38.0,669.6,493.0,62.9,Sehr sicher,city_aggregate,München: sicherste Großstadt Deutschlands (>200k Einwohner) seit 50 Jahren
BY-SCHUL_SCHULSTANDORTEMITTELSCHULEN_2e2eadd4-e366-4a06-9482-7aabe577cd53,"Mittelschule München, Fürstenrieder Straße 30",Fürstenrieder Str. 30,80686,München,,,Mittelschulen,,,,,,48.139112,11.502666,"Fürstenrieder Str. 30, 80686 München","jedeschule.codefor.de (CC0, scraped from km.bayern.de)",2026-04-04,Bayern,München,164,0,12,152,75,26,0,Unknown,376.0,48.135731,11.502765,D,Unknown,404.0,48.135513,11.503376,A,Laimer Platz,409.0,48.135461,11.501976,,Fürstenrieder Straße,46.0,48.139394,11.503119,,Fürstenrieder Straße,93.0,48.13971,11.503546,2.0,Fürstenrieder Straße,106.0,48.139687,11.503798,1.0,Fürstenrieder Straße,45.0,48.139335,11.503179,4,Fürstenrieder Straße,106.0,48.140035,11.503037,3,Laimer Platz,362.0,48.135859,11.502887,,56,1; 2; 3; 4; A; D,100,München,,1512491,1.0,7684,62.9,116195,574,10127,7456,952,7682.4,38.0,669.6,493.0,62.9,Sehr sicher,city_aggregate,München: sicherste Großstadt Deutschlands (>200k Einwohner) seit 50 Jahren
BY-SCHUL_SCHULSTANDORTEMITTELSCHULEN_74a711e7-38f9-4188-80f2-d5fcb5cba118,"Mittelschule München, Gotzinger Platz 1",Gotzinger Platz 1,81371,München,,,Mittelschulen,,,,,,48.117288,11.550818,"Gotzinger Platz 1, 81371 München","jedeschule.codefor.de (CC0, scraped from km.bayern.de)",2026-04-04,Bayern,München,72,1,4,67,43,13,0,Unknown,274.0,48.119177,11.548454,D,Unknown,280.0,48.119389,11.548738,C,Unknown,284.0,48.119149,11.548207,E,,,,,,,,,,,,,,,,Gotzinger Platz,51.0,48.117674,11.550438,,Implerstraße,245.0,48.118731,11.548329,1,Implerstraße,262.0,48.119295,11.548979,,71,1; C; D; E,100,München,,1512491,1.0,7684,62.9,116195,574,10127,7456,952,7682.4,38.0,669.6,493.0,62.9,Sehr sicher,city_aggregate,München: sicherste Großstadt Deutschlands (>200k Einwohner) seit 50 Jahren
BY-SCHUL_SCHULSTANDORTEMITTELSCHULEN_c2055711-26ac-4c86-974a-469cc561e126,"Mittelschule München, Haldenbergerstraße 27",Haldenbergerstr. 27,80997,München,,,Mittelschulen,,,,,,48.176071,11.489623,"Haldenbergerstr. 27, 80997 München","jedeschule.codefor.de (CC0, scraped from km.bayern.de)",2026-04-04,Bayern,München,33,0,0,33,10,2,34,,,,,,,,,,,,,,,,,,,,,,,,,,,,,,,Waldhornstraße,372.0,48.179387,11.490271,,Waldhornstraße,385.0,48.179522,11.489142,,Waldhornstraße,411.0,48.179764,11.489787,,26,,100,München,,1512491,1.0,7684,62.9,116195,574,10127,7456,952,7682.4,38.0,669.6,493.0,62.9,Sehr sicher,city_aggregate,München: sicherste Großstadt Deutschlands (>200k Einwohner) seit 50 Jahren
BY-SCHUL_SCHULSTANDORTEMITTELSCHULEN_ec28fc2d-2760-4217-a0f8-6e3ef8e3357a,"Mittelschule München, Fernpaßstraße 41",Fernpaßstr. 41,81373,München,,,Mittelschulen,,,,,,48.121107,11.522278,"Fernpaßstr. 41, 81373 München","jedeschule.codefor.de (CC0, scraped from km.bayern.de)",2026-04-04,Bayern,München,61,0,4,57,20,5,0,Unknown,494.0,48.118067,11.517425,A,Unknown,514.0,48.118112,11.517,C,Unknown,531.0,48.117672,11.517306,,,,,,,,,,,,,,,,,Hinterbärenbadstraße,294.0,48.120626,11.51839,,Hinterbärenbadstraße,308.0,48.120637,11.518195,,Westpark,472.0,48.118364,11.517418,,32,A; C,100,München,,1512491,1.0,7684,62.9,116195,574,10127,7456,952,7682.4,38.0,669.6,493.0,62.9,Sehr sicher,city_aggregate,München: sicherste Großstadt Deutschlands (>200k Einwohner) seit 50 Jahren
BY-SCHUL_SCHULSTANDORTEMITTELSCHULEN_ca4fb9cf-b2e7-4d40-ab03-e0abecb28c3d,"Mittelschule München, Ichostraße 2",Ichostr. 2,81541,München,,,Mittelschulen,,,,,,48.115707,11.578528,"Ichostr. 2, 81541 München","jedeschule.codefor.de (CC0, scraped from km.bayern.de)",2026-04-04,Bayern,München,152,0,17,135,90,28,0,Unknown,65.0,48.115212,11.579,B,Unknown,84.0,48.115343,11.579524,C,Unknown,97.0,48.115326,11.57971,D,Silberhornstraße,94.0,48.115472,11.579742,4.0,Silberhornstraße,105.0,48.115579,11.579931,3.0,Tegernseer Landstraße,420.0,48.112219,11.576345,,Silberhornstraße,37.0,48.115427,11.57825,,Silberhornstraße,38.0,48.115383,11.57869,5,Silberhornstraße/Ichostraße,88.0,48.115901,11.579676,1,92,1; 3; 4; 5; B; C; D,100,München,,1512491,1.0,7684,62.9,116195,574,10127,7456,952,7682.4,38.0,669.6,493.0,62.9,Sehr sicher,city_aggregate,München: sicherste Großstadt Deutschlands (>200k Einwohner) seit 50 Jahren
BY-SCHUL_SCHULSTANDORTEMITTELSCHULEN_16595193-7f60-43da-814e-1490b17e8564,"Mittelschule München, Implerstraße 35",Implerstr. 35,81371,München,,,Mittelschulen,,,,,,48.120736,11.548723,"Implerstr. 35, 81371 München","jedeschule.codefor.de (CC0, scraped from km.bayern.de)",2026-04-04,Bayern,München,115,1,14,100,71,20,0,Unknown,41.0,48.121094,11.548587,B,Unknown,56.0,48.121152,11.548307,A,Implerstraße,63.0,48.120199,11.548451,,,,,,,,,,,,,,,,,Implerstraße,157.0,48.119328,11.548807,2,Implerstraße,161.0,48.119295,11.548979,,Implerstraße,225.0,48.118731,11.548329,1,82,1; 2; A; B,100,München,,1512491,1.0,7684,62.9,116195,574,10127,7456,952,7682.4,38.0,669.6,493.0,62.9,Sehr sicher,city_aggregate,München: sicherste Großstadt Deutschlands (>200k Einwohner) seit 50 Jahren
BY-SCHUL_SCHULSTANDORTEMITTELSCHULEN_a7736c33-8661-4205-8b1e-c2e16609d87b,"Mittelschule München, Inzeller Weg 4",Inzeller Weg 4,81825,München,,,Mittelschulen,,,,,,48.127224,11.648761,"Inzeller Weg 4, 81825 München","jedeschule.codefor.de (CC0, scraped from km.bayern.de)",2026-04-04,Bayern,München,59,0,3,56,28,5,0,Unknown,170.0,48.125752,11.648122,,Unknown,197.0,48.125517,11.648058,,Kreillerstraße,216.0,48.125754,11.646852,,Kreillerstraße,358.0,48.12562,11.644575,,St.-Veit-Straße,745.0,48.122065,11.642353,,Mutschellestraße,783.0,48.126672,11.638248,,Thomas-Hauser-Straße,284.0,48.129429,11.650686,,Thomas-Hauser-Straße,289.0,48.129468,11.650716,,Thomas-Hauser-Straße,295.0,48.129512,11.650778,,34,,100,München,,1512491,1.0,7684,62.9,116195,574,10127,7456,952,7682.4,38.0,669.6,493.0,62.9,Sehr sicher,city_aggregate,München: sicherste Großstadt Deutschlands (>200k Einwohner) seit 50 Jahren
BY-SCHUL_SCHULSTANDORTEMITTELSCHULEN_c4b8ef16-4e11-4d6a-bda2-5e45aef8fa33,"Mittelschule München, Wittelsbacherstraße 10",Wittelsbacherstr. 10,80469,München,,,Mittelschulen,,,,,,48.12503,11.570341,"Wittelsbacherstr. 10, 80469 München","jedeschule.codefor.de (CC0, scraped from km.bayern.de)",2026-04-04,Bayern,München,117,0,7,110,77,15,0,Unknown,517.0,48.128206,11.575419,D,Unknown,553.0,48.128468,11.575717,,Unknown,557.0,48.128367,11.575935,C,Fraunhoferstraße,536.0,48.128394,11.575511,,Eduard-Schmid-Straße,614.0,48.12628,11.578398,,Eduard-Schmid-Straße,615.0,48.126211,11.578437,,Klenzestraße,74.0,48.125651,11.570703,,Klenzestraße,81.0,48.125247,11.571377,,Baldeplatz,293.0,48.123673,11.566961,,90,C; D,100,München,,1512491,1.0,7684,62.9,116195,574,10127,7456,952,7682.4,38.0,669.6,493.0,62.9,Sehr sicher,city_aggregate,München: sicherste Großstadt Deutschlands (>200k Einwohner) seit 50 Jahren
BY-SCHUL_SCHULSTANDORTEMITTELSCHULEN_6a992f2f-eb1e-4c80-9376-da5276bab040,"Mittelschule München, Knappertsbuschstraße 43",Knappertsbuschstr. 43,81927,München,,,Mittelschulen,,,,,,48.163385,11.639652,"Knappertsbuschstr. 43, 81927 München","jedeschule.codefor.de (CC0, scraped from km.bayern.de)",2026-04-04,Bayern,München,17,0,3,14,6,2,66,Johanneskirchen,665.0,48.167608,11.646009,,Englschalking,979.0,48.156763,11.648351,,,,,,,Taimerhofstraße,758.0,48.166711,11.63073,,Prinz-Eugen-Park,780.0,48.162616,11.629201,,Regina-Ullmann-Straße,799.0,48.169904,11.635135,,Bruno-Walter-Ring,123.0,48.162332,11.640143,183; 184; 185,Bruno-Walter-Ring,125.0,48.162326,11.640207,,Knappertsbuschstraße,347.0,48.160385,11.640951,,39,183; 184; 185,100,München,,1512491,1.0,7684,62.9,116195,574,10127,7456,952,7682.4,38.0,669.6,493.0,62.9,Sehr sicher,city_aggregate,München: sicherste Großstadt Deutschlands (>200k Einwohner) seit 50 Jahren
BY-SCHUL_SCHULSTANDORTEMITTELSCHULEN_c9ea71de-1c26-4bc1-a47a-a01a9e23f5ea,"Mittelschule München, Leipziger Straße 7",Leipziger Str. 7,80992,München,,,Mittelschulen,,,,,,48.178379,11.518652,"Leipziger Str. 7, 80992 München","jedeschule.codefor.de (CC0, scraped from km.bayern.de)",2026-04-04,Bayern,München,77,0,8,69,40,8,0,Moosacher St.-Martins-Platz,384.0,48.181835,11.518814,,Unknown,386.0,48.181649,11.516919,D,Unknown,388.0,48.181835,11.517961,,Hugo-Troendle-Straße,306.0,48.17932,11.514767,,Wintrichring,333.0,48.176054,11.521477,,Pelkovenstraße,650.0,48.181067,11.510867,,Hugo-Troendle-Straße,292.0,48.179419,11.515042,,Hugo-Troendle-Straße,303.0,48.179176,11.514746,,Wintrichring,317.0,48.176022,11.521045,,75,D,100,München,,1512491,1.0,7684,62.9,116195,574,10127,7456,952,7682.4,38.0,669.6,493.0,62.9,Sehr sicher,city_aggregate,München: sicherste Großstadt Deutschlands (>200k Einwohner) seit 50 Jahren
BY-SCHUL_SCHULSTANDORTEMITTELSCHULEN_9069a59d-17de-4af5-ae33-590be9c91c22,"Mittelschule München, Perlacher Straße 114",Perlacher Str. 114,81539,München,,,Mittelschulen,,,,,,48.108921,11.589377,"Perlacher Str. 114, 81539 München","jedeschule.codefor.de (CC0, scraped from km.bayern.de)",2026-04-04,Bayern,München,56,0,4,52,29,9,0,Unknown,406.0,48.112322,11.587387,C,Unknown,415.0,48.11246,11.587594,,Unknown,421.0,48.110506,11.594522,F,Giesing Bahnhof,438.0,48.110493,11.594792,,Chiemgaustraße,572.0,48.106707,11.596324,,Werinherstraße,708.0,48.114947,11.592463,,Fockensteinstraße,89.0,48.109721,11.58944,,Fockensteinstraße,100.0,48.109768,11.588932,,Giesing Bahnhof,390.0,48.110715,11.593888,,69,C; F,100,München,,1512491,1.0,7684,62.9,116195,574,10127,7456,952,7682.4,38.0,669.6,493.0,62.9,Sehr sicher,city_aggregate,München: sicherste Großstadt Deutschlands (>200k Einwohner) seit 50 Jahren
BY-SCHUL_SCHULSTANDORTEMITTELSCHULEN_1e25e585-6e37-46b5-9c45-51563ce6ae4e,"Mittelschule München, Lehrer-Wirth-Straße 31",Lehrer-Wirth-Str. 31,81829,München,,,Mittelschulen,,,,,,48.128207,11.694105,"Lehrer-Wirth-Str. 31, 81829 München","jedeschule.codefor.de (CC0, scraped from km.bayern.de)",2026-04-04,Bayern,München,14,0,2,12,10,1,72,Unknown,565.0,48.133057,11.691849,,Unknown,569.0,48.133057,11.691667,,Unknown,570.0,48.133056,11.691593,,,,,,,,,,,,,,,,,Lehrer-Wirth-Straße,147.0,48.129513,11.694409,,Lehrer-Wirth-Straße,153.0,48.129515,11.694762,,Helsinkistraße,371.0,48.12948,11.68948,,40,,100,München,,1512491,1.0,7684,62.9,116195,574,10127,7456,952,7682.4,38.0,669.6,493.0,62.9,Sehr sicher,city_aggregate,München: sicherste Großstadt Deutschlands (>200k Einwohner) seit 50 Jahren
BY-SCHUL_SCHULSTANDORTEMITTELSCHULEN_6ee130bf-7a96-4cd2-9891-a854bb43c7cf,"Mittelschule München, Reichenaustraße 3",Reichenaustr. 3,81243,München,,,Mittelschulen,,,,,,48.147044,11.436266,"Reichenaustr. 3, 81243 München","jedeschule.codefor.de (CC0, scraped from km.bayern.de)",2026-04-04,Bayern,München,28,0,2,26,16,1,44,Westkreuz,593.0,48.148897,11.443763,,,,,,,,,,,,,,,,,,,,,,,,,,,Überlinger Weg,245.0,48.145038,11.434894,,Überlinger Weg,254.0,48.144942,11.434922,,Mainaustraße,311.0,48.149318,11.433829,,29,,100,München,,1512491,1.0,7684,62.9,116195,574,10127,7456,952,7682.4,38.0,669.6,493.0,62.9,Sehr sicher,city_aggregate,München: sicherste Großstadt Deutschlands (>200k Einwohner) seit 50 Jahren
BY-SCHUL_SCHULSTANDORTEMITTELSCHULEN_bc614253-fa2e-460d-824d-c996be230e91,"Mittelschule München, Peslmüllerstraße 8",Peslmüllerstr. 8,81243,München,,,Mittelschulen,,,,,,48.141752,11.445861,"Peslmüllerstr. 8, 81243 München","jedeschule.codefor.de (CC0, scraped from km.bayern.de)",2026-04-04,Bayern,München,23,0,0,23,15,2,54,Westkreuz,810.0,48.148897,11.443763,,,,,,,,,,,,,,,,,,,,,,,,,,,Peslmüllerstraße,44.0,48.141371,11.446003,,Peslmüllerstraße,46.0,48.141345,11.445953,,Peslmüllerstraße,95.0,48.14104,11.446559,,42,,100,München,,1512491,1.0,7684,62.9,116195,574,10127,7456,952,7682.4,38.0,669.6,493.0,62.9,Sehr sicher,city_aggregate,München: sicherste Großstadt Deutschlands (>200k Einwohner) seit 50 Jahren
BY-SCHUL_SCHULSTANDORTEMITTELSCHULEN_b5d4871c-efd4-4733-b637-f81d1bb8309f,"Mittelschule München, Schleißheimer Straße 275",Schleißheimer Str. 275,80809,München,,,Mittelschulen,,,,,,48.180585,11.566501,"Schleißheimer Str. 275, 80809 München","jedeschule.codefor.de (CC0, scraped from km.bayern.de)",2026-04-04,Bayern,München,81,0,11,70,32,11,0,Unknown,474.0,48.179979,11.572828,,Unknown,479.0,48.181838,11.572688,,Unknown,483.0,48.17636,11.564999,E,Petuelring,613.0,48.17507,11.566361,,Gartenstraße,945.0,48.172152,11.564919,,,,,,,Curt-Mezger-Platz,74.0,48.181183,11.566933,,Curt-Mezger-Platz,89.0,48.181343,11.566908,,Schopenhauerstraße,234.0,48.17938,11.563916,,72,E,100,München,,1512491,1.0,7684,62.9,116195,574,10127,7456,952,7682.4,38.0,669.6,493.0,62.9,Sehr sicher,city_aggregate,München: sicherste Großstadt Deutschlands (>200k Einwohner) seit 50 Jahren
BY-SCHUL_SCHULSTANDORTEMITTELSCHULEN_17cb67f8-0bdd-449a-9d2e-1ad754494991,"Mittelschule München, Simmernstraße 2",Simmernstr. 2,80804,München,,,Mittelschulen,,,,,,48.16738,11.582841,"Simmernstr. 2, 80804 München","jedeschule.codefor.de (CC0, scraped from km.bayern.de)",2026-04-04,Bayern,München,103,1,4,98,69,4,0,Unknown,277.0,48.166823,11.579198,C,Unknown,305.0,48.166331,11.579044,D,Unknown,322.0,48.166677,11.578631,,Potsdamer Straße,257.0,48.167814,11.586242,,Potsdamer Straße,266.0,48.166607,11.586231,,Kölner Platz,496.0,48.170101,11.577542,,Potsdamer Straße,258.0,48.166627,11.586134,,Potsdamer Straße,266.0,48.16793,11.586336,,Potsdamer Straße,329.0,48.16737,11.587273,,87,C; D,100,München,,1512491,1.0,7684,62.9,116195,574,10127,7456,952,7682.4,38.0,669.6,493.0,62.9,Sehr sicher,city_aggregate,München: sicherste Großstadt Deutschlands (>200k Einwohner) seit 50 Jahren
BY-SCHUL_SCHULSTANDORTEMITTELSCHULEN_260bd00d-8bc4-4ada-8a92-69e8948de687,"Mittelschule München, Situlistraße 87",Situlistr. 87,80939,München,,,Mittelschulen,,,,,,48.195767,11.618154,"Situlistr. 87, 80939 München","jedeschule.codefor.de (CC0, scraped from km.bayern.de)",2026-04-04,Bayern,München,40,0,3,37,17,3,20,Unknown,410.0,48.192871,11.614738,A,Unknown,441.0,48.192605,11.614557,B,Freimann,512.0,48.191958,11.614275,,,,,,,,,,,,,,,,,Kulturheimstraße,247.0,48.196569,11.621266,,Kulturheimstraße,247.0,48.196398,11.621354,,Emmerigweg,386.0,48.195557,11.623347,,45,A; B,100,München,,1512491,1.0,7684,62.9,116195,574,10127,7456,952,7682.4,38.0,669.6,493.0,62.9,Sehr sicher,city_aggregate,München: sicherste Großstadt Deutschlands (>200k Einwohner) seit 50 Jahren
BY-SCHUL_SCHULSTANDORTEMITTELSCHULEN_ffbbb79b-f403-48ee-bdf0-8f153164fb9a,"Mittelschule München, Stuntzstraße 55",Stuntzstr. 55,81677,München,,,Mittelschulen,,,,,,48.141619,11.622683,"Stuntzstr. 55, 81677 München","jedeschule.codefor.de (CC0, scraped from km.bayern.de)",2026-04-04,Bayern,München,32,0,1,31,11,3,36,Unknown,555.0,48.143811,11.61597,A,Unknown,564.0,48.144,11.615964,,Böhmerwaldplatz,566.0,48.143505,11.6156,,Vogelweideplatz,524.0,48.137232,11.620091,,Vogelweideplatz,526.0,48.137132,11.620421,,Riedenburger Straße,640.0,48.135913,11.623795,,Moselstraße,337.0,48.14179,11.627212,,Vogelweideplatz,514.0,48.137386,11.619905,,Schwarzwaldstraße,515.0,48.13908,11.628484,,50,A,100,München,,1512491,1.0,7684,62.9,116195,574,10127,7456,952,7682.4,38.0,669.6,493.0,62.9,Sehr sicher,city_aggregate,München: sicherste Großstadt Deutschlands (>200k Einwohner) seit 50 Jahren
BY-SCHUL_SCHULSTANDORTEMITTELSCHULEN_5f87d162-d25c-4558-81ef-3ee7dfe21965,"Mittelschule München, Toni-Pfülf-Straße 30",Toni-Pfülf-Str. 30,80995,München,,,Mittelschulen,,,,,,48.201038,11.532896,"Toni-Pfülf-Str. 30, 80995 München","jedeschule.codefor.de (CC0, scraped from km.bayern.de)",2026-04-04,Bayern,München,21,2,2,17,12,7,58,Fasanerie,635.0,48.197775,11.525866,,,,,,,,,,,,,,,,,,,,,,,,,,,Max-Wönner-Straße,271.0,48.199482,11.535703,,Max-Wönner-Straße,287.0,48.199272,11.535723,,Lerchenauer See,380.0,48.198139,11.535609,,19,,100,München,,1512491,1.0,7684,62.9,116195,574,10127,7456,952,7682.4,38.0,669.6,493.0,62.9,Sehr sicher,city_aggregate,München: sicherste Großstadt Deutschlands (>200k Einwohner) seit 50 Jahren
BY-SCHUL_SCHULSTANDORTEMITTELSCHULEN_3fa85b1e-ed77-4cbc-b9ba-32c2165cc7e6,"Mittelschule München, Torquato-Tasso-Straße 38",Torquato-Tasso-Str. 38,80807,München,,,Mittelschulen,,,,,,48.180034,11.581221,"Torquato-Tasso-Str. 38, 80807 München","jedeschule.codefor.de (CC0, scraped from km.bayern.de)",2026-04-04,Bayern,München,82,0,4,78,35,5,0,Unknown,576.0,48.179837,11.573462,,Unknown,579.0,48.179929,11.573414,,Milbertshofen,606.0,48.180904,11.573153,,Anni-Albers-Straße,593.0,48.17977,11.589212,,Am Münchner Tor,681.0,48.17613,11.588298,,Domagkstraße,790.0,48.183797,11.590265,,Griegstraße,311.0,48.181438,11.584849,,Freiligrathstraße,351.0,48.178263,11.58514,,Griegstraße,359.0,48.182107,11.584937,,54,,100,München,,1512491,1.0,7684,62.9,116195,574,10127,7456,952,7682.4,38.0,669.6,493.0,62.9,Sehr sicher,city_aggregate,München: sicherste Großstadt Deutschlands (>200k Einwohner) seit 50 Jahren
BY-SCHUL_SCHULSTANDORTEMITTELSCHULEN_242e8fe3-b0d7-4c9e-9912-3543af545d4d,"Mittelschule München, Walliser Straße 5",Walliser Str. 5,81475,München,,,Mittelschulen,,,,,,48.091949,11.482629,"Walliser Str. 5, 81475 München","jedeschule.codefor.de (CC0, scraped from km.bayern.de)",2026-04-04,Bayern,München,33,0,2,31,12,7,34,Unknown,373.0,48.089059,11.480076,,Unknown,403.0,48.08871,11.480211,,Fürstenried West,420.0,48.088366,11.48083,U 3,,,,,,,,,,,,,,,,Bellinzonastraße,180.0,48.09326,11.481212,,Bellinzonastraße,202.0,48.093501,11.481228,,Tischlerstraße,385.0,48.095109,11.48051,,43,U 3,100,München,,1512491,1.0,7684,62.9,116195,574,10127,7456,952,7682.4,38.0,669.6,493.0,62.9,Sehr sicher,city_aggregate,München: sicherste Großstadt Deutschlands (>200k Einwohner) seit 50 Jahren
BY-SCHUL_SCHULSTANDORTEMITTELSCHULEN_61dd325b-0534-4bb6-a269-54a41a1bd1ca,"Mittelschule München, Wiesentfelser Straße 53",Wiesentfelser Str. 53,81249,München,,,Mittelschulen,,,,,,48.146135,11.412995,"Wiesentfelser Str. 53, 81249 München","jedeschule.codefor.de (CC0, scraped from km.bayern.de)",2026-04-04,Bayern,München,17,0,1,16,8,2,66,Freiham,715.0,48.140008,11.41007,,Neuaubing,836.0,48.141692,11.422085,,,,,,,,,,,,,,,,,,,,,,Wiesentfelser Straße,66.0,48.146469,11.413735,,Wiesentfelser Straße,91.0,48.146481,11.414108,,Wiesentfelser Straße,129.0,48.146478,11.414663,,64,,100,München,,1512491,1.0,7684,62.9,116195,574,10127,7456,952,7682.4,38.0,669.6,493.0,62.9,Sehr sicher,city_aggregate,München: sicherste Großstadt Deutschlands (>200k Einwohner) seit 50 Jahren
BY-SCHUL_SCHULSTANDORTEMITTELSCHULEN_3cd7a9d2-b5fa-40f5-bb3e-0b33d8fbca77,"Mittelschule München, Winthirplatz 6",Winthirplatz 6,80639,München,,,Mittelschulen,,,,,,48.153282,11.5273,"Winthirplatz 6, 80639 München","jedeschule.codefor.de (CC0, scraped from km.bayern.de)",2026-04-04,Bayern,München,102,0,13,89,63,18,0,Unknown,410.0,48.15286,11.532787,G,Unknown,419.0,48.154656,11.532554,A,Unknown,422.0,48.153169,11.53298,H,Renatastraße,375.0,48.156619,11.526578,,Volkartstraße,448.0,48.15512,11.532669,,Neuhausen,460.0,48.156313,11.531524,,Winthirplatz,159.0,48.151956,11.528089,,Winthirplatz,162.0,48.151857,11.527771,,Dankwartstraße,332.0,48.151384,11.523841,,48,A; G; H,100,München,,1512491,1.0,7684,62.9,116195,574,10127,7456,952,7682.4,38.0,669.6,493.0,62.9,Sehr sicher,city_aggregate,München: sicherste Großstadt Deutschlands (>200k Einwohner) seit 50 Jahren
BY-SCHUL_SCHULSTANDORTEMITTELSCHULEN_94fcd1ad-f83d-49bf-a98e-ef93be906cdb,"Mittelschule München, Wörthstraße 2",Wörthstr. 2,81667,München,,,Mittelschulen,,,,,,48.131662,11.598082,"Wörthstr. 2, 81667 München","jedeschule.codefor.de (CC0, scraped from km.bayern.de)",2026-04-04,Bayern,München,109,0,7,102,73,21,0,Unknown,416.0,48.135399,11.598102,C,Unknown,421.0,48.135443,11.597749,D,Max-Weber-Platz,450.0,48.135703,11.597871,,Wörthstraße,47.0,48.131844,11.597514,,Max-Weber-Platz (Johannisplatz),305.0,48.134407,11.598079,,Wiener Platz,318.0,48.13408,11.595785,,Max-Weber-Platz,447.0,48.135569,11.599508,,Rosenheimer Platz,451.0,48.128986,11.593509,,Max-Weber-Platz,457.0,48.135574,11.599973,6,88,6; C; D,100,München,,1512491,1.0,7684,62.9,116195,574,10127,7456,952,7682.4,38.0,669.6,493.0,62.9,Sehr sicher,city_aggregate,München: sicherste Großstadt Deutschlands (>200k Einwohner) seit 50 Jahren
BY-SCHUL_SCHULSTANDORTEMITTELSCHULEN_4efad132-7475-46fe-b549-c62aa9d07179,"Mittelschule München, Zielstattstraße 74",Zielstattstr. 74,81379,München,,,Mittelschulen,,,,,,48.102287,11.519935,"Zielstattstr. 74, 81379 München","jedeschule.codefor.de (CC0, scraped from km.bayern.de)",2026-04-04,Bayern,München,41,0,4,37,18,3,18,"Aidenbachstraße, Ratzingerplatz",516.0,48.098513,11.523975,,Unknown,542.0,48.098037,11.523512,,Unknown,549.0,48.098142,11.523948,,,,,,,,,,,,,,,,,Aichacher Straße,315.0,48.104913,11.518343,,Murnauer Straße,315.0,48.101899,11.524141,,Aichacher Straße,317.0,48.104951,11.51843,,60,,100,München,,1512491,1.0,7684,62.9,116195,574,10127,7456,952,7682.4,38.0,669.6,493.0,62.9,Sehr sicher,city_aggregate,München: sicherste Großstadt Deutschlands (>200k Einwohner) seit 50 Jahren
BY-SCHUL_SCHULSTANDORTEMITTELSCHULEN_f6c29785-ee6c-4d3c-b0dc-a9db529d0e5e,"Mittelschule München, Sambergerstraße 14",Sambergerstr. 14,81477,München,,,Mittelschulen,,,,,,48.080293,11.508217,"Sambergerstr. 14, 81477 München","jedeschule.codefor.de (CC0, scraped from km.bayern.de)",2026-04-04,Bayern,München,29,0,2,27,15,8,42,,,,,,,,,,,,,,,,,,,,,,,,,,,,,,,Gilgstraße,179.0,48.081836,11.508903,,Eberlestraße,212.0,48.078394,11.507994,,Eberlestraße,212.0,48.078385,11.508057,,32,,100,München,,1512491,1.0,7684,62.9,116195,574,10127,7456,952,7682.4,38.0,669.6,493.0,62.9,Sehr sicher,city_aggregate,München: sicherste Großstadt Deutschlands (>200k Einwohner) seit 50 Jahren
BY-SCHUL_SCHULSTANDORTEMITTELSCHULEN_154c18bb-6e37-4243-b2b2-5d193dbc1801,"Mittelschule München, Gerhart-Hauptmann-Ring 15",Gerhart-Hauptmann-Ring 15,81737,München,,,Mittelschulen,,,,,,48.101353,11.653798,"Gerhart-Hauptmann-Ring 15, 81737 München","jedeschule.codefor.de (CC0, scraped from km.bayern.de)",2026-04-04,Bayern,München,39,0,4,35,12,4,22,Unknown,502.0,48.101033,11.647059,,Unknown,535.0,48.101786,11.646629,,Neuperlach Zentrum,566.0,48.101184,11.646174,,,,,,,,,,,,,,,,,Oskar-Maria-Graf-Ring,366.0,48.099005,11.657257,,Franz-Heubl-Straße,383.0,48.101567,11.65894,,Oskar-Maria-Graf-Ring,384.0,48.098796,11.657276,,60,,100,München,,1512491,1.0,7684,62.9,116195,574,10127,7456,952,7682.4,38.0,669.6,493.0,62.9,Sehr sicher,city_aggregate,München: sicherste Großstadt Deutschlands (>200k Einwohner) seit 50 Jahren
BY-SCHUL_SCHULSTANDORTEBERUFLICHESCHULEN_582d3eee-370f-4db7-bd1a-57cfa6870193,Staatliche Fachoberschule für Technik München,Orleansstr. 44,81667,München,,,Fachoberschulen,,,,,,48.126533,11.601963,"Orleansstr. 44, 81667 München","jedeschule.codefor.de (CC0, scraped from km.bayern.de)",2026-04-04,Bayern,München,124,0,1,123,66,25,0,Unknown,125.0,48.127417,11.603013,F,Unknown,159.0,48.127873,11.602707,G,Unknown,174.0,48.12771,11.603518,H,Ostbahnhof,265.0,48.128713,11.603392,,Ostbahnhof,269.0,48.128742,11.603454,,Rosenheimer Platz,640.0,48.128888,11.594089,,Ostbahnhof,84.0,48.127219,11.602424,,Ostbahnhof (Bildungszentrum),101.0,48.127373,11.602497,,Orleansstraße,169.0,48.125664,11.600093,,73,F; G; H,100,München,,1512491,1.0,7684,62.9,116195,574,10127,7456,952,7682.4,38.0,669.6,493.0,62.9,Sehr sicher,city_aggregate,München: sicherste Großstadt Deutschlands (>200k Einwohner) seit 50 Jahren
BY-SCHUL_SCHULSTANDORTEMITTELSCHULEN_7a32cfc9-204f-46ce-85f6-9117e815d636,"Mittelschule München, Hochstraße 31",Hochstr. 31,81669,München,,,Mittelschulen,,,,,,48.126085,11.586868,"Hochstr. 31, 81669 München","jedeschule.codefor.de (CC0, scraped from km.bayern.de)",2026-04-04,Bayern,München,78,0,9,69,47,14,0,Rosenheimer Platz,575.0,48.129184,11.593075,,Unknown,850.0,48.128367,11.575935,C,Unknown,855.0,48.13355,11.584106,,Regerplatz,211.0,48.124352,11.588025,,Mariahilfplatz,469.0,48.124039,11.581344,,Carl-Amery-Platz,523.0,48.121445,11.585677,,Regerplatz,211.0,48.124415,11.588216,,Regerplatz,217.0,48.124279,11.587974,,Regerplatz,228.0,48.124704,11.589135,,66,C,100,München,,1512491,1.0,7684,62.9,116195,574,10127,7456,952,7682.4,38.0,669.6,493.0,62.9,Sehr sicher,city_aggregate,München: sicherste Großstadt Deutschlands (>200k Einwohner) seit 50 Jahren
BY-SCHUL_SCHULSTANDORTEGYMNASIEN_98ce20ed-d9ec-428f-a3f9-7d07d125c47a,Gymnasium München-Trudering,Friedenspromenade 64,81827,München,,,Gymnasien,,,,,,48.110636,11.67381,"Friedenspromenade 64, 81827 München","jedeschule.codefor.de (CC0, scraped from km.bayern.de)",2026-04-04,Bayern,München,15,0,1,14,7,1,70,,,,,,,,,,,,,,,,,,,,,,,,,,,,,,,Markgrafenstraße,33.0,48.110718,11.673385,,Markgrafenstraße,50.0,48.110981,11.673388,,Markgrafenstraße,51.0,48.111036,11.673471,,38,,100,München,,1512491,1.0,7684,62.9,116195,574,10127,7456,952,7682.4,38.0,669.6,493.0,62.9,Sehr sicher,city_aggregate,München: sicherste Großstadt Deutschlands (>200k Einwohner) seit 50 Jahren
BY-SCHUL_SCHULSTANDORTEBERUFLICHESCHULEN_78d342f2-fa1d-489e-81ed-270285a4456d,"Therese-von-Bayern-Schule, Staatl. Fachoberschule für Wirtschaft München",Lindwurmstr. 90,80337,München,,,Fachoberschulen,,,,,,48.12432,11.54746,"Lindwurmstr. 90, 80337 München","jedeschule.codefor.de (CC0, scraped from km.bayern.de)",2026-04-04,Bayern,München,156,0,19,137,84,27,0,Unknown,168.0,48.125101,11.549402,,Unknown,181.0,48.124908,11.549735,,Poccistraße,244.0,48.125488,11.550244,,,,,,,,,,,,,,,,,Poccistraße,153.0,48.124861,11.549362,,Senserstraße,172.0,48.122971,11.548588,,Poccistraße,175.0,48.125514,11.548989,,78,,100,München,,1512491,1.0,7684,62.9,116195,574,10127,7456,952,7682.4,38.0,669.6,493.0,62.9,Sehr sicher,city_aggregate,München: sicherste Großstadt Deutschlands (>200k Einwohner) seit 50 Jahren
BY-SCHUL_SCHULSTANDORTEMITTELSCHULEN_600ccc9f-014a-45f9-aefb-09e212af55ee,"Mittelschule München, Guardinistraße 60",Guardinistr. 60,81375,München,,,Mittelschulen,,,,,,48.11853,11.494343,"Guardinistr. 60, 81375 München","jedeschule.codefor.de (CC0, scraped from km.bayern.de)",2026-04-04,Bayern,München,17,0,3,14,10,2,66,Unknown,289.0,48.118521,11.490444,,Unknown,330.0,48.118142,11.489939,,Unknown,349.0,48.118346,11.489655,,Gondrellplatz,729.0,48.124467,11.490171,1.0,Senftenauerstraße,815.0,48.125575,11.497381,,Senftenauerstraße,836.0,48.12568,11.497824,,Gräfelfinger Straße,157.0,48.117265,11.495292,167; N40,Gräfelfinger Straße,160.0,48.117222,11.495238,,Kurparkstraße,169.0,48.119415,11.496189,,60,1; 167; N40,100,München,,1512491,1.0,7684,62.9,116195,574,10127,7456,952,7682.4,38.0,669.6,493.0,62.9,Sehr sicher,city_aggregate,München: sicherste Großstadt Deutschlands (>200k Einwohner) seit 50 Jahren
BY-SCHUL_SCHULSTANDORTEGYMNASIEN_f4bf16af-64d0-4da2-b1be-af09200332dc,Karlsgymnasium München-Pasing,Am Stadtpark 21,81243,München,,,Gymnasien,,,,,,48.141573,11.452465,"Am Stadtpark 21, 81243 München","jedeschule.codefor.de (CC0, scraped from km.bayern.de)",2026-04-04,Bayern,München,32,0,0,32,19,6,36,,,,,,,,,,,,,,,,Rathaus Pasing,816.0,48.146625,11.460436,,Rathaus Pasing,901.0,48.146673,11.461899,,,,,,,Avenariusplatz,176.0,48.142093,11.450226,,Avenariusplatz,180.0,48.142024,11.450133,,Planegger Straße,325.0,48.140548,11.456563,,62,,100,München,,1512491,1.0,7684,62.9,116195,574,10127,7456,952,7682.4,38.0,669.6,493.0,62.9,Sehr sicher,city_aggregate,München: sicherste Großstadt Deutschlands (>200k Einwohner) seit 50 Jahren
BY-SCHUL_SCHULSTANDORTEBERUFLICHESCHULEN_3070b611-0def-4c41-ba93-0f1bbea86e5a,Staatliche Fachoberschule München-West,Bergsonstr. 109,81245,München,,,Fachoberschulen,,,,,,48.163257,11.434339,"Bergsonstr. 109, 81245 München","jedeschule.codefor.de (CC0, scraped from km.bayern.de)",2026-04-04,Bayern,München,10,0,1,9,5,2,80,Langwied,142.0,48.163044,11.432452,,,,,,,,,,,,,,,,,,,,,,,,,,,Jaspersallee,78.0,48.163795,11.43502,,Jaspersallee,120.0,48.163574,11.435887,,Langwied Bahnhof,131.0,48.163076,11.432591,,18,,100,München,,1512491,1.0,7684,62.9,116195,574,10127,7456,952,7682.4,38.0,669.6,493.0,62.9,Sehr sicher,city_aggregate,München: sicherste Großstadt Deutschlands (>200k Einwohner) seit 50 Jahren
BY-SCHUL_SCHULSTANDORTEGYMNASIEN_7fe22a7c-24c6-469f-a593-d3f153e6ae3c,Ludwigsgymnasium München,Fürstenrieder Str. 159 a,81377,München,,,Gymnasien,,,,,,48.122118,11.504679,"Fürstenrieder Str. 159 a, 81377 München","jedeschule.codefor.de (CC0, scraped from km.bayern.de)",2026-04-04,Bayern,München,92,0,5,87,27,8,0,Unknown,642.0,48.116472,11.502884,,Unknown,642.0,48.116497,11.502689,,Unknown,647.0,48.116534,11.502238,,Ammerseestraße,482.0,48.126101,11.502117,,Ammerseestraße,495.0,48.126121,11.501766,,Stegener Weg,495.0,48.125863,11.508282,,Andreas-Vöst-Straße,157.0,48.121735,11.502649,,Andreas-Vöst-Straße,179.0,48.121452,11.502491,,Ammerseestraße,430.0,48.125821,11.503004,,36,,100,München,,1512491,1.0,7684,62.9,116195,574,10127,7456,952,7682.4,38.0,669.6,493.0,62.9,Sehr sicher,city_aggregate,München: sicherste Großstadt Deutschlands (>200k Einwohner) seit 50 Jahren
BY-SCHUL_SCHULSTANDORTEGYMNASIEN_ce41bb75-f3f8-4124-a39a-9be8fda6bed0,Maximiliansgymnasium München,Oettingenstr. 78,80538,München,,,Gymnasien,,,,,,48.150023,11.595798,"Oettingenstr. 78, 80538 München","jedeschule.codefor.de (CC0, scraped from km.bayern.de)",2026-04-04,Bayern,München,62,0,5,57,44,15,0,,,,,,,,,,,,,,,,Tivolistraße,38.0,48.149838,11.596229,,Mauerkircherstraße,393.0,48.148837,11.600789,,Paradiesstraße,459.0,48.146346,11.592977,,Tivolistraße,44.0,48.150128,11.596376,,Tivolistraße,45.0,48.150225,11.596319,,Hirschauer Straße,120.0,48.150933,11.594923,,29,,100,München,,1512491,1.0,7684,62.9,116195,574,10127,7456,952,7682.4,38.0,669.6,493.0,62.9,Sehr sicher,city_aggregate,München: sicherste Großstadt Deutschlands (>200k Einwohner) seit 50 Jahren
BY-SCHUL_SCHULSTANDORTEGYMNASIEN_360cb8b1-ee5c-4909-8c6c-1eb24e4871a0,Theresien-Gymnasium München,Kaiser-Ludwig-Platz 3,80336,München,,,Gymnasien,,,,,,48.131907,11.556458,"Kaiser-Ludwig-Platz 3, 80336 München","jedeschule.codefor.de (CC0, scraped from km.bayern.de)",2026-04-04,Bayern,München,181,0,14,167,87,32,0,Unknown,272.0,48.129736,11.55814,A,Unknown,278.0,48.12992,11.558733,B,Unknown,314.0,48.129601,11.558908,C,Sendlinger Tor,751.0,48.133686,11.566219,,Holzkirchner Bahnhof,808.0,48.139153,11.555671,1.0,Holzkirchner Bahnhof,816.0,48.139148,11.554701,2.0,Beethovenplatz,180.0,48.13313,11.558046,,Beethovenplatz,183.0,48.133222,11.557931,,Goetheplatz,244.0,48.130152,11.558443,,113,1; 2; A; B; C,100,München,,1512491,1.0,7684,62.9,116195,574,10127,7456,952,7682.4,38.0,669.6,493.0,62.9,Sehr sicher,city_aggregate,München: sicherste Großstadt Deutschlands (>200k Einwohner) seit 50 Jahren
BY-SCHUL_SCHULSTANDORTEGYMNASIEN_7ad6952d-966b-408e-a1f6-cb29fbe71f05,Wilhelmsgymnasium München,Thierschstr. 46,80538,München,,,Gymnasien,,,,,,48.138259,11.588593,"Thierschstr. 46, 80538 München","jedeschule.codefor.de (CC0, scraped from km.bayern.de)",2026-04-04,Bayern,München,153,0,14,139,102,8,0,Unknown,141.0,48.139462,11.589174,D,Unknown,144.0,48.139546,11.588766,,Unknown,154.0,48.139635,11.588771,C,Maxmonument,86.0,48.137529,11.588218,,Lehel,148.0,48.139593,11.588581,2.0,Mariannenplatz,364.0,48.135224,11.586752,,Maxmonument,102.0,48.137364,11.588311,,Maxmonument,121.0,48.137456,11.587489,,Nationalmuseum/Haus der Kunst,519.0,48.142903,11.589311,,85,2; C; D,100,München,,1512491,1.0,7684,62.9,116195,574,10127,7456,952,7682.4,38.0,669.6,493.0,62.9,Sehr sicher,city_aggregate,München: sicherste Großstadt Deutschlands (>200k Einwohner) seit 50 Jahren
BY-SCHUL_SCHULSTANDORTEGYMNASIEN_a25b412f-e50b-44bf-be6e-65fa8be6a989,Wittelsbacher-Gymnasium München,Marsplatz 1,80335,München,,,Gymnasien,,,,,,48.145789,11.548327,"Marsplatz 1, 80335 München","jedeschule.codefor.de (CC0, scraped from km.bayern.de)",2026-04-04,Bayern,München,91,0,9,82,55,10,0,Hackerbrücke,426.0,48.141964,11.548527,,Maillingerstraße,444.0,48.149662,11.546844,E,Unknown,472.0,48.149903,11.546744,,Hackerbrücke,237.0,48.143662,11.548282,,Deroystraße,273.0,48.144266,11.545439,,Marsstraße,483.0,48.14503,11.541916,,Hackerbrücke,220.0,48.143817,11.548159,,Hackerbrücke,285.0,48.143313,11.5493,,München ZOB (26),345.0,48.142736,11.549117,BusCenter; EU0235; Flixbus 001 + 006 + 063 + 101 + 121 + 186 + 227 + 900 + 943 + X06 + N947; 26,101,26; BusCenter; E; EU0235; Flixbus 001 + 006 + 063 + 101 + 121 + 186 + 227 + 900 + 943 + X06 + N947,100,München,,1512491,1.0,7684,62.9,116195,574,10127,7456,952,7682.4,38.0,669.6,493.0,62.9,Sehr sicher,city_aggregate,München: sicherste Großstadt Deutschlands (>200k Einwohner) seit 50 Jahren
BY-SCHUL_SCHULSTANDORTEGYMNASIEN_9e2ca571-d8f5-4d72-a37a-63c4c31ce46b,Albert-Einstein-Gymnasium München,Lautererstr. 2,81545,München,,,Gymnasien,,,,,,48.094945,11.560743,"Lautererstr. 2, 81545 München","jedeschule.codefor.de (CC0, scraped from km.bayern.de)",2026-04-04,Bayern,München,35,0,6,29,18,6,30,,,,,,,,,,,,,,,,Tiroler Platz,259.0,48.096202,11.563675,,Authariplatz,353.0,48.092007,11.562562,,Theodolindenplatz,584.0,48.090336,11.556964,,Tiroler Platz,227.0,48.095533,11.563672,,Tiroler Platz,231.0,48.096044,11.563385,,Autharistraße,551.0,48.090529,11.564106,,25,,100,München,,1512491,1.0,7684,62.9,116195,574,10127,7456,952,7682.4,38.0,669.6,493.0,62.9,Sehr sicher,city_aggregate,München: sicherste Großstadt Deutschlands (>200k Einwohner) seit 50 Jahren
BY-SCHUL_SCHULSTANDORTEREALSCHULEN_5d572203-e801-4329-ab9f-8bbd0a55896e,Marieluise-Fleißer-Realschule Staatl. Realschule München III,Schwanthalerstr. 87,80336,München,,,Realschulen,,,,,,48.137125,11.553031,"Schwanthalerstr. 87, 80336 München","jedeschule.codefor.de (CC0, scraped from km.bayern.de)",2026-04-04,Bayern,München,221,0,17,204,114,43,0,Unknown,60.0,48.136616,11.553292,A,Unknown,105.0,48.136193,11.553279,B,Unknown,106.0,48.136176,11.552939,,Hermann-Lingg-Straße,227.0,48.139061,11.552081,1.0,Hermann-Lingg-Straße,246.0,48.139011,11.551301,2.0,Holzkirchner Bahnhof,257.0,48.139148,11.554701,2.0,Holzkirchner Bahnhof,288.0,48.138826,11.55595,3,Holzkirchner Bahnhof,297.0,48.138944,11.555954,4,Unknown,344.0,48.139951,11.55116,,155,1; 2; 3; 4; A; B,100,München,,1512491,1.0,7684,62.9,116195,574,10127,7456,952,7682.4,38.0,669.6,493.0,62.9,Sehr sicher,city_aggregate,München: sicherste Großstadt Deutschlands (>200k Einwohner) seit 50 Jahren
BY-SCHUL_SCHULSTANDORTEGYMNASIEN_595f0725-e84b-464d-a890-08c71562072f,Oskar-von-Miller-Gymnasium München,Ungererstr. 191,80805,München,,,Gymnasien,,,,,,48.180378,11.604112,"Ungererstr. 191, 80805 München","jedeschule.codefor.de (CC0, scraped from km.bayern.de)",2026-04-04,Bayern,München,34,0,1,33,12,5,32,Unknown,127.0,48.179339,11.603388,A,Unknown,181.0,48.178942,11.602976,,Alte Heide,234.0,48.178552,11.602555,,,,,,,,,,,,,,,,,Alte Heide,67.0,48.179778,11.604172,,Alte Heide,79.0,48.179774,11.603542,,Alte Heide,88.0,48.179703,11.603484,,46,A,100,München,,1512491,1.0,7684,62.9,116195,574,10127,7456,952,7682.4,38.0,669.6,493.0,62.9,Sehr sicher,city_aggregate,München: sicherste Großstadt Deutschlands (>200k Einwohner) seit 50 Jahren
BY-SCHUL_SCHULSTANDORTEGYMNASIEN_310319b1-7423-426d-a0a3-51b0681edf3e,Asam-Gymnasium München,Schlierseestr. 20,81539,München,,,Gymnasien,,,,,,48.114351,11.591399,"Schlierseestr. 20, 81539 München","jedeschule.codefor.de (CC0, scraped from km.bayern.de)",2026-04-04,Bayern,München,63,0,2,61,35,9,0,Unknown,332.0,48.112871,11.587512,A,Unknown,337.0,48.112566,11.587736,B,Untersbergstraße,349.0,48.112595,11.587508,,Werinherstraße,103.0,48.114947,11.592463,,Sankt-Martins-Platz,390.0,48.117219,11.58837,,Giesing Bahnhof,497.0,48.110493,11.594792,,Werinherstraße,81.0,48.114546,11.592444,,Werinherstraße,97.0,48.114563,11.592673,,Giesing Bahnhof,378.0,48.111485,11.594126,,81,A; B,100,München,,1512491,1.0,7684,62.9,116195,574,10127,7456,952,7682.4,38.0,669.6,493.0,62.9,Sehr sicher,city_aggregate,München: sicherste Großstadt Deutschlands (>200k Einwohner) seit 50 Jahren
BY-SCHUL_SCHULSTANDORTEGYMNASIEN_26efe204-3c4f-4c7b-89c5-d104e8280e67,Erasmus-Grasser-Gymnasium München,Fürstenrieder Str. 159,81377,München,,,Gymnasien,,,,,,48.122978,11.503452,"Fürstenrieder Str. 159, 81377 München","jedeschule.codefor.de (CC0, scraped from km.bayern.de)",2026-04-04,Bayern,München,85,0,5,80,24,7,0,Unknown,722.0,48.116534,11.502238,,Unknown,723.0,48.116497,11.502689,,Unknown,725.0,48.116472,11.502884,,Ammerseestraße,361.0,48.126101,11.502117,,Ammerseestraße,371.0,48.126121,11.501766,,Stegener Weg,481.0,48.125863,11.508282,,Andreas-Vöst-Straße,151.0,48.121735,11.502649,,Andreas-Vöst-Straße,184.0,48.121452,11.502491,,Ammerseestraße,318.0,48.125821,11.503004,,41,,100,München,,1512491,1.0,7684,62.9,116195,574,10127,7456,952,7682.4,38.0,669.6,493.0,62.9,Sehr sicher,city_aggregate,München: sicherste Großstadt Deutschlands (>200k Einwohner) seit 50 Jahren
BY-SCHUL_SCHULSTANDORTEGYMNASIEN_0073b9c0-48c4-4c00-a995-d2d5ad0d45b8,Gisela-Gymnasium München,Arcisstr. 65,80801,München,,,Gymnasien,,,,,,48.156645,11.573317,"Arcisstr. 65, 80801 München","jedeschule.codefor.de (CC0, scraped from km.bayern.de)",2026-04-04,Bayern,München,135,0,9,126,104,14,0,Unknown,436.0,48.156628,11.567446,B,Unknown,447.0,48.156646,11.567288,A,Josephsplatz,472.0,48.155744,11.567093,,Elisabethplatz,166.0,48.157642,11.574992,,Nordendstraße,256.0,48.154821,11.575418,,Kurfürstenplatz,387.0,48.159958,11.574921,,Kurfürstenplatz,426.0,48.160443,11.574066,,Kurfürstenplatz,428.0,48.160478,11.57386,,Josephsplatz,568.0,48.154837,11.566153,,95,A; B,100,München,,1512491,1.0,7684,62.9,116195,574,10127,7456,952,7682.4,38.0,669.6,493.0,62.9,Sehr sicher,city_aggregate,München: sicherste Großstadt Deutschlands (>200k Einwohner) seit 50 Jahren
BY-SCHUL_SCHULSTANDORTEREALSCHULEN_dfc50391-1c25-45fe-918d-81d0b6b3074b,Georg-Büchner-Realschule Staatliche Realschule München I,Droste-Hülshoff-Str. 5,80686,München,,,Realschulen,,,,,,48.127564,11.509409,"Droste-Hülshoff-Str. 5, 80686 München","jedeschule.codefor.de (CC0, scraped from km.bayern.de)",2026-04-04,Bayern,München,45,0,2,43,10,6,10,Unknown,818.0,48.134923,11.509481,C,Unknown,837.0,48.134866,11.512135,,Unknown,844.0,48.134877,11.512436,B,Säulingstraße,192.0,48.127413,11.51198,,Stegener Weg,207.0,48.125863,11.508282,,Ammerseestraße,565.0,48.126101,11.502117,,Stegener Weg,207.0,48.125718,11.509066,,Ammerseestraße,513.0,48.125821,11.503004,,Ammerseestraße,540.0,48.125813,11.502625,,39,B; C,100,München,,1512491,1.0,7684,62.9,116195,574,10127,7456,952,7682.4,38.0,669.6,493.0,62.9,Sehr sicher,city_aggregate,München: sicherste Großstadt Deutschlands (>200k Einwohner) seit 50 Jahren
BY-SCHUL_SCHULSTANDORTEGYMNASIEN_ae72d070-a765-4c4f-bd79-61e3f462bc34,Luitpold-Gymnasium München,Seeaustr. 1,80538,München,,,Gymnasien,,,,,,48.144489,11.592888,"Seeaustr. 1, 80538 München","jedeschule.codefor.de (CC0, scraped from km.bayern.de)",2026-04-04,Bayern,München,95,0,5,90,51,8,0,Unknown,620.0,48.139635,11.588771,C,Unknown,623.0,48.139462,11.589174,D,Unknown,629.0,48.139546,11.588766,,Paradiesstraße,207.0,48.146346,11.592977,,Nationalmuseum/Haus der Kunst,363.0,48.143088,11.588474,,Lehel,631.0,48.139593,11.588581,2.0,Reitmorstraße/Sammlung Schack,283.0,48.142003,11.593683,,Nationalmuseum/Haus der Kunst,319.0,48.142903,11.589311,,Nationalmuseum/Haus der Kunst,402.0,48.143212,11.58782,,36,2; C; D,100,München,,1512491,1.0,7684,62.9,116195,574,10127,7456,952,7682.4,38.0,669.6,493.0,62.9,Sehr sicher,city_aggregate,München: sicherste Großstadt Deutschlands (>200k Einwohner) seit 50 Jahren
BY-SCHUL_SCHULSTANDORTEGYMNASIEN_9af8d356-55cb-43dc-b77e-35ef8a0f0bed,Klenze-Gymnasium München,Wackersberger Str. 59,81371,München,,,Gymnasien,,,,,,48.115637,11.542252,"Wackersberger Str. 59, 81371 München","jedeschule.codefor.de (CC0, scraped from km.bayern.de)",2026-04-04,Bayern,München,122,2,8,112,64,23,0,Unknown,224.0,48.117253,11.540448,A,Unknown,232.0,48.11689,11.53976,B,Unknown,250.0,48.116579,11.539196,C,,,,,,,,,,,,,,,,Am Harras,167.0,48.116132,11.540128,,Am Harras,238.0,48.117231,11.540113,,Am Harras,258.0,48.116863,11.539305,,72,A; B; C,100,München,,1512491,1.0,7684,62.9,116195,574,10127,7456,952,7682.4,38.0,669.6,493.0,62.9,Sehr sicher,city_aggregate,München: sicherste Großstadt Deutschlands (>200k Einwohner) seit 50 Jahren
BY-SCHUL_SCHULSTANDORTEGYMNASIEN_7fcb1ac0-c4d4-4306-a80b-1e654e282f2c,Maria-Theresia-Gymnasium München,Regerplatz 1,81541,München,,,Gymnasien,,,,,,48.124284,11.58852,"Regerplatz 1, 81541 München","jedeschule.codefor.de (CC0, scraped from km.bayern.de)",2026-04-04,Bayern,München,63,0,6,57,37,11,0,Rosenheimer Platz,641.0,48.129184,11.593075,,Sankt-Martin-Straße,834.0,48.118558,11.595778,,Unknown,961.0,48.120559,11.576837,D,Regerplatz,38.0,48.124352,11.588025,,Carl-Amery-Platz,380.0,48.121445,11.585677,,Carl-Amery-Platz,442.0,48.120989,11.585192,,Regerplatz,27.0,48.124415,11.588216,,Regerplatz,41.0,48.124279,11.587974,,Regerplatz,64.0,48.124586,11.589253,,60,D,100,München,,1512491,1.0,7684,62.9,116195,574,10127,7456,952,7682.4,38.0,669.6,493.0,62.9,Sehr sicher,city_aggregate,München: sicherste Großstadt Deutschlands (>200k Einwohner) seit 50 Jahren
BY-SCHUL_SCHULSTANDORTEGYMNASIEN_8d964f40-272f-47aa-a1ef-e4420ea3934f,Max-Planck-Gymnasium München,Weinbergerstr. 29,81241,München,,,Gymnasien,,,,,,48.140009,11.468776,"Weinbergerstr. 29, 81241 München","jedeschule.codefor.de (CC0, scraped from km.bayern.de)",2026-04-04,Bayern,München,10,0,0,10,5,0,80,,,,,,,,,,,,,,,,Westbad,552.0,48.14229,11.475389,,Westbad,563.0,48.142246,11.475587,,Am Knie,629.0,48.145471,11.470959,,Benedikterstraße,47.0,48.140434,11.468811,,Benedikterstraße,79.0,48.140342,11.467829,,Westbad,366.0,48.141602,11.473092,,56,,100,München,,1512491,1.0,7684,62.9,116195,574,10127,7456,952,7682.4,38.0,669.6,493.0,62.9,Sehr sicher,city_aggregate,München: sicherste Großstadt Deutschlands (>200k Einwohner) seit 50 Jahren
BY-SCHUL_SCHULSTANDORTEGYMNASIEN_79492b36-b83c-4fa4-89d8-285be4f98e78,Rupprecht-Gymnasium München,Albrechtstr. 7,80636,München,,,Gymnasien,,,,,,48.151458,11.544163,"Albrechtstr. 7, 80636 München","jedeschule.codefor.de (CC0, scraped from km.bayern.de)",2026-04-04,Bayern,München,89,0,8,81,65,16,0,Maillingerstraße,112.0,48.150509,11.544656,C,Maillingerstraße,113.0,48.150448,11.5443,B,Maillingerstraße,142.0,48.150182,11.544181,A,Albrechtstraße,543.0,48.155647,11.540406,,Fasaneriestraße,657.0,48.157348,11.543532,,Marsstraße,734.0,48.14503,11.541916,,Maillingerstraße,86.0,48.150879,11.544933,,Maillingerstraße,127.0,48.150315,11.544273,,Landshuter Allee,443.0,48.151524,11.538195,,60,A; B; C,100,München,,1512491,1.0,7684,62.9,116195,574,10127,7456,952,7682.4,38.0,669.6,493.0,62.9,Sehr sicher,city_aggregate,München: sicherste Großstadt Deutschlands (>200k Einwohner) seit 50 Jahren
BY-SCHUL_SCHULSTANDORTEGYMNASIEN_45eff82c-d299-4740-832a-b13944a2202f,Pestalozzi-Gymnasium München,Eduard-Schmid-Str. 1,81541,München,,,Gymnasien,,,,,,48.127589,11.582382,"Eduard-Schmid-Str. 1, 81541 München","jedeschule.codefor.de (CC0, scraped from km.bayern.de)",2026-04-04,Bayern,München,154,0,15,139,105,28,0,Unknown,486.0,48.128367,11.575935,C,Unknown,504.0,48.128468,11.575717,,Unknown,521.0,48.128206,11.575419,D,Eduard-Schmid-Straße,330.0,48.12628,11.578398,,Eduard-Schmid-Straße,330.0,48.126211,11.578437,,Mariahilfplatz,402.0,48.124039,11.581344,,Schweigerstraße,92.0,48.126812,11.582826,,Schweigerstraße,115.0,48.126686,11.583147,,Corneliusbrücke,295.0,48.129445,11.579538,,88,C; D,100,München,,1512491,1.0,7684,62.9,116195,574,10127,7456,952,7682.4,38.0,669.6,493.0,62.9,Sehr sicher,city_aggregate,München: sicherste Großstadt Deutschlands (>200k Einwohner) seit 50 Jahren
BY-SCHUL_SCHULSTANDORTEGYMNASIEN_3ca9f87f-48c6-4253-b32d-59c23194efdd,Max-Josef-Stift München,Mühlbaurstr. 15,81677,München,,,Gymnasien,,,,,,48.141748,11.610071,"Mühlbaurstr. 15, 81677 München","jedeschule.codefor.de (CC0, scraped from km.bayern.de)",2026-04-04,Bayern,München,70,0,8,62,34,7,0,Unknown,325.0,48.139637,11.607041,A,Unknown,336.0,48.139292,11.60743,B,Prinzregentenplatz,356.0,48.139266,11.607034,,Grillparzerstraße,585.0,48.136491,11.610338,1.0,Einsteinstraße,621.0,48.136826,11.614013,,Einsteinstraße,633.0,48.13682,11.614345,,Prinzregentenplatz,346.0,48.139541,11.606781,,Prinzregentenplatz,362.0,48.139172,11.607088,,Galileiplatz,369.0,48.14415,11.606642,,63,1; A; B,100,München,,1512491,1.0,7684,62.9,116195,574,10127,7456,952,7682.4,38.0,669.6,493.0,62.9,Sehr sicher,city_aggregate,München: sicherste Großstadt Deutschlands (>200k Einwohner) seit 50 Jahren
BY-SCHUL_SCHULSTANDORTEGYMNASIEN_98c3861e-69fc-4c91-920d-ee0a2e3a5ace,Michaeli-Gymnasium München,Hachinger-Bach-Str. 25,81671,München,,,Gymnasien,,,,,,48.120618,11.638729,"Hachinger-Bach-Str. 25, 81671 München","jedeschule.codefor.de (CC0, scraped from km.bayern.de)",2026-04-04,Bayern,München,26,0,5,21,15,0,48,Unknown,473.0,48.118378,11.633309,D,Unknown,494.0,48.118033,11.633313,E,Michaelibad,571.0,48.118349,11.631823,,St.-Veit-Straße,313.0,48.122065,11.642353,,Mutschellestraße,674.0,48.126672,11.638248,,Kreillerstraße,705.0,48.12562,11.644575,,St.-Veit-Straße,280.0,48.121974,11.641905,,St.-Veit-Straße,321.0,48.122304,11.642236,,Heinrich-Wieland-Straße,390.0,48.117234,11.640116,,38,D; E,100,München,,1512491,1.0,7684,62.9,116195,574,10127,7456,952,7682.4,38.0,669.6,493.0,62.9,Sehr sicher,city_aggregate,München: sicherste Großstadt Deutschlands (>200k Einwohner) seit 50 Jahren
BY-SCHUL_SCHULSTANDORTEMITTELSCHULEN_b294e9b4-f0c9-4202-aa3b-79355b6dbc08,"Mittelschule München, Elisabeth-Kohn-Straße 4",Elisabeth-Kohn-Str. 4,80797,München,,,Mittelschulen,,,,,,48.164434,11.553619,"Elisabeth-Kohn-Str. 4, 80797 München","jedeschule.codefor.de (CC0, scraped from km.bayern.de)",2026-04-04,Bayern,München,44,0,4,40,22,5,12,,,,,,,,,,,,,,,,Olympiapark Süd,193.0,48.162884,11.55246,,Infanteriestraße,333.0,48.161444,11.553832,,Barbarastraße,438.0,48.161434,11.557438,,Ackermannbogen,124.0,48.165,11.555062,,Ackermannbogen,206.0,48.165044,11.556244,,Georg-Birk-Straße,263.0,48.163956,11.557085,,40,,100,München,,1512491,1.0,7684,62.9,116195,574,10127,7456,952,7682.4,38.0,669.6,493.0,62.9,Sehr sicher,city_aggregate,München: sicherste Großstadt Deutschlands (>200k Einwohner) seit 50 Jahren
BY-SCHUL_SCHULSTANDORTEREALSCHULEN_d24ba9f5-6d6b-45cb-9a41-58c0085eb717,Joseph-von-Fraunhofer-Schule Staatl. Realschule München II,Engadiner Str. 1,81475,München,,,Realschulen,,,,,,48.090193,11.481301,"Engadiner Str. 1, 81475 München","jedeschule.codefor.de (CC0, scraped from km.bayern.de)",2026-04-04,Bayern,München,35,0,2,33,12,6,30,Unknown,155.0,48.089059,11.480076,,Unknown,184.0,48.08871,11.480211,,Fürstenried West,206.0,48.088366,11.48083,U 3,,,,,,,,,,,,,,,,Fürstenried West (U),173.0,48.088791,11.480288,,Fürstenried West (U),174.0,48.088712,11.480539,,Fürstenried West (U),180.0,48.088613,11.480786,,44,U 3,100,München,,1512491,1.0,7684,62.9,116195,574,10127,7456,952,7682.4,38.0,669.6,493.0,62.9,Sehr sicher,city_aggregate,München: sicherste Großstadt Deutschlands (>200k Einwohner) seit 50 Jahren
BY-SCHUL_SCHULSTANDORTEGYMNASIEN_5d9b5eb3-4053-4781-a735-7cfbe6523692,Gymnasium München-Nord,Knorrstr. 171,80937,München,,,Gymnasien,,,,,,48.199586,11.572321,"Knorrstr. 171, 80937 München","jedeschule.codefor.de (CC0, scraped from km.bayern.de)",2026-04-04,Bayern,München,25,1,3,21,14,2,50,Unknown,300.0,48.196919,11.571721,,Unknown,306.0,48.196839,11.572112,,Am Hart,409.0,48.195925,11.571815,,,,,,,,,,,,,,,,,Rathenaustraße,123.0,48.200342,11.573528,,Rathenaustraße,137.0,48.200488,11.573571,,Am Hart,265.0,48.197246,11.571673,,63,,100,München,,1512491,1.0,7684,62.9,116195,574,10127,7456,952,7682.4,38.0,669.6,493.0,62.9,Sehr sicher,city_aggregate,München: sicherste Großstadt Deutschlands (>200k Einwohner) seit 50 Jahren
BY-SCHUL_SCHULSTANDORTEGYMNASIEN_3ab60e69-3d30-4d07-82d3-544a2fcd4bb2,Gymnasium München-Freiham,Hildegard-Hamm-Brücher-Str. 5,81249,München,,,Gymnasien,,,,,,48.140747,11.405242,"Hildegard-Hamm-Brücher-Str. 5, 81249 München","jedeschule.codefor.de (CC0, scraped from km.bayern.de)",2026-04-04,Bayern,München,29,0,5,24,10,6,42,Freiham,368.0,48.140008,11.41007,,,,,,,,,,,,,,,,,,,,,,,,,,,Bildungscampus Freiham,142.0,48.141279,11.403499,,Bildungscampus Freiham,175.0,48.141701,11.403368,,Helmut-Schmidt-Allee,253.0,48.14241,11.407569,,41,,100,München,,1512491,1.0,7684,62.9,116195,574,10127,7456,952,7682.4,38.0,669.6,493.0,62.9,Sehr sicher,city_aggregate,München: sicherste Großstadt Deutschlands (>200k Einwohner) seit 50 Jahren
BY-SCHUL_SCHULSTANDORTEGYMNASIEN_c0aa0aa2-c7da-421e-80bf-ee596a002f62,Dante-Gymnasium München,Wackersberger Str. 61,81371,München,,,Gymnasien,,,,,,48.115029,11.543301,"Wackersberger Str. 61, 81371 München","jedeschule.codefor.de (CC0, scraped from km.bayern.de)",2026-04-04,Bayern,München,124,1,5,118,65,22,0,Unknown,326.0,48.117253,11.540448,A,Unknown,335.0,48.11689,11.53976,B,Unknown,350.0,48.116579,11.539196,C,,,,,,,,,,,,,,,,Am Harras,266.0,48.116132,11.540128,,Am Harras,341.0,48.117231,11.540113,,Sylvensteinstraße,341.0,48.112827,11.540108,,72,A; B; C,100,München,,1512491,1.0,7684,62.9,116195,574,10127,7456,952,7682.4,38.0,669.6,493.0,62.9,Sehr sicher,city_aggregate,München: sicherste Großstadt Deutschlands (>200k Einwohner) seit 50 Jahren
BY-SCHUL_SCHULSTANDORTEGYMNASIEN_3f022dad-c351-45bd-8807-a4a94dc39461,Wilhelm-Hausenstein-Gymnasium München,Elektrastr. 61,81925,München,,,Gymnasien,,,,,,48.152058,11.627053,"Elektrastr. 61, 81925 München","jedeschule.codefor.de (CC0, scraped from km.bayern.de)",2026-04-04,Bayern,München,34,0,2,32,17,4,32,Unknown,311.0,48.153565,11.623514,C,Unknown,330.0,48.153967,11.623651,B,Unknown,349.0,48.154009,11.62336,,Cosimabad,198.0,48.153569,11.628477,4.0,Cosimabad,210.0,48.153532,11.628819,,Cosimabad,212.0,48.153512,11.628898,5.0,Elektrastraße,104.0,48.15136,11.626117,,Elektrastraße,147.0,48.150779,11.626559,,Cosimabad,195.0,48.153552,11.628433,,63,4; 5; B; C,100,München,,1512491,1.0,7684,62.9,116195,574,10127,7456,952,7682.4,38.0,669.6,493.0,62.9,Sehr sicher,city_aggregate,München: sicherste Großstadt Deutschlands (>200k Einwohner) seit 50 Jahren
BY-SCHUL_SCHULSTANDORTEGYMNASIEN_ac819b62-69e4-41cb-a478-614ba687e4f2,Gymnasium München - Fürstenried,Engadiner Str. 1,81475,München,,,Gymnasien,,,,,,48.090193,11.481301,"Engadiner Str. 1, 81475 München","jedeschule.codefor.de (CC0, scraped from km.bayern.de)",2026-04-04,Bayern,München,35,0,2,33,12,6,30,Unknown,155.0,48.089059,11.480076,,Unknown,184.0,48.08871,11.480211,,Fürstenried West,206.0,48.088366,11.48083,U 3,,,,,,,,,,,,,,,,Fürstenried West (U),173.0,48.088791,11.480288,,Fürstenried West (U),174.0,48.088712,11.480539,,Fürstenried West (U),180.0,48.088613,11.480786,,44,U 3,100,München,,1512491,1.0,7684,62.9,116195,574,10127,7456,952,7682.4,38.0,669.6,493.0,62.9,Sehr sicher,city_aggregate,München: sicherste Großstadt Deutschlands (>200k Einwohner) seit 50 Jahren
BY-SCHUL_SCHULSTANDORTEGYMNASIEN_929c39d6-bfa6-48c4-8209-7739cdc503c6,Gymnasium München/Moosach,Gerastr. 6,80993,München,,,Gymnasien,,,,,,48.184956,11.519088,"Gerastr. 6, 80993 München","jedeschule.codefor.de (CC0, scraped from km.bayern.de)",2026-04-04,Bayern,München,38,0,4,34,23,3,24,Unknown,342.0,48.181945,11.520052,A,Moosacher St.-Martins-Platz,348.0,48.181835,11.518814,,Unknown,357.0,48.181835,11.517961,,Hugo-Troendle-Straße,704.0,48.17932,11.514767,,Pelkovenstraße,747.0,48.181067,11.510867,,,,,,,Merseburger Straße,194.0,48.186031,11.521145,,Bingener Straße,314.0,48.182494,11.521152,,Bingener Straße,335.0,48.182293,11.521208,,50,A,100,München,,1512491,1.0,7684,62.9,116195,574,10127,7456,952,7682.4,38.0,669.6,493.0,62.9,Sehr sicher,city_aggregate,München: sicherste Großstadt Deutschlands (>200k Einwohner) seit 50 Jahren
BY-SCHUL_SCHULSTANDORTEMITTELSCHULEN_0c726a30-03d8-46b3-90e2-a985f3e4de11,Leonhard-Wagner-Mittelschule Schwabmünchen,Breitweg 16 a,86830,Schwabmünchen,,,Mittelschulen,,,,,,48.185299,10.765541,"Breitweg 16 a, 86830 Schwabmünchen","jedeschule.codefor.de (CC0, scraped from km.bayern.de)",2026-04-04,Bayern,München,0,0,0,0,0,0,100,,,,,,,,,,,,,,,,,,,,,,,,,,,,,,,,,,,,,,,,,,,,,,0,,0,München,,1512491,1.0,7684,62.9,116195,574,10127,7456,952,7682.4,38.0,669.6,493.0,62.9,Sehr sicher,city_aggregate,München: sicherste Großstadt Deutschlands (>200k Einwohner) seit 50 Jahren
BY-SCHUL_SCHULSTANDORTEMITTELSCHULEN_6658e87e-20ec-48d3-b98f-5f0a303bda84,"Mittelschule Kirchheim b.München, an der Heimstettner Straße",Heimstettner Str. 12,85551,Kirchheim b.München,,,Mittelschulen,,,,,,48.168438,11.756551,"Heimstettner Str. 12, 85551 Kirchheim b.München","jedeschule.codefor.de (CC0, scraped from km.bayern.de)",2026-04-04,Bayern,München,0,0,0,0,0,0,100,,,,,,,,,,,,,,,,,,,,,,,,,,,,,,,,,,,,,,,,,,,,,,0,,0,München,,1512491,1.0,7684,62.9,116195,574,10127,7456,952,7682.4,38.0,669.6,493.0,62.9,Sehr sicher,city_aggregate,München: sicherste Großstadt Deutschlands (>200k Einwohner) seit 50 Jahren
BY-SCHUL_SCHULSTANDORTEMITTELSCHULEN_b6142bd1-39ae-442e-b5de-ea714a61367d,Fritz-Schäffer-Mittelschule Ostermünchen in Tuntenhausen,Niedergartenweg 7,83104,Tuntenhausen,,,Mittelschulen,,,,,,47.948907,12.033237,"Niedergartenweg 7, 83104 Tuntenhausen","jedeschule.codefor.de (CC0, scraped from km.bayern.de)",2026-04-04,Bayern,München,0,0,0,0,0,0,100,,,,,,,,,,,,,,,,,,,,,,,,,,,,,,,,,,,,,,,,,,,,,,0,,0,München,,1512491,1.0,7684,62.9,116195,574,10127,7456,952,7682.4,38.0,669.6,493.0,62.9,Sehr sicher,city_aggregate,München: sicherste Großstadt Deutschlands (>200k Einwohner) seit 50 Jahren
BY-SCHUL_SCHULSTANDORTEMITTELSCHULEN_bbdd33ca-8bde-4e19-87a1-b423e8e8c0ff,Max-Mannheimer-Mittelschule Garching b. München,St.-Severin-Str. 3,85748,Garching b. München,,,Mittelschulen,,,,,,48.248694,11.647823,"St.-Severin-Str. 3, 85748 Garching b. München","jedeschule.codefor.de (CC0, scraped from km.bayern.de)",2026-04-04,Bayern,München,28,0,1,27,16,0,44,Unknown,284.0,48.249567,11.651421,B,Garching,355.0,48.249285,11.652533,,Unknown,422.0,48.249485,11.653398,A,,,,,,,,,,,,,,,,"Garching, Maier-Leibnitz-Straße",103.0,48.249612,11.648031,,"Garching, Maier-Leibnitz-Straße",189.0,48.249823,11.645907,,"Garching, Auweg",220.0,48.246989,11.649336,,28,A; B,100,München,,1512491,1.0,7684,62.9,116195,574,10127,7456,952,7682.4,38.0,669.6,493.0,62.9,Sehr sicher,city_aggregate,München: sicherste Großstadt Deutschlands (>200k Einwohner) seit 50 Jahren
BY-SCHUL_SCHULSTANDORTEMITTELSCHULEN_d4693314-b56b-41af-b2d6-a5adfad77f24,Georg-Huber-Mittelschule  Grafing b.München,Am Stadion 2,85567,Grafing b.München,,,Mittelschulen,,,,,,48.049381,11.970786,"Am Stadion 2, 85567 Grafing b.München","jedeschule.codefor.de (CC0, scraped from km.bayern.de)",2026-04-04,Bayern,München,0,0,0,0,0,0,100,,,,,,,,,,,,,,,,,,,,,,,,,,,,,,,,,,,,,,,,,,,,,,0,,0,München,,1512491,1.0,7684,62.9,116195,574,10127,7456,952,7682.4,38.0,669.6,493.0,62.9,Sehr sicher,city_aggregate,München: sicherste Großstadt Deutschlands (>200k Einwohner) seit 50 Jahren
BY-SCHUL_SCHULSTANDORTEREALSCHULEN_ba9ff9dd-627e-4821-b7e9-cfd526a0f2d1,Leonhard-Wagner-Realschule Staatl. Realschule Schwabmünchen,Breitweg 16,86830,Schwabmünchen,,,Realschulen,,,,,,48.185597,10.767032,"Breitweg 16, 86830 Schwabmünchen","jedeschule.codefor.de (CC0, scraped from km.bayern.de)",2026-04-04,Bayern,München,0,0,0,0,0,0,100,,,,,,,,,,,,,,,,,,,,,,,,,,,,,,,,,,,,,,,,,,,,,,0,,0,München,,1512491,1.0,7684,62.9,116195,574,10127,7456,952,7682.4,38.0,669.6,493.0,62.9,Sehr sicher,city_aggregate,München: sicherste Großstadt Deutschlands (>200k Einwohner) seit 50 Jahren
BY-SCHUL_SCHULSTANDORTEREALSCHULEN_5530fea0-9531-4e96-87bc-8c697192118c,Staatl. Realschule Waldmünchen,Dr.-Matthias-Lechner-Str. 11,93449,Waldmünchen,,,Realschulen,,,,,,49.386232,12.703806,"Dr.-Matthias-Lechner-Str. 11, 93449 Waldmünchen","jedeschule.codefor.de (CC0, scraped from km.bayern.de)",2026-04-04,Bayern,München,0,0,0,0,0,0,100,,,,,,,,,,,,,,,,,,,,,,,,,,,,,,,,,,,,,,,,,,,,,,0,,0,München,,1512491,1.0,7684,62.9,116195,574,10127,7456,952,7682.4,38.0,669.6,493.0,62.9,Sehr sicher,city_aggregate,München: sicherste Großstadt Deutschlands (>200k Einwohner) seit 50 Jahren
BY-SCHUL_SCHULSTANDORTEGYMNASIEN_5348ac21-5a91-41fc-a41a-d166d56fe938,Leonhard-Wagner-Gymnasium Schwabmünchen,Breitweg 16,86830,Schwabmünchen,,,Gymnasien,,,,,,48.185597,10.767032,"Breitweg 16, 86830 Schwabmünchen","jedeschule.codefor.de (CC0, scraped from km.bayern.de)",2026-04-04,Bayern,München,0,0,0,0,0,0,100,,,,,,,,,,,,,,,,,,,,,,,,,,,,,,,,,,,,,,,,,,,,,,0,,0,München,,1512491,1.0,7684,62.9,116195,574,10127,7456,952,7682.4,38.0,669.6,493.0,62.9,Sehr sicher,city_aggregate,München: sicherste Großstadt Deutschlands (>200k Einwohner) seit 50 Jahren
BY-SCHUL_SCHULSTANDORTEGYMNASIEN_d33bd2ef-8386-4753-8081-991bf5b8c098,Gymnasium Kirchheim b.München,Heimstettner Str. 3,85551,Kirchheim b.München,,,Gymnasien,,,,,,48.167844,11.759306,"Heimstettner Str. 3, 85551 Kirchheim b.München","jedeschule.codefor.de (CC0, scraped from km.bayern.de)",2026-04-04,Bayern,München,0,0,0,0,0,0,100,,,,,,,,,,,,,,,,,,,,,,,,,,,,,,,,,,,,,,,,,,,,,,0,,0,München,,1512491,1.0,7684,62.9,116195,574,10127,7456,952,7682.4,38.0,669.6,493.0,62.9,Sehr sicher,city_aggregate,München: sicherste Großstadt Deutschlands (>200k Einwohner) seit 50 Jahren
BY-SCHUL_SCHULSTANDORTEMITTELSCHULEN_707ba492-7551-4cb6-a4d3-9f07440dad19,Schwarzachtal-Mittelschule Waldmünchen,Dr.-Matthias-Lechner-Str. 8,93449,Waldmünchen,,,Mittelschulen,,,,,,49.38539,12.70481,"Dr.-Matthias-Lechner-Str. 8, 93449 Waldmünchen","jedeschule.codefor.de (CC0, scraped from km.bayern.de)",2026-04-04,Bayern,München,0,0,0,0,0,0,100,,,,,,,,,,,,,,,,,,,,,,,,,,,,,,,,,,,,,,,,,,,,,,0,,0,München,,1512491,1.0,7684,62.9,116195,574,10127,7456,952,7682.4,38.0,669.6,493.0,62.9,Sehr sicher,city_aggregate,München: sicherste Großstadt Deutschlands (>200k Einwohner) seit 50 Jahren
