Schuljahr;BSN;NAME;Schüler (m/w/d);Schüler (w);Schüler (m);Lehrkräfte (m,w,d);Lehrkräfte (w);Lehrkräfte (m);
2023/24;01A04;Berlin-Kolleg;326;156;170;48;28;20;
2023/24;01B01;OSZ Banken, Immobilien und Versicherungen;1579;630;949;77;44;33;
2023/24;01B02;Staatliche Technikerschule Berlin;520;66;454;55;23;32;
2023/24;01B03;OSZ Kommunikations-, Informations- und Medientechnik;1173;279;894;82;40;42;
2023/24;01B04;OSZ Gesundheit I;2848;2530;318;90;60;30;
2023/24;01B05;Staatliche Wirtschaftsfachschule für Hotellerie und Gastronomie Berlin;82;38;44;10;6;4;
2023/24;01G01;Grundschule am Arkonaplatz;425;182;243;35;27;8;
2023/24;01G02;Papageno-Grundschule;607;316;291;49;34;15;
2023/24;01G04;Kastanienbaum-Grundschule;410;188;222;26;21;5;
2023/24;01G05;Grundschule Neues Tor;392;201;191;38;30;8;
2023/24;01G07;GutsMuths-Grundschule;437;210;227;32;25;7;
2023/24;01G08;Grundschule am Brandenburger Tor;562;291;271;46;37;9;
2023/24;01G10;City-Grundschule;663;341;322;50;39;11;
2023/24;01G11;Kurt-Tucholsky-Grundschule;693;334;359;57;44;13;
2023/24;01G15;Anne-Frank-Grundschule;366;165;201;28;21;7;
2023/24;01G16;Moabiter Grundschule;450;206;244;41;32;9;
2023/24;01G18;Carl-Bolle-Grundschule;316;158;158;30;22;8;
2023/24;01G19;Hansa-Grundschule;416;200;216;28;23;5;
2023/24;01G24;Gottfried-Röhl-Grundschule;478;240;238;47;38;9;
2023/24;01G25;Rudolf-Wissell-Grundschule;389;160;229;41;30;11;
2023/24;01G27;Gesundbrunnen-Grundschule;544;267;277;49;35;14;
2023/24;01G28;Brüder-Grimm-Grundschule;545;269;276;44;32;12;
2023/24;01G29;Wilhelm-Hauff-Grundschule;446;217;229;44;37;7;
2023/24;01G31;Wedding-Grundschule;481;217;264;51;41;10;
2023/24;01G32;Carl-Kraemer-Grundschule;457;236;221;36;24;12;
2023/24;01G35;Humboldthain-Grundschule;416;205;211;40;32;8;
2023/24;01G36;Andersen-Grundschule;363;162;201;31;20;11;
2023/24;01G37;Heinrich-Seidel-Grundschule;541;264;277;45;35;10;
2023/24;01G38;Gustav-Falke-Grundschule;504;239;265;41;33;8;
2023/24;01G39;Vineta-Grundschule;413;185;228;34;24;10;
2023/24;01G40;Möwensee-Grundschule;574;290;284;48;34;14;
2023/24;01G41;Erika-Mann-Grundschule;593;296;297;65;50;15;
2023/24;01G42;Anna-Lindh-Schule (Grundschule);490;228;262;58;41;17;
2023/24;01G43;Albert-Gutzmann-Schule (Grundschule);449;207;242;33;23;10;
2023/24;01G44;Allegro-Grundschule;442;230;212;48;40;8;
2023/24;01G45;Leo-Lionni-Grundschule;556;288;268;50;37;13;
2023/24;01G46;Grundschule am Koppenplatz;748;370;378;61;44;17;
2023/24;01G47;Miriam-Makeba-Grundschule;471;240;231;42;30;12;
2023/24;01G48;Grundschule am Nordhafen;450;228;222;35;25;10;
2023/24;01K01;Willy-Brandt-Schule;696;321;375;72;38;34;
2023/24;01K02;Ernst-Schering-Schule;583;291;292;59;44;15;
2023/24;01K03;Ernst-Reuter-Schule;971;457;514;114;68;46;
2023/24;01K04;Heinrich-von-Stephan-Gemeinschaftsschule;873;408;465;83;55;28;
2023/24;01K06;Herbert-Hoover-Schule (Integrierte Sekundarschule);462;242;220;48;36;12;
2023/24;01K07;Hemingway-Schule;470;197;273;58;34;24;
2023/24;01K08;Schule am Schillerpark (Integrierte Sekundarschule);595;268;327;70;47;23;
2023/24;01K09;Hedwig-Dohm-Schule (Integrierte Sekundarschule);498;233;265;58;30;28;
2023/24;01K10;Theodor-Heuss-Gemeinschaftsschule;993;492;501;99;69;30;
2023/24;01P01;Evangelische Schule Berlin Mitte (Gemeinschaftsschule);300;155;145;22;20;2;
2023/24;01P03;Jüdisches Gymnasium Moses Mendelssohn;510;271;239;35;17;18;
2023/24;01P04;Freie Waldorfschule Berlin Mitte;444;236;208;45;29;16;
2023/24;01P05;Katholische Schule Sankt Paulus (Grundschule);366;195;171;27;24;3;
2023/24;01P06;Canisius-Kolleg ;894;453;441;76;43;33;
2023/24;01P07;Lazarus Schulen der Hoffnungstaler Stiftung Lobetal;211;146;65;25;16;9;
2023/24;01P13;Freie Schule am Mauerpark (Grundschule);82;41;41;7;4;3;
2023/24;01P14;BEST-Sabel Berufsakademie;688;487;201;56;37;19;
2023/24;01P16;Berlin Metropolitan School (Integrierte Sekundarschule);984;505;479;100;64;36;
2023/24;01P18;Bilinguale Schule Phorms Berlin Mitte;765;399;366;74;48;26;
2023/24;01P22;Berlin Cosmopolitan School;570;315;255;58;31;27;
2023/24;01P23;Evangelische Schule Berlin Zentrum (Gemeinschaftsschule);692;350;342;86;53;33;
2023/24;01P25;Internationale Lomonossow-Schule Berlin (Gemeinschaftsschule);244;110;134;31;25;6;
2023/24;01P36;BTB Schulzentrum gGmbH;147;77;70;25;19;6;
2023/24;01P39;GPB College gGmbH;273;138;135;40;15;25;
2023/24;01P40;Berufsfachschule  Paulo Freire im Zentrum ÜBERLEBEN;81;52;29;11;7;4;
2023/24;01P42;WWV Bildungsakademie gGmbH;131;57;74;14;8;6;
2023/24;01P46;DDA Destiny Diversity Academy GmbH;40;35;5;10;5;5;
2023/24;01P47;Ecole Voltaire (Grundschule);325;159;166;35;27;8;
2023/24;01P48;meco Akademie GmbH;479;375;104;30;19;11;
2023/24;01P49;Quinoa-Schule Freie Sekundarschule Berlin Wedding;171;77;94;21;14;7;
2023/24;01P50;Kristall Grundschule - Inklusive Grundschule in freier Trägerschaft;97;42;55;9;7;2;
2023/24;01P51;mediencollege Berlin gGmbH;303;228;75;32;21;11;
2023/24;01P52;Schulen der ASIG Stiftung e.V.;91;44;47;18;7;11;
2023/24;01P54;CeFi - Fachschule für Sozialpädagogik;35;31;4;6;3;3;
2023/24;01P55;FRÖBEL Akademie gGmbH - Fachschule für Sozialpädagogik;77;51;26;4;3;1;
2023/24;01S01;Schule am Zille-Park;223;57;166;52;33;19;
2023/24;01S05;Schule in der Charité;241;113;128;62;54;8;
2023/24;01S06;Albert-Gutzmann-Schule;143;54;89;20;13;7;
2023/24;01S07;Charlotte-Pfeffer-Schule;165;57;108;41;36;5;
2023/24;01Y02;John-Lennon-Gymnasium;762;419;343;68;41;27;
2023/24;01Y04;Musikgymnasium Carl Philipp Emanuel Bach;160;84;76;18;9;9;
2023/24;01Y07;Französisches Gymnasium;767;385;382;68;47;21;
2023/24;01Y08;Lessing-Gymnasium;789;390;399;77;50;27;
2023/24;01Y09;Diesterweg-Gymnasium;675;378;297;62;33;29;
2023/24;01Y11;Max-Planck-Gymnasium;893;486;407;84;52;32;
2023/24;01Y12;Gymnasium Tiergarten;1052;556;496;89;63;26;
2023/24;02B01;August-Sander-Schule;822;345;477;89;54;35;
2023/24;02B02;Hans-Böckler-Schule (OSZ Konstruktionsbautechnik);935;126;809;58;24;34;
2023/24;02B03;Modeschule Berlin (OSZ Bekleidung und Mode);646;447;199;62;49;13;
2023/24;02B04;OSZ Handel 1;3577;1470;2107;152;106;46;
2023/24;02B05;Jane-Addams-Schule (OSZ Sozialwesen);1717;1231;486;126;83;43;
2023/24;02G01;Spartacus-Grundschule;467;218;249;40;29;11;
2023/24;02G02;Hausburg-Grundschule;572;283;289;48;36;12;
2023/24;02G03;Justus-von-Liebig-Grundschule;570;270;300;42;33;9;
2023/24;02G04;Pettenkofer-Grundschule;647;332;315;47;42;5;
2023/24;02G07;Ludwig-Hoffmann-Grundschule;440;200;240;29;22;7;
2023/24;02G08;Grundschule am Traveplatz;398;196;202;29;25;4;
2023/24;02G09;Zille-Grundschule;566;256;310;36;32;4;
2023/24;02G10;Modersohn-Grundschule;441;210;231;28;20;8;
2023/24;02G11;Thalia-Grundschule;445;216;229;31;26;5;
2023/24;02G12;Kurt-Schumacher-Grundschule;285;147;138;29;20;9;
2023/24;02G13;Charlotte-Salomon-Grundschule;445;222;223;45;44;1;
2023/24;02G14;Galilei-Grundschule;450;224;226;43;33;10;
2023/24;02G18;Nürtingen-Grundschule;563;278;285;52;45;7;
2023/24;02G19;Fanny-Hensel-Grundschule;295;133;162;28;25;3;
2023/24;02G20;Bürgermeister-Herz-Grundschule;436;217;219;37;30;7;
2023/24;02G21;Reinhardswald-Grundschule;630;287;343;43;39;4;
2023/24;02G22;Jens-Nydahl-Grundschule;314;157;157;36;33;3;
2023/24;02G23;Fichtelgebirge-Grundschule;431;213;218;33;27;6;
2023/24;02G24;Otto-Wels-Grundschule;538;259;279;56;41;15;
2023/24;02G26;Lemgo-Grundschule;433;216;217;42;28;14;
2023/24;02G27;Hunsrück-Grundschule;496;255;241;45;34;11;
2023/24;02G29;Heinrich-Zille-Grundschule;452;224;228;56;49;7;
2023/24;02G31;Adolf-Glaßbrenner-Grundschule;442;213;229;33;24;9;
2023/24;02G32;Clara-Grunwald-Grundschule;307;158;149;34;27;7;
2023/24;02G33;Aziz-Nesin-Grundschule;285;142;143;32;28;4;
2023/24;02G34;Jane-Goodall-Grundschule;394;186;208;31;27;4;
2023/24;02G35;Rosa-Parks-Grundschule;655;312;343;50;37;13;
2023/24;02G36;Blumen-Grundschule;643;318;325;57;44;13;
2023/24;02G37;37. Schule (Grundschule);354;167;187;27;18;9;
2023/24;02K01;Ellen-Key-Schule;801;376;425;80;52;28;
2023/24;02K02;Carl-von-Ossietzky-Gemeinschaftsschule;1185;635;550;117;78;39;
2023/24;02K03;Hector-Peterson-Schule;513;212;301;56;26;30;
2023/24;02K04;Bergmannkiez-Gemeinschaftsschule;882;480;402;82;48;34;
2023/24;02K05;Schule am Königstor (Integrierte Sekundarschule);319;127;192;49;27;22;
2023/24;02K06;Emanuel-Lasker-Schule (Gemeinschaftsschule);976;446;530;86;49;37;
2023/24;02K07;Georg-Weerth-Schule;463;168;295;49;28;21;
2023/24;02K08;Refik-Veseli-Schule (Integrierte Sekundarschule);545;237;308;76;43;33;
2023/24;02K09;Albrecht-von-Graefe-Schule (Integrierte Sekundarschule);425;199;226;53;30;23;
2023/24;02K10;Ferdinand-Freiligrath-Schule (Integrierte Sekundarschule);333;162;171;38;25;13;
2023/24;02P03;Islamische Grundschule;161;82;79;16;13;3;
2023/24;02P04;Freie Waldorfschule Kreuzberg;716;370;346;27;21;6;
2023/24;02P05;Sozialpädagogisches Institut Berlin Walter May - Stiftung SPI;691;495;196;80;48;32;
2023/24;02P07;Campus Berufsbildung e.V.;296;124;172;33;18;15;
2023/24;02P09;Freie Schule Kreuzberg (Grundschule);47;24;23;5;3;2;
2023/24;02P11;Berlin Bilingual School (Grundschule);287;146;141;23;16;7;
2023/24;02P12;KreativitätsGrundschule Berlin Friedrichshain;318;167;151;41;30;11;
2023/24;02P13;Netzwerk-Schule (Gemeinschaftsschule);106;51;55;9;6;3;
2023/24;02P16;BWK Berufsfachschule für Altenpflege;0;0;0;4;3;1;
2023/24;02P19;FORUM Berufsbildung e.V.;401;298;103;37;24;13;
2023/24;02P22;Pro Inklusio - Fachschule für Sozialpädagogik;562;426;136;33;26;7;
2023/24;02P23;Concept Berufliche Schulen gGmbH Berlin;159;108;51;31;24;7;
2023/24;02P25;Evangelische Schule Berlin Friedrichshain (Grundschule);150;83;67;16;12;4;
2023/24;02P26;VIA Bildungszentrum für Pflegeberufe;19;14;5;1;1;0;
2023/24;02P29;Kenntnisreich gGmbH;30;20;10;3;3;0;
2023/24;02P30;Concept - Fachschule für Sozialpädagogik;94;73;21;11;8;3;
2023/24;02P31;procon College gGmbH;26;17;9;1;1;0;
2023/24;02P32;sfe Schule für Erwachsenenbildung e.V.;136;63;73;7;7;0;
2023/24;02P33;Freie Schule Windrose (Grundschule);47;21;26;4;3;1;
2023/24;02S01;Temple-Grandin-Schule;218;89;129;42;35;7;
2023/24;02S02;Gustav-Meyer-Schule;153;63;90;40;32;8;
2023/24;02S03;Margarethe-von-Witzleben-Schule;255;94;161;42;31;11;
2023/24;02S06;Liebmann-Schule;121;26;95;23;18;5;
2023/24;02Y01;Andreas-Gymnasium;814;353;461;64;34;30;
2023/24;02Y03;Heinrich-Hertz-Gymnasium;670;196;474;49;25;24;
2023/24;02Y04;Georg-Friedrich-Händel-Gymnasium;531;329;202;46;21;25;
2023/24;02Y05;Dathe-Gymnasium;866;437;429;72;49;23;
2023/24;02Y06;Leibniz-Gymnasium;802;437;365;68;39;29;
2023/24;02Y07;Robert-Koch-Gymnasium;675;367;308;57;31;26;
2023/24;02Y08;Hermann-Hesse-Gymnasium;573;292;281;54;28;26;
2023/24;03A04;Abendgymnasium Prenzlauer Berg;93;43;50;16;10;6;
2023/24;03B02;Berufliche Schule für Sozialwesen Pankow;758;527;231;63;48;15;
2023/24;03B04;Brillat-Savarin-Schule (OSZ Gastgewerbe);3944;1764;2180;142;99;43;
2023/24;03B06;Konrad-Zuse-Schule;421;194;227;38;20;18;
2023/24;03B07;Elinor-Ostrom-Schule (OSZ Bürowirtschaft und Dienstleistungen);987;414;573;88;52;36;
2023/24;03B08;Staatliche Ballett- und Artistikschule Berlin;247;188;59;72;50;22;
2023/24;03B10;Max-Bill-Schule (OSZ Planen, Bauen, Gestalten);2769;762;2007;151;78;73;
2023/24;03G01;Schule am Hamburger Platz (Grundschule);501;243;258;30;24;6;
2023/24;03G02;Heinrich-Roller-Grundschule;441;204;237;30;27;3;
2023/24;03G03;Grundschule am Kollwitzplatz;419;218;201;28;23;5;
2023/24;03G04;Grundschule an der Marie;485;239;246;32;30;2;
2023/24;03G05;Homer-Grundschule;296;145;151;23;22;1;
2023/24;03G06;Bötzow-Grundschule;400;208;192;29;23;6;
2023/24;03G08;Grundschule am Planetarium;390;162;228;51;38;13;
2023/24;03G09;Thomas-Mann-Grundschule;507;253;254;31;25;6;
2023/24;03G10;Grundschule am Hohen Feld;593;264;329;42;34;8;
2023/24;03G11;Schule am Falkplatz (Grundschule);720;367;353;46;34;12;
2023/24;03G12;Paul-Lincke-Grundschule;467;218;249;35;25;10;
2023/24;03G13;Grundschule in Rosenthal;531;265;266;35;28;7;
2023/24;03G14;Bornholmer Grundschule;606;303;303;40;36;4;
2023/24;03G15;Schule am Senefelderplatz;443;208;235;35;29;6;
2023/24;03G16;Grundschule am Teutoburger Platz;499;237;262;34;27;7;
2023/24;03G17;Grundschule am Weißen See;438;228;210;31;26;5;
2023/24;03G18;Picasso-Grundschule;571;281;290;44;36;8;
2023/24;03G20;Grundschule im Moselviertel;410;195;215;35;32;3;
2023/24;03G21;Grundschule unter den Bäumen;457;218;239;32;24;8;
2023/24;03G22;Grundschule am Wasserturm;521;255;266;40;33;7;
2023/24;03G23;Grundschule Alt-Karow;506;249;257;30;27;3;
2023/24;03G24;Grundschule im Panketal;585;289;296;43;36;7;
2023/24;03G25;Carl-Humann-Grundschule;482;242;240;28;23;5;
2023/24;03G26;Arnold-Zweig-Grundschule;592;281;311;39;34;5;
2023/24;03G27;Elizabeth-Shaw-Grundschule;468;236;232;30;26;4;
2023/24;03G28;Hasengrund-Schule (Grundschule);492;234;258;33;24;9;
2023/24;03G29;Grundschule Am Sandhaus;365;188;177;31;24;7;
2023/24;03G32;Grundschule an den Buchen;383;180;203;25;23;2;
2023/24;03G33;Jeanne-Barez-Schule (Grundschule);780;381;399;45;36;9;
2023/24;03G34;Mendel-Grundschule;573;265;308;44;34;10;
2023/24;03G35;Platanengrundschule;134;74;60;9;9;0;
2023/24;03G36;Elisabeth-Christinen-Grundschule;508;249;259;35;29;6;
2023/24;03G37;Klecks-Grundschule;543;279;264;35;32;3;
2023/24;03G38;Grundschule im Blumenviertel;384;184;200;39;32;7;
2023/24;03G39;Grundschule Wolkenstein;484;234;250;33;30;3;
2023/24;03G40;Schule am Birkenhof;443;226;217;31;27;4;
2023/24;03G41;Trelleborg-Schule (Grundschule);619;335;284;41;35;6;
2023/24;03G43;Grundschule Wilhelmsruh;562;274;288;36;25;11;
2023/24;03G44;Georg-Zacharias-Grundschule;380;191;189;27;21;6;
2023/24;03G45;Grundschule im Hofgarten;420;197;223;32;27;5;
2023/24;03G46;Grundschule im Eliashof;346;180;166;23;17;6;
2023/24;03G47;47. Schule (Grundschule);319;156;163;27;22;5;
2023/24;03G48;48. Schule (Grundschule);330;150;180;27;25;2;
2023/24;03G49;49. Schule (Grundschule);219;100;119;16;14;2;
2023/24;03G50;50. Schule (Grundschule);178;78;100;12;10;2;
2023/24;03K01;Kurt-Schwitters-Schule;982;514;468;94;56;38;
2023/24;03K02;Kurt-Tucholsky-Schule (Integrierte Sekundarschule);960;547;413;79;44;35;
2023/24;03K03;Konrad-Duden-Schule (Integrierte Sekundarschule);637;244;393;63;43;20;
2023/24;03K04;Gustave-Eiffel-Schule;640;267;373;63;35;28;
2023/24;03K05;Heinz-Brandt-Schule;458;205;253;48;32;16;
2023/24;03K06;Reinhold-Burger-Schule;450;191;259;50;35;15;
2023/24;03K07;Tesla-Schule (Gemeinschaftsschule);809;311;498;64;43;21;
2023/24;03K08;Hagenbeck-Schule;479;224;255;46;24;22;
2023/24;03K09;Janusz-Korczak-Schule (Integrierte Sekundarschule);375;166;209;38;22;16;
2023/24;03K10;Hufeland-Schule (Integrierte Sekundarschule);697;291;406;61;33;28;
2023/24;03K11;Wilhelm-von-Humboldt-Gemeinschaftsschule;994;496;498;92;76;16;
2023/24;03P03;Schulen Christburg Campus Prenzlauer Berg;556;299;257;43;30;13;
2023/24;03P08;Katholisches Schulzentrum Edith Stein;158;100;58;17;11;6;
2023/24;03P10;Katholische Theresienschule (Gymnasium);662;372;290;12;5;7;
2023/24;03P11;Stephanus-Schule;95;41;54;18;15;3;
2023/24;03P12;Evangelische Schule Pankow (Grundschule);285;141;144;29;22;7;
2023/24;03P13;Freie Schule Pankow (Integrierte Sekundarschule);116;62;54;12;6;6;
2023/24;03P14;Freie Grundschule Pfefferwerk;133;73;60;18;16;2;
2023/24;03P15;AUCOTEAM GmbH;146;30;116;18;4;14;
2023/24;03P18;dreieins-Grundschule Berlin-Pankow;274;135;139;28;18;10;
2023/24;03P20;SchuleEins (Gemeinschaftsschule);658;315;343;62;31;31;
2023/24;03P21;Freie Integrative Montessori Grundschule Pankow;97;54;43;11;11;0;
2023/24;03P22;Klax-Gemeinschaftsschule;660;293;367;43;30;13;
2023/24;03P23;Freie Naturschule im StadtGUT (Grundschule);67;32;35;4;1;3;
2023/24;03P24;Ting-Schule (Integrierte Sekundarschule);37;13;24;4;2;2;
2023/24;03P26;Lauder Beth-Zion Schule (Gemeinschaftsschule);95;45;50;32;22;10;
2023/24;03P27;Klax Berufsakademie;198;149;49;11;6;5;
2023/24;03P28;Platanus Schule Berlin (Gemeinschaftsschule);460;232;228;46;25;21;
2023/24;03P30;Freie Waldorfschule am Prenzlauer Berg;328;184;144;33;18;15;
2023/24;03P32;Montessori-Gemeinschaftsschule Berlin Buch;281;151;130;23;18;5;
2023/24;03P33;Evangelische Schule Berlin Buch (Grundschule);274;131;143;18;12;6;
2023/24;03P36;WETEK - Fachschule für Sozialpädagogik;180;126;54;21;16;5;
2023/24;03P37;Berlin Bilingual School (Integrierte Sekundarschule);154;80;74;24;11;13;
2023/24;03P38;S.K.O.U.T. - Fachschule für Sozialpädagogik;42;23;19;8;6;2;
2023/24;03P39;Stephanus-Grundschule ;260;131;129;20;14;6;
2023/24;03P40;SAfS - Spektrum Akademie für Sozialpädagogik - Kein Schulbetrieb;0;0;0;0;0;0;
2023/24;03P42;Weiterdenker-Fachschule für Sozialpädagogik;73;45;28;10;7;3;
2023/24;03P43;Pfefferwerk - Fachschule für Sozialpädagogik;41;23;18;8;8;0;
2023/24;03P44;St. Hildegard Akademie gGmbH;0;0;0;0;0;0;
2023/24;03P45;PepperMont Freie Sekundarschule für ganzheitliches Lernen;96;49;47;12;8;4;
2023/24;03P47;Bilinguale Schule Phorms Berlin Prenzlauer Berg (Grundschule);45;15;30;5;3;2;
2023/24;03P48;Freie Humanistische Grundschule;14;7;7;2;2;0;
2023/24;03S03;Helene-Haeusler-Schule;165;64;101;36;27;9;
2023/24;03S06;Schule am Birkenhof;90;39;51;16;12;4;
2023/24;03S08;Panke-Schule;129;46;83;27;21;6;
2023/24;03S09;Schule an der Strauchwiese;82;29;53;19;16;3;
2023/24;03S10;Marianne-Buggenhagen-Schule;218;106;112;45;34;11;
2023/24;03Y03;Käthe-Kollwitz-Gymnasium;891;322;569;74;38;36;
2023/24;03Y04;Heinrich-Schliemann-Gymnasium;1122;644;478;91;44;47;
2023/24;03Y08;Carl-von-Ossietzky-Gymnasium;1097;671;426;97;61;36;
2023/24;03Y10;Rosa-Luxemburg-Gymnasium;1204;647;557;106;55;51;
2023/24;03Y13;Felix-Mendelssohn-Bartholdy-Gymnasium;1309;827;482;102;56;46;
2023/24;03Y14;Primo-Levi-Gymnasium;1311;655;656;107;70;37;
2023/24;03Y15;Max-Delbrück-Gymnasium;1059;534;525;87;55;32;
2023/24;03Y16;Robert-Havemann-Gymnasium;1107;527;580;83;47;36;
2023/24;03Y17;Gymnasium am Europasportpark;771;305;466;60;38;22;
2023/24;04A04;Charlotte-Wolff-Kolleg;138;76;62;21;15;6;
2023/24;04A06;Peter-A.-Silbermann-Schule;111;51;60;13;7;6;
2023/24;04A08;Sportschule im Olympiapark - Poelchau-Schule;533;232;301;68;40;28;
2023/24;04B01;Loschmidt-Oberschule;434;167;267;46;25;21;
2023/24;04B02;Hans-Litten-Schule (OSZ Recht und Wirtschaft);1689;782;907;110;68;42;
2023/24;04B03;OSZ Kraftfahrzeugtechnik;1835;102;1733;69;20;49;
2023/24;04B04;Ruth-Cohn-Schule (OSZ Sozialwesen);1053;773;280;79;49;30;
2023/24;04B05;Anna-Freud-Schule (OSZ Sozialwesen);1570;1166;404;134;105;29;
2023/24;04B06;Leopold-Ullstein-Schule (OSZ Wirtschaft);1232;489;743;76;48;28;
2023/24;04B07;OSZ Körperpflege;1178;668;510;68;57;11;
2023/24;04G01;Eichendorff-Grundschule;443;196;247;36;30;6;
2023/24;04G02;Lietzensee-Grundschule;380;169;211;32;27;5;
2023/24;04G04;Joan-Miró-Grundschule;702;356;346;62;50;12;
2023/24;04G05;Dietrich-Bonhoeffer-Grundschule;371;178;193;32;26;6;
2023/24;04G06;Wald-Grundschule;496;230;266;35;33;2;
2023/24;04G07;Ludwig-Cauer-Grundschule;477;239;238;33;30;3;
2023/24;04G08;Mierendorff-Grundschule;387;195;192;36;27;9;
2023/24;04G09;Erwin-von-Witzleben-Grundschule;475;221;254;36;28;8;
2023/24;04G11;Helmuth-James-von-Moltke-Grundschule;496;242;254;43;33;10;
2023/24;04G12;Schinkel-Grundschule;695;366;329;54;44;10;
2023/24;04G13;Nehring-Grundschule;500;253;247;45;34;11;
2023/24;04G14;Reinhold-Otto-Grundschule;457;228;229;35;27;8;
2023/24;04G15;Charles-Dickens-Grundschule;458;224;234;41;36;5;
2023/24;04G17;Johann-Peter-Hebel-Grundschule;560;279;281;44;40;4;
2023/24;04G18;Ernst-Habermann-Grundschule;338;169;169;28;19;9;
2023/24;04G19;Grundschule am Rüdesheimer Platz;575;279;296;54;46;8;
2023/24;04G20;Katharina-Heinroth-Grundschule;715;356;359;53;46;7;
2023/24;04G21;Halensee-Grundschule;405;196;209;27;23;4;
2023/24;04G22;Grunewald-Grundschule;577;270;307;39;35;4;
2023/24;04G23;Alt-Schmargendorf-Grundschule;542;272;270;40;35;5;
2023/24;04G24;Carl-Orff-Grundschule;585;305;280;42;34;8;
2023/24;04G25;Cecilien-Schule (Grundschule);395;187;208;31;26;5;
2023/24;04G26;Birger-Forell-Grundschule;441;204;237;36;31;5;
2023/24;04G27;Judith-Kerr-Grundschule;369;191;178;31;24;7;
2023/24;04K02;Friedensburg-Schule;1252;593;659;122;69;53;
2023/24;04K03;Robert-Jungk-Schule;940;440;500;104;66;38;
2023/24;04K04;Nelson-Mandela-Schule;1108;542;566;125;74;51;
2023/24;04K05;Paula-Fürst-Schule (Gemeinschaftsschule);1131;526;605;105;71;34;
2023/24;04K06;Schule am Schloss (Integrierte Sekundarschule);500;201;299;51;35;16;
2023/24;04K07;Integrierte Sekundarschule Wilmersdorf;350;158;192;34;21;13;
2023/24;04K08;Peter-Ustinov-Schule;470;203;267;55;29;26;
2023/24;04K09;Otto-von-Guericke-Schule (Integrierte Sekundarschule);429;198;231;44;29;15;
2023/24;04K10;Wangari-Maathai-Internationale-Schule;265;121;144;27;17;10;
2023/24;04P01;Katholische Schule Herz Jesu (Grundschule);336;163;173;22;18;4;
2023/24;04P02;Schele-Schule (Gemeinschaftsschule);152;66;86;19;12;7;
2023/24;04P03;Heinz-Galinski-Schule (Grundschule);238;128;110;24;17;7;
2023/24;04P04;Katholische Schule Liebfrauen (Gymnasium);712;402;310;64;39;25;
2023/24;04P05;Evangelische Schule Charlottenburg (Integrierte Sekundarschule);460;224;236;43;27;16;
2023/24;04P09;IFAG Institut für angewandte Gerontologie;0;0;0;0;0;0;
2023/24;04P10;Katholische Schule Sankt Ludwig (Grundschule);259;143;116;17;14;3;
2023/24;04P11;Evangelisches Gymnasium zum Grauen Kloster;609;317;292;58;31;27;
2023/24;04P12;Annie-Heuser-Schule;317;159;158;35;26;9;
2023/24;04P15;Freie Schule Charlottenburg;80;35;45;14;8;6;
2023/24;04P20;Rackow-Schulen Berlin;383;198;185;40;22;18;
2023/24;04P21;Evangelische Schule Wilmersdorf (Grundschule);267;149;118;26;24;2;
2023/24;04P22;Erste Aktivschule Charlottenburg (Grundschule);47;25;22;3;2;1;
2023/24;04P23;Jüdische Traditionsschule;177;79;98;23;18;5;
2023/24;04P24;Moser-Schule - Schweizer Gymnasium;341;165;176;35;22;13;
2023/24;04P27;Schule am Westend;76;31;45;15;10;5;
2023/24;04P35;Mentora Gymnasium;83;44;39;12;5;7;
2023/24;04P37;Campus Berufsbildung e.V.;122;77;45;1;1;0;
2023/24;04P39;Berlin British School (Grundschule);107;52;55;18;12;6;
2023/24;04P40;Berlin British School (Integrierte Sekundarschule);69;37;32;32;16;16;
2023/24;04P41;Freudberg-Gemeinschaftsschule;340;167;173;45;28;17;
2023/24;04P42;Private Kant-Schule - Berlin International School;812;411;401;91;63;28;
2023/24;04P45;Jewish International School - Masorti-Grundschule;80;35;45;12;8;4;
2023/24;04P46;Hasenschule (Grundschule);51;14;37;2;2;0;
2023/24;04S02;Arno-Fuchs-Schule;121;42;79;27;22;5;
2023/24;04S04;Reinfelder-Schule;413;163;250;61;54;7;
2023/24;04S05;Ernst-Adolf-Eschke-Schule für Gehörlose;124;55;69;38;29;9;
2023/24;04S06;Finkenkrug-Schule;133;38;95;25;20;5;
2023/24;04S07;Comenius-Schule;594;228;366;102;86;16;
2023/24;04Y01;Schiller-Gymnasium;945;526;419;83;55;28;
2023/24;04Y02;Wald-Gymnasium;762;360;402;70;44;26;
2023/24;04Y03;Sophie-Charlotte-Gymnasium;683;386;297;59;35;24;
2023/24;04Y04;Gottfried-Keller-Gymnasium;847;358;489;79;44;35;
2023/24;04Y05;Herder-Gymnasium;889;286;603;80;41;39;
2023/24;04Y06;Heinz-Berggruen-Gymnasium;865;568;297;72;43;29;
2023/24;04Y07;Friedrich-Ebert-Gymnasium;792;442;350;65;36;29;
2023/24;04Y08;Hildegard-Wegscheider-Gymnasium;580;231;349;50;35;15;
2023/24;04Y09;Walther-Rathenau-Gymnasium;545;239;306;48;28;20;
2023/24;04Y10;Marie-Curie-Gymnasium;730;359;371;64;40;24;
2023/24;04Y11;Goethe-Gymnasium;807;413;394;68;33;35;
2023/24;05A03;VHS Spandau - Harri-Reinert;135;72;63;10;4;6;
2023/24;05B01;OSZ TIEM (Technische Informatik, Industrieelektronik und EnergieManagement);1857;108;1749;82;21;61;
2023/24;05B02;Knobelsdorff-Schule (OSZ Bautechnik I);1803;122;1681;130;35;95;
2023/24;05G01;Ernst-Ludwig-Heim-Grundschule;466;203;263;52;42;10;
2023/24;05G02;Grundschule am Eichenwald;435;216;219;38;27;11;
2023/24;05G04;Klosterfeld-Grundschule;366;192;174;38;31;7;
2023/24;05G05;Christoph-Földerich-Grundschule;536;268;268;51;45;6;
2023/24;05G06;Siegerland-Grundschule;560;270;290;49;41;8;
2023/24;05G07;Lynar-Grundschule;528;261;267;58;45;13;
2023/24;05G08;Konkordia-Grundschule;436;212;224;37;28;9;
2023/24;05G10;Grundschule am Birkenhain;485;258;227;47;36;11;
2023/24;05G11;Robert-Reinick-Grundschule;576;275;301;46;32;14;
2023/24;05G12;Grundschule am Weinmeisterhorn;396;193;203;32;28;4;
2023/24;05G13;Bernd-Ryke-Grundschule;638;308;330;61;33;28;
2023/24;05G14;Linden-Grundschule;620;312;308;52;42;10;
2023/24;05G15;Askanier-Grundschule;459;225;234;33;21;12;
2023/24;05G16;Zeppelin-Grundschule;288;134;154;24;18;6;
2023/24;05G17;Astrid-Lindgren-Grundschule;494;233;261;49;41;8;
2023/24;05G18;Grundschule im Beerwinkel;604;287;317;56;38;18;
2023/24;05G19;Grundschule am Ritterfeld;537;268;269;39;34;5;
2023/24;05G20;Carl-Schurz-Grundschule;467;215;252;41;31;10;
2023/24;05G21;Paul-Moor-Grundschule;258;111;147;39;34;5;
2023/24;05G22;Christian-Morgenstern-Grundschule;594;298;296;48;41;7;
2023/24;05G23;Grundschule am Brandwerder;404;205;199;34;29;5;
2023/24;05G24;Grundschule am Windmühlenberg;368;187;181;33;31;2;
2023/24;05G25;Grundschule am Wasserwerk;186;85;101;22;14;8;
2023/24;05G26;Grundschule am Amalienhof;494;234;260;43;38;5;
2023/24;05G27;Peter-Härtling-Grundschule ;586;274;312;55;50;5;
2023/24;05G28;Grundschule an der Pulvermühle;630;317;313;50;37;13;
2023/24;05G29;Mary-Poppins-Grundschule;530;268;262;36;30;6;
2023/24;05G30;Birken-Grundschule;561;258;303;61;49;12;
2023/24;05G31;31. Schule (Grundschule);416;197;219;36;28;8;
2023/24;05K01;Martin-Buber-Oberschule (Integrierte Sekundarschule);1063;562;501;97;56;41;
2023/24;05K02;Carlo-Schmid-Oberschule (Integrierte Sekundarschule);1032;535;497;111;65;46;
2023/24;05K03;Bertolt-Brecht-Oberschule (Integrierte Sekundarschule);1236;601;635;114;68;46;
2023/24;05K04;Heinrich-Böll-Oberschule (Integrierte Sekundarschule);1024;471;553;92;49;43;
2023/24;05K05;B.-Traven-Gemeinschaftsschule;743;356;387;72;33;39;
2023/24;05K06;Wolfgang-Borchert-Schule (Integrierte Sekundarschule);906;399;507;91;49;42;
2023/24;05K07;Schule an der Jungfernheide (Integrierte Sekundarschule);460;196;264;53;40;13;
2023/24;05K08;Schule an der Haveldüne (Integrierte Sekundarschule);781;313;468;87;51;36;
2023/24;05K09;Schule am Staakener Kleeblatt (Integrierte Sekundarschule);411;161;250;35;20;15;
2023/24;05P01;Freie Waldorfschule Havelhöhe - Eugen Kolisko;337;164;173;38;25;13;
2023/24;05P02;Katholische Schule Bernhard Lichtenberg (Grundschule);325;182;143;21;19;2;
2023/24;05P03;Evangelische Schule Spandau im Johannesstift;616;337;279;45;31;14;
2023/24;05P04;August-Hermann-Francke-Schule;115;47;68;19;16;3;
2023/24;05P05;Berufsschule des Rotkreuz-Instituts;222;68;154;2;2;0;
2023/24;05P06;Werner-von-Siemens-Werkberufsschule der Siemens AG;236;17;219;15;3;12;
2023/24;05P10;Soziale Fachschulen Johannesstift Diakonie gGmbH;195;142;53;25;21;4;
2023/24;05P13;Wilhelmstadt Schulen;778;381;397;67;40;27;
2023/24;05P15;Immanuel-Grundschule;143;72;71;9;6;3;
2023/24;05P18;Freie Georgschule ;234;126;108;19;17;2;
2023/24;05P19;SIS Swiss International School Berlin;282;141;141;20;11;9;
2023/24;05S01;Schule am Grüngürtel;123;48;75;24;16;8;
2023/24;05S03;Schule am Gartenfeld;163;39;124;36;30;6;
2023/24;05S04;Schule am Stadtrand;106;36;70;32;26;6;
2023/24;05Y01;Freiherr-vom-Stein-Gymnasium;988;484;504;87;58;29;
2023/24;05Y02;Kant-Gymnasium;831;495;336;74;46;28;
2023/24;05Y03;Hans-Carossa-Gymnasium;1089;554;535;83;51;32;
2023/24;05Y04;Carl-Friedrich-von-Siemens-Gymnasium;738;356;382;70;43;27;
2023/24;05Y05;Lily-Braun-Gymnasium;673;424;249;59;34;25;
2023/24;06A05;VHS Steglitz-Zehlendorf - Victor-Gollancz ;110;59;51;12;8;4;
2023/24;06B01;Peter-Lenné-Schule (OSZ Natur und Umwelt);1393;610;783;68;34;34;
2023/24;06B02;Louise-Schroeder-Schule (OSZ Bürowirtschaft und Verwaltung);2202;1340;862;119;71;48;
2023/24;06B03;OSZ Bürowirtschaft 1;1206;618;588;78;50;28;
2023/24;06B04;Wilhelm-Ostwald-Schule (OSZ Gestaltung);1288;539;749;75;37;38;
2023/24;06G01;Nord-Grundschule;388;171;217;31;30;1;
2023/24;06G02;Süd-Grundschule;371;178;193;25;22;3;
2023/24;06G03;Johannes-Tews-Grundschule;452;208;244;29;23;6;
2023/24;06G04;Erich-Kästner-Grundschule;430;208;222;30;26;4;
2023/24;06G05;Conrad-Schule (Grundschule);456;228;228;37;32;5;
2023/24;06G06;Mühlenau-Grundschule;611;272;339;51;46;5;
2023/24;06G07;Zinnowwald-Grundschule;496;249;247;38;30;8;
2023/24;06G08;Schweizerhof-Grundschule;413;199;214;33;31;2;
2023/24;06G09;Dreilinden-Grundschule;337;157;180;27;22;5;
2023/24;06G10;Grundschule am Buschgraben;247;124;123;23;19;4;
2023/24;06G12;Quentin-Blake-Grundschule;416;191;225;34;24;10;
2023/24;06G14;Sachsenwald-Grundschule;439;232;207;37;28;9;
2023/24;06G15;Dunant-Grundschule;568;279;289;45;43;2;
2023/24;06G16;Rothenburg-Grundschule;282;149;133;26;25;1;
2023/24;06G17;Grundschule am Insulaner;407;195;212;38;28;10;
2023/24;06G18;Athene-Grundschule;497;248;249;44;35;9;
2023/24;06G20;Alt-Lankwitzer Grundschule;474;224;250;36;32;4;
2023/24;06G21;Paul-Schneider-Grundschule;544;274;270;39;32;7;
2023/24;06G22;Giesensdorfer Grundschule;400;191;209;32;29;3;
2023/24;06G23;Kronach-Grundschule;447;226;221;33;28;5;
2023/24;06G24;Grundschule unter den Kastanien;463;249;214;34;30;4;
2023/24;06G25;Clemens-Brentano-Grundschule;485;243;242;38;34;4;
2023/24;06G26;Käthe-Kruse-Grundschule;416;203;213;32;29;3;
2023/24;06G27;Grundschule am Königsgraben;589;290;299;40;37;3;
2023/24;06G28;Ludwig-Bechstein-Grundschule;256;123;133;24;17;7;
2023/24;06G29;Grundschule am Karpfenteich;481;251;230;32;28;4;
2023/24;06G30;Mercator-Grundschule;307;153;154;29;24;5;
2023/24;06G31;Grundschule an der Bäke;419;202;217;36;33;3;
2023/24;06G32;Grundschule am Stadtpark Steglitz;517;247;270;43;35;8;
2023/24;06G33;Friedrich-Drake-Grundschule;317;147;170;23;21;2;
2023/24;06G34;Grundschule in der Plantagenstraße;279;130;149;20;17;3;
2023/24;06K01;John-F.-Kennedy-Schule;1520;750;770;158;104;54;
2023/24;06K02;Wilma-Rudolph-Schule (Integrierte Sekundarschule);1004;466;538;97;57;40;
2023/24;06K03;Kopernikus-Schule (Integrierte Sekundarschule);1011;501;510;97;57;40;
2023/24;06K04;Bröndby-Schule (Integrierte Sekundarschule);989;454;535;89;51;38;
2023/24;06K08;Max-von-Laue-Schule;510;216;294;58;40;18;
2023/24;06K09;Gail-S.-Halvorsen-Integrierte Sekundarschule;493;187;306;46;33;13;
2023/24;06K10;Helene-Lange-Schule (Integrierte Sekundarschule);676;272;404;70;50;20;
2023/24;06K11;Anna-Essinger-Gemeinschaftsschule;939;471;468;94;73;21;
2023/24;06P01;Katholische Schule Sankt Ursula (Grundschule);329;184;145;31;29;2;
2023/24;06P02;Johanna-Gerdes-Grundschule;122;65;57;12;9;3;
2023/24;06P04;Rudolf-Steiner-Schule Berlin;831;449;382;83;53;30;
2023/24;06P05;Emil-Molt-Schule;387;193;194;30;21;9;
2023/24;06P06;Königin-Luise-Stiftung;933;473;460;98;60;38;
2023/24;06P07;Parzival-Schule;123;55;68;36;28;8;
2023/24;06P08;Sancta-Maria-Schule der Hedwigschwestern;134;51;83;24;19;5;
2023/24;06P09;Caroline-von-Heydebrand-Schule;71;23;48;12;9;3;
2023/24;06P10;Private Kant-Schule (Grundschule);305;143;162;29;21;8;
2023/24;06P11;Private Kant-Schule ;1100;542;558;103;73;30;
2023/24;06P12;Evangelische Schule Steglitz (Integrierte Sekundarschule);647;340;307;58;37;21;
2023/24;06P13;Gemeinschaftsschule nach der Pädagogik Berthold Ottos;170;81;89;18;13;5;
2023/24;06P15;Oberlin-Seminar;276;198;78;23;17;6;
2023/24;06P18;Bilinguale Schule Phorms Berlin Süd;545;285;260;47;26;21;
2023/24;06P20;Freie Schule Anne-Sophie Berlin;430;219;211;55;40;15;
2023/24;06P21;Internationale Montessorischule Berlin (Grundschule);118;51;67;15;12;3;
2023/24;06P24;Evangelische Grundschule Zehlendorf;119;55;64;11;9;2;
2023/24;06P25;Lichtenberg - Kolleg e.V.;26;10;16;4;4;0;
2023/24;06S01;Pestalozzi-Schule;259;99;160;35;30;5;
2023/24;06S02;Biesalski-Schule;197;45;152;53;43;10;
2023/24;06S03;Peter-Frankenfeld-Schule;76;20;56;24;18;6;
2023/24;06S05;J.-A.-Zeune-Schule für Blinde und Berufsfachschule Dr. Silex;118;48;70;45;38;7;
2023/24;06Y01;Schadow-Gymnasium;1028;488;540;92;52;40;
2023/24;06Y02;Droste-Hülshoff-Gymnasium;852;539;313;79;48;31;
2023/24;06Y03;Arndt-Gymnasium Dahlem;849;458;391;70;44;26;
2023/24;06Y04;Dreilinden-Gymnasium;765;371;394;70;46;24;
2023/24;06Y05;Werner-von-Siemens-Gymnasium;899;363;536;70;46;24;
2023/24;06Y06;Beethoven-Gymnasium;862;516;346;75;46;29;
2023/24;06Y07;Paulsen-Gymnasium;711;372;339;63;37;26;
2023/24;06Y08;Hermann-Ehlers-Gymnasium;603;301;302;54;33;21;
2023/24;06Y09;Fichtenberg-Oberschule;795;402;393;72;43;29;
2023/24;06Y10;Lilienthal-Gymnasium;771;421;350;68;40;28;
2023/24;06Y11;Goethe-Gymnasium Lichterfelde;740;359;381;66;34;32;
2023/24;06Y12;Willi-Graf-Gymnasium;578;313;265;49;26;23;
2023/24;06Y13;Gymnasium Steglitz;802;433;369;73;43;30;
2023/24;07A05;Kolleg Schöneberg;158;69;89;21;15;6;
2023/24;07A06;VHS Tempelhof-Schöneberg;49;20;29;9;8;1;
2023/24;07B02;Marie-Elisabeth-Lüders-Oberschule;642;473;169;58;40;18;
2023/24;07B03;OSZ Lotis (Logistik, Touristik und Steuern);2122;815;1307;96;62;34;
2023/24;07G01;Spreewald-Grundschule;401;197;204;39;33;6;
2023/24;07G02;Finow-Grundschule;536;278;258;47;41;6;
2023/24;07G03;Werbellinsee-Grundschule;454;218;236;37;32;5;
2023/24;07G05;Havelland-Grundschule;457;230;227;38;28;10;
2023/24;07G06;Sternberg-Grundschule;270;142;128;30;26;4;
2023/24;07G07;Lindenhof-Grundschule;381;174;207;30;23;7;
2023/24;07G10;Teltow-Grundschule;476;234;242;47;42;5;
2023/24;07G12;Scharmützelsee-Grundschule;463;237;226;40;35;5;
2023/24;07G13;Neumark-Grundschule;403;186;217;40;31;9;
2023/24;07G14;Löcknitz-Grundschule;404;199;205;32;22;10;
2023/24;07G15;Fläming-Grundschule;541;272;269;48;41;7;
2023/24;07G16;Ruppin-Grundschule;612;313;299;43;34;9;
2023/24;07G17;Stechlinsee-Grundschule;639;340;299;52;39;13;
2023/24;07G18;Grundschule am Barbarossaplatz;297;155;142;34;30;4;
2023/24;07G19;Paul-Simmel-Grundschule;574;280;294;54;38;16;
2023/24;07G20;Maria-Montessori-Grundschule;513;256;257;41;38;3;
2023/24;07G21;Grundschule auf dem Tempelhofer Feld;624;299;325;44;38;6;
2023/24;07G22;Paul-Klee-Grundschule;622;296;326;51;43;8;
2023/24;07G23;Schätzelberg-Grundschule;364;163;201;33;22;11;
2023/24;07G24;Tempelherren-Grundschule;325;159;166;28;22;6;
2023/24;07G25;Mascha-Kaléko-Grundschule;422;215;207;38;28;10;
2023/24;07G26;Grundschule im Taunusviertel;346;156;190;28;20;8;
2023/24;07G27;Rudolf-Hildebrand-Grundschule;594;275;319;44;33;11;
2023/24;07G28;Kiepert-Grundschule;442;188;254;37;30;7;
2023/24;07G29;Käthe-Kollwitz-Grundschule;566;262;304;40;36;4;
2023/24;07G30;Annedore-Leber-Grundschule;680;328;352;64;52;12;
2023/24;07G31;Carl-Sonnenschein-Grundschule;482;221;261;33;24;9;
2023/24;07G32;Bruno-H.-Bürgel-Grundschule;570;274;296;39;35;4;
2023/24;07G34;Marienfelder Schule (Grundschule);785;388;397;56;38;18;
2023/24;07G35;Nahariya-Grundschule;673;322;351;57;45;12;
2023/24;07G36;Grundschule am Dielingsgrund;513;274;239;35;26;9;
2023/24;07G37;Ikarus-Grundschule;546;245;301;40;31;9;
2023/24;07G40;40. Schule (Grundschule);78;38;40;9;7;2;
2023/24;07K01;Sophie-Scholl-Schule;1059;538;521;116;71;45;
2023/24;07K02;Carl-Zeiss-Schule;1003;527;476;100;61;39;
2023/24;07K03;Gustav-Heinemann-Oberschule;1176;581;595;105;40;65;
2023/24;07K04;Theodor-Haubach-Schule;522;237;285;46;32;14;
2023/24;07K05;Solling-Schule;522;247;275;46;32;14;
2023/24;07K06;Georg-von-Giesche-Schule;458;221;237;55;33;22;
2023/24;07K07;Johanna-Eck-Schule (Integrierte Sekundarschule);591;287;304;64;35;29;
2023/24;07K09;Gustav-Langenscheidt-Schule;404;168;236;41;21;20;
2023/24;07K10;Friedrich-Bergius-Schule;402;169;233;45;31;14;
2023/24;07K11;Hugo-Gaudig-Schule;428;190;238;43;25;18;
2023/24;07K12;Friedenauer Gemeinschaftsschule;1141;552;589;123;92;31;
2023/24;07K13;Schule am Berlinickeplatz (Integrierte Sekundarschule);372;167;205;40;24;16;
2023/24;07P01;Katholische Schule Sankt Franziskus (Integrierte Sekundarschule);697;365;332;65;41;24;
2023/24;07P02;Pestalozzi-Fröbel-Haus;530;364;166;40;29;11;
2023/24;07P03;Lette-Verein Stiftung des öffentlichen Rechts;433;246;187;88;52;36;
2023/24;07P04;Katholische Schule Sankt Alfons (Grundschule);337;176;161;21;20;1;
2023/24;07P05;Freie Schule in Berlin (Grundschule);52;25;27;1;1;0;
2023/24;07P06;Katholische Schule Sankt Hildegard;130;55;75;34;25;9;
2023/24;07P10;Campus Berufsbildung e.V.;413;288;125;71;52;19;
2023/24;07P11;Privates Europa-Gymnasium Berlin;72;33;39;10;6;4;
2023/24;07P12;SPI Fachschule für Sozialpädagogik;30;19;11;2;2;0;
2023/24;07P13;Deutsch Skandinavische Gemeinschaftsschule;207;98;109;31;22;9;
2023/24;07P17;Humanistische Fachschule für Sozialpädagogik;148;100;48;11;9;2;
2023/24;07P18;Johannes-Schule Berlin;373;197;176;15;13;2;
2023/24;07P19;Freie Schule Schöneberg (Gemeinschaftsschule);84;44;40;7;3;4;
2023/24;07P20;Rudolf Steiner Bildungszentrum gGmbH;248;164;84;36;26;10;
2023/24;07P21;BBA-Akademie für Immobilienwirtschaft e.V.;388;214;174;12;8;4;
2023/24;07P22;WBS Training Schulen gGmbH	;123;82;41;13;8;5;
2023/24;07S01;Prignitz-Schule;193;63;130;42;29;13;
2023/24;07S03;Steinwald-Schule;115;45;70;25;23;2;
2023/24;07S04;Marianne-Cohn-Schule;125;39;86;29;23;6;
2023/24;07Y01;Robert-Blum-Gymnasium;747;440;307;69;50;19;
2023/24;07Y02;Rückert-Gymnasium;763;395;368;62;34;28;
2023/24;07Y03;Rheingau-Gymnasium;692;406;286;60;35;25;
2023/24;07Y04;Paul-Natorp-Gymnasium;794;403;391;65;37;28;
2023/24;07Y05;Luise-Henriette-Gymnasium;475;254;221;49;31;18;
2023/24;07Y06;Askanisches Gymnasium;739;392;347;60;33;27;
2023/24;07Y07;Eckener-Gymnasium;728;358;370;63;37;26;
2023/24;07Y08;Ulrich-von-Hutten-Gymnasium;837;440;397;69;35;34;
2023/24;07Y09;Georg-Büchner-Gymnasium;546;298;248;49;26;23;
2023/24;08A10;VHS Neukölln - Otto-Suhr / Tannenhofschule;78;40;38;10;6;4;
2023/24;08B01;Annedore-Leber-Oberschule;749;258;491;58;34;24;
2023/24;08B02;Lise-Meitner-Schule (OSZ Chemie, Physik und Biologie);1130;472;658;112;65;47;
2023/24;08B04;OSZ Informations- und Medizintechnik;2775;464;2311;127;50;77;
2023/24;08B05;Carl-Legien-Schule (Schulbetrieb an 01B04);49;37;12;9;7;2;
2023/24;08G01;Rixdorfer Schule (Grundschule);394;183;211;41;29;12;
2023/24;08G02;Theodor-Storm-Schule (Grundschule);187;92;95;25;17;8;
2023/24;08G03;Hans-Fallada-Schule (Grundschule);431;212;219;44;34;10;
2023/24;08G05;Elbe-Schule (Grundschule);265;110;155;27;18;9;
2023/24;08G06;Karl-Weise-Schule (Grundschule);355;180;175;29;19;10;
2023/24;08G07;Hermann-Boddin-Schule (Grundschule);276;131;145;28;20;8;
2023/24;08G08;Karlsgarten-Schule (Grundschule);480;218;262;42;32;10;
2023/24;08G09;Regenbogen-Schule (Grundschule);516;242;274;42;38;4;
2023/24;08G11;Schliemann-Grundschule;570;304;266;43;33;10;
2023/24;08G12;Peter-Petersen-Schule (Grundschule);296;135;161;24;19;5;
2023/24;08G13;Bruno-Taut-Schule (Grundschule);489;223;266;39;31;8;
2023/24;08G14;Konrad-Agahd-Schule (Grundschule);260;127;133;24;16;8;
2023/24;08G15;Hermann-Sander-Schule (Grundschule);547;274;273;44;29;15;
2023/24;08G16;Hugo-Heimann-Schule (Grundschule);318;163;155;30;27;3;
2023/24;08G17;Richard-Schule (Grundschule);586;329;257;49;36;13;
2023/24;08G18;Eduard-Mörike-Schule (Grundschule);311;162;149;28;19;9;
2023/24;08G19;Herman-Nohl-Schule (Grundschule);530;267;263;50;36;14;
2023/24;08G20;Sonnen-Schule (Grundschule);333;167;166;34;20;14;
2023/24;08G21;Silberstein-Schule (Grundschule);343;161;182;29;20;9;
2023/24;08G22;Schule am Regenweiher (Grundschule);384;190;194;31;28;3;
2023/24;08G23;Zürich-Schule (Grundschule);380;191;189;33;31;2;
2023/24;08G24;Schule am Teltowkanal (Grundschule);373;190;183;38;30;8;
2023/24;08G25;Michael-Ende-Schule (Grundschule);451;234;217;36;32;4;
2023/24;08G26;Christoph-Ruden-Schule (Grundschule);298;152;146;28;21;7;
2023/24;08G27;Oskar-Heinroth-Schule (Grundschule);600;316;284;44;29;15;
2023/24;08G28;Matthias-Claudius-Schule (Grundschule);561;268;293;37;32;5;
2023/24;08G29;Wetzlar-Schule (Grundschule);420;221;199;34;29;5;
2023/24;08G30;Schule am Sandsteinweg (Grundschule);755;371;384;48;40;8;
2023/24;08G31;Janusz-Korczak-Schule (Grundschule);291;129;162;28;21;7;
2023/24;08G33;Schule am Fliederbusch (Grundschule);369;188;181;33;21;12;
2023/24;08G34;Lisa-Tetzner-Schule (Grundschule);414;190;224;36;26;10;
2023/24;08G35;Schule in der Köllnischen Heide (Grundschule);623;311;312;51;40;11;
2023/24;08G36;Löwenzahn-Schule (Grundschule);278;151;127;28;18;10;
2023/24;08G37;Rose-Oehmichen-Schule (Grundschule);303;143;160;26;22;4;
2023/24;08K01;Walter-Gropius-Schule (Gemeinschaftsschule);1085;528;557;104;72;32;
2023/24;08K02;Hermann-von-Helmholtz-Schule;833;387;446;79;50;29;
2023/24;08K03;Otto-Hahn-Schule;832;352;480;81;38;43;
2023/24;08K04;Heinrich-Mann-Schule;462;185;277;46;26;20;
2023/24;08K05;Clay-Schule;1120;557;563;108;63;45;
2023/24;08K06;Fritz-Karsen-Schule (Gemeinschaftsschule);1251;604;647;124;79;45;
2023/24;08K08;Gemeinschaftsschule auf dem Campus Rütli;973;469;504;109;71;38;
2023/24;08K09;Röntgen-Schule;409;201;208;42;30;12;
2023/24;08K10;Zuckmayer-Schule;402;197;205;40;26;14;
2023/24;08K11;Alfred-Nobel-Schule;539;233;306;52;31;21;
2023/24;08K12;Kepler-Schule;374;175;199;44;23;21;
2023/24;08K13;Gemeinschaftsschule Campus Efeuweg;740;344;396;75;54;21;
2023/24;08P01;Johann-Georg-Elser-Schule (Grundschule);65;30;35;7;4;3;
2023/24;08P02;Katholische Schule Sankt Marien (Grundschule);328;173;155;21;16;5;
2023/24;08P03;Evangelische Schule Neukölln (Integrierte Sekundarschule);893;461;432;80;47;33;
2023/24;08P04;Katholische Schule Sankt Marien;938;513;425;90;59;31;
2023/24;08P08;Cenfila gGmbH;120;80;40;8;8;0;
2023/24;08P09;MeineSchuleBerlin (Gemeinschaftsschule);37;20;17;10;5;5;
2023/24;08P10;Akademie Seehof GmbH - Private Berufsfachschule für Altenpflege;18;15;3;12;8;4;
2023/24;08P13;b-trend-setting gUG (haftungsbeschränkt) media & more;40;7;33;18;2;16;
2023/24;08P15;IB-Berlin-Brandenburg gGmbH - Medizinische Akademie Berlin;138;101;37;13;10;3;
2023/24;08P17;DAA - Deutsche Angestellten-Akademie GmbH;161;128;33;7;6;1;
2023/24;08S01;Adolf-Reichwein-Schule;156;59;97;33;24;9;
2023/24;08S04;Schule am Zwickauer Damm;229;93;136;38;19;19;
2023/24;08S05;Schule am Hasenhegerweg;93;36;57;24;16;8;
2023/24;08S06;Hans-Fallada-Schule;81;22;59;18;14;4;
2023/24;08S07;Schule am Bienwaldring;177;82;95;40;33;7;
2023/24;08S08;Schilling-Schule;272;99;173;67;51;16;
2023/24;08S09;Schule an der Windmühle;46;6;40;16;9;7;
2023/24;08Y01;Albrecht-Dürer-Gymnasium;648;345;303;56;33;23;
2023/24;08Y02;Albert-Schweitzer-Gymnasium;609;376;233;58;33;25;
2023/24;08Y03;Albert-Einstein-Gymnasium;1044;591;453;98;57;41;
2023/24;08Y04;Ernst-Abbe-Gymnasium;645;372;273;56;32;24;
2023/24;08Y05;Leonardo-da-Vinci-Gymnasium;754;379;375;62;40;22;
2023/24;08Y06;Hannah-Arendt-Gymnasium;812;443;369;60;42;18;
2023/24;09A05;Treptow-Kolleg;162;65;97;25;16;9;
2023/24;09A06;VHS Treptow-Köpenick;129;60;69;6;3;3;
2023/24;09A07;Flatow-Oberschule;264;95;169;36;24;12;
2023/24;09B03;Hermann-Scheer-Schule (OSZ Wirtschaft);1557;826;731;71;44;27;
2023/24;09G01;Bouché-Schule (Grundschule);657;326;331;48;38;10;
2023/24;09G03;Schule am Heidekampgraben (Grundschule);526;262;264;38;27;11;
2023/24;09G04;Sonnenblumen-Schule (Grundschule);429;218;211;29;22;7;
2023/24;09G05;Schule am Ginkobaum (Grundschule);628;313;315;45;35;10;
2023/24;09G06;Melli-Beese-Schule (Grundschule);482;226;256;34;27;7;
2023/24;09G07;Schule an der alten Feuerwache (Grundschule);629;313;316;46;36;10;
2023/24;09G09;Heide-Schule (Grundschule);500;247;253;44;35;9;
2023/24;09G10;Schule am Berg (Grundschule);640;334;306;35;33;2;
2023/24;09G11;Schule am Pegasuseck (Grundschule);478;245;233;37;29;8;
2023/24;09G13;Schule am Altglienicker Wasserturm (Grundschule);471;239;232;29;23;6;
2023/24;09G14;Schule am Buntzelberg (Grundschule);676;343;333;44;37;7;
2023/24;09G15;Schule am Mohnweg (Grundschule);635;314;321;42;33;9;
2023/24;09G16;Wendenschloß-Schule (Grundschule);461;205;256;30;27;3;
2023/24;09G17;Uhlenhorst-Grundschule;570;261;309;40;34;6;
2023/24;09G18;Schule in der Köllnischen Vorstadt (Grundschule);482;228;254;44;33;11;
2023/24;09G19;Amtsfeld-Schule (Grundschule);547;267;280;36;32;4;
2023/24;09G20;Müggelheimer Schule (Grundschule);396;176;220;27;22;5;
2023/24;09G21;Edison-Grundschule;452;223;229;55;46;9;
2023/24;09G22;Schule an der Wuhlheide (Grundschule);651;336;315;52;38;14;
2023/24;09G23;Hauptmann-von-Köpenick-Schule (Grundschule);512;253;259;32;25;7;
2023/24;09G24;Müggelsee-Schule (Grundschule);398;218;180;30;28;2;
2023/24;09G25;Müggelschlößchen-Schule (Grundschule);347;181;166;24;22;2;
2023/24;09G26;Schule an den Püttbergen (Grundschule);597;286;311;39;33;6;
2023/24;09G27;Friedrichshagener Schule (Grundschule);448;228;220;35;30;5;
2023/24;09G29;Schmöckwitzer Insel-Schule (Grundschule);275;129;146;17;14;3;
2023/24;09G30;Kiefholz-Grundschule;406;184;222;32;27;5;
2023/24;09G31;31. Schule (Grundschule);267;138;129;20;17;3;
2023/24;09G32;32. Schule (Grundschule);32;8;24;3;3;0;
2023/24;09K01;Merian-Schule (Integrierte Sekundarschule);1040;507;533;97;51;46;
2023/24;09K02;Anna-Seghers-Schule (Gemeinschaftsschule);1357;711;646;110;85;25;
2023/24;09K03;Fritz-Kühn-Schule (Integrierte Sekundarschule);429;193;236;34;14;20;
2023/24;09K04;Isaac-Newton-Schule (Integrierte Sekundarschule);451;219;232;42;28;14;
2023/24;09K05;Wilhelm-Bölsche-Schule (Integrierte Sekundarschule);528;229;299;46;26;20;
2023/24;09K06;Hans-Grade-Schule (Integrierte Sekundarschule);441;190;251;36;23;13;
2023/24;09K07;Sophie-Brahe-Gemeinschaftsschule;1132;519;613;91;56;35;
2023/24;09K08;Schule an der Dahme (Integrierte Sekundarschule);615;316;299;53;34;19;
2023/24;09K09;Grünauer Gemeinschaftsschule;1123;571;552;89;64;25;
2023/24;09P01;Freie Waldorfschule Berlin-Südost;402;223;179;4;2;2;
2023/24;09P05;Grone - Bildungszentren Berlin GmbH - gemeinnützig;52;36;16;13;8;5;
2023/24;09P06;Montessori Campus Berlin Köpenick (Gemeinschaftsschule);326;163;163;36;25;11;
2023/24;09P07;Evangelische Schule Köpenick (Gymnasium);615;354;261;3;1;2;
2023/24;09P09;BEST-Sabel-Oberschule;416;181;235;50;24;26;
2023/24;09P10;Bewegte Schule Köpenick (Grundschule);76;30;46;11;10;1;
2023/24;09P11;Berufsbildungszentrum Chemie;16;1;15;12;3;9;
2023/24;09P12;Mosaik-Grundschule;122;50;72;7;5;2;
2023/24;09P13;Evangelische Grundschule Friedrichshagen;268;137;131;21;18;3;
2023/24;09P15;W-I-R-Grundschule Pfefferwerk;138;67;71;12;10;2;
2023/24;09P16;KreativitätsGrundschule Berlin Treptow;174;88;86;15;9;6;
2023/24;09P18;Freie Interkulturelle Waldorfschule Berlin;258;135;123;26;18;8;
2023/24;09P20;Elisabeth-Schulen;439;293;146;33;25;8;
2023/24;09P21;NEWSchool (Integrierte Sekundarschule) (KEIN Schulbetrieb);0;0;0;0;0;0;
2023/24;09S03;Albatros-Schule;147;50;97;34;26;8;
2023/24;09S04;Ahorn-Schule;166;43;123;34;33;1;
2023/24;09S06;Schule am Wildgarten;176;70;106;27;21;6;
2023/24;09Y03;Archenhold-Gymnasium;732;314;418;64;40;24;
2023/24;09Y04;Anne-Frank-Gymnasium;892;451;441;74;41;33;
2023/24;09Y05;Alexander-von-Humboldt-Gymnasium;808;407;401;65;37;28;
2023/24;09Y06;Gerhart-Hauptmann-Gymnasium;791;451;340;64;45;19;
2023/24;09Y10;Gebrüder-Montgolfier-Gymnasium;917;547;370;74;42;32;
2023/24;09Y11;Emmy-Noether-Gymnasium;798;382;416;71;54;17;
2023/24;09Y12;12. Schule (Gymnasium);66;31;35;1;1;0;
2023/24;10A04;Victor-Klemperer-Kolleg;454;259;195;47;25;22;
2023/24;10B01;Oscar-Tietz-Schule (OSZ Handel II);1802;692;1110;71;54;17;
2023/24;10B02;Rahel-Hirsch-Schule (OSZ Gesundheit/Medizin);2176;1899;277;84;59;25;
2023/24;10G01;Paavo-Nurmi-Grundschule;409;195;214;28;20;8;
2023/24;10G03;Selma-Lagerlöf-Grundschule;445;212;233;33;27;6;
2023/24;10G04;Falken-Grundschule;332;177;155;30;23;7;
2023/24;10G05;Ebereschen-Grundschule;292;145;147;28;23;5;
2023/24;10G07;Karl-Friedrich-Friesen-Grundschule;521;262;259;34;28;6;
2023/24;10G08;Wilhelm-Busch-Grundschule;589;291;298;34;29;5;
2023/24;10G09;Grundschule am Bürgerpark;717;339;378;49;36;13;
2023/24;10G10;Peter-Pan-Grundschule;512;251;261;45;37;8;
2023/24;10G11;Grundschule an der Mühle;539;255;284;35;27;8;
2023/24;10G12;Grundschule an der Geißenweide;483;241;242;35;28;7;
2023/24;10G13;Johann-Strauss-Grundschule;682;324;358;52;45;7;
2023/24;10G14;Grundschule unter dem Regenbogen;803;372;431;66;52;14;
2023/24;10G16;Fuchsberg-Grundschule;720;354;366;57;49;8;
2023/24;10G17;Beatrix-Potter-Grundschule;664;320;344;41;34;7;
2023/24;10G18;Pusteblume-Grundschule;781;385;396;58;45;13;
2023/24;10G19;Bücherwurm-Schule am Weiher (Grundschule);630;286;344;46;35;11;
2023/24;10G22;Kolibri-Grundschule;860;421;439;61;49;12;
2023/24;10G25;Grundschule am Schleipfuhl;725;348;377;50;36;14;
2023/24;10G26;Friedrich-Schiller-Grundschule;405;197;208;30;25;5;
2023/24;10G28;Grundschule am Hollerbusch;778;391;387;51;42;9;
2023/24;10G29;Grundschule an der Wuhle;779;388;391;45;37;8;
2023/24;10G30;Mahlsdorfer Grundschule;563;260;303;39;35;4;
2023/24;10G31;Franz-Carl-Achard-Grundschule;392;187;205;28;25;3;
2023/24;10G32;Kiekemal-Schule (Grundschule);661;326;335;45;41;4;
2023/24;10G33;Ulmen-Grundschule;614;305;309;40;31;9;
2023/24;10G34;34. Schule (Grundschule);264;127;137;20;13;7;
2023/24;10G36;36. Schule (Grundschule);318;151;167;26;19;7;
2023/24;10K01;Rudolf-Virchow-Schule;1232;625;607;106;65;41;
2023/24;10K02;Ernst-Haeckel-Schule;886;426;460;74;48;26;
2023/24;10K03;Kerschensteiner-Schule;318;125;193;26;16;10;
2023/24;10K05;Jean-Piaget-Schule;557;240;317;47;30;17;
2023/24;10K06;Georg-Klingenberg-Schule;612;250;362;55;31;24;
2023/24;10K07;Caspar-David-Friedrich-Schule;486;299;187;45;32;13;
2023/24;10K08;Johann-Julius-Hecker-Schule;571;228;343;38;17;21;
2023/24;10K09;Konrad-Wachsmann-Schule;527;202;325;50;32;18;
2023/24;10K10;Wolfgang-Amadeus-Mozart-Schule (Gemeinschaftsschule);1132;525;607;104;63;41;
2023/24;10K11;Marcana-Schule (Gemeinschaftsschule);699;328;371;51;34;17;
2023/24;10K12;Gretel-Bergmann-Gemeinschaftsschule;1174;535;639;102;74;28;
2023/24;10K13;13. Schule (Integrierte Sekundarschule);589;279;310;58;33;25;
2023/24;10P03;Gesellschaft für Pflege- und Sozialberufe gGmbH;234;186;48;22;15;7;
2023/24;10P05;BEST-Sabel-Grundschule Mahlsdorf;353;155;198;28;24;4;
2023/24;10P09;Sabine-Ball-Grundschule;240;148;92;18;13;5;
2023/24;10P10;Internationale Lomonossow-Schule Berlin Marzahn (Gemeinschaftsschule);460;234;226;50;41;9;
2023/24;10P12;Freie Schule Berlin Mahlsdorf;165;86;79;20;12;8;
2023/24;10P13;BEST-Sabel-Grundschule Kaulsdorf;372;180;192;25;18;7;
2023/24;10P14;dreieins-Grundschule Berlin Kaulsdorf;181;102;79;5;3;2;
2023/24;10P19;DRK - Schule für soziale Berufe Berlin gGmbH;305;218;87;23;15;8;
2023/24;10P20;Chance Bildung, Jugend und Sport BJS gGmbH;85;64;21;11;6;5;
2023/24;10P21;D&B Dienstleistung und Bildung gGmbH;371;291;80;45;32;13;
2023/24;10P22;MANEGE gGmbH;41;21;20;12;3;9;
2023/24;10P23;dispo - Tf School of Social Work GmbH - Kein Schulbetrieb;0;0;0;0;0;0;
2023/24;10P24;Freie Grundschule Marzahn;67;35;32;7;6;1;
2023/24;10P25;miwa DEMOKRATISCHE SCHULE;22;8;14;2;1;1;
2023/24;10S04;Schule am Pappelhof;163;59;104;31;26;5;
2023/24;10S07;Schule am Rosenhain;311;112;199;52;38;14;
2023/24;10S08;Schule am Mummelsoll;152;49;103;33;28;5;
2023/24;10Y01;Tagore-Gymnasium;901;551;350;76;47;29;
2023/24;10Y02;Otto-Nagel-Gymnasium;945;506;439;73;40;33;
2023/24;10Y03;Wilhelm-von-Siemens-Gymnasium;871;413;458;71;45;26;
2023/24;10Y08;Sartre-Gymnasium;914;482;432;71;46;25;
2023/24;10Y11;Melanchthon-Gymnasium;1069;571;498;79;47;32;
2023/24;11A07;Schul- und Leistungssportzentrum Berlin (Sportforum);967;332;635;132;77;55;
2023/24;11B01;Hein-Moeller-Schule (OSZ Energietechnik II);1442;40;1402;61;14;47;
2023/24;11B02;Max-Taut-Schule (OSZ Gebäude, Umwelt, Technik);2311;162;2149;90;29;61;
2023/24;11B04;Friedrich-List-Schule (OSZ Büromanagement und Wirtschaftssprachen);1304;802;502;64;42;22;
2023/24;11G01;Sonnenuhr-Schule (Grundschule);390;185;205;26;19;7;
2023/24;11G02;Schule am Roederplatz (Grundschule);443;226;217;33;23;10;
2023/24;11G03;Schule im Gutspark (Grundschule);410;184;226;29;26;3;
2023/24;11G05;Schule auf dem lichten Berg (Grundschule);617;292;325;45;41;4;
2023/24;11G06;Adam-Ries-Schule (Grundschule);529;245;284;36;29;7;
2023/24;11G07;Hermann-Gmeiner-Schule (Grundschule);522;245;277;36;28;8;
2023/24;11G08;Robinson-Schule (Grundschule);344;155;189;29;19;10;
2023/24;11G09;Bürgermeister-Ziethen-Schule (Grundschule);666;343;323;49;32;17;
2023/24;11G10;Schule im Ostseekarree (Grundschule);522;261;261;43;33;10;
2023/24;11G11;Bernhard-Grzimek-Schule (Grundschule);458;228;230;36;26;10;
2023/24;11G12;Lew-Tolstoi-Schule (Grundschule);686;361;325;50;44;6;
2023/24;11G13;Karlshorster Schule (Grundschule);690;341;349;45;37;8;
2023/24;11G14;Richard-Wagner-Schule (Grundschule);554;270;284;42;33;9;
2023/24;11G16;Schule an der Victoriastadt (Grundschule);663;320;343;44;31;13;
2023/24;11G17;Brodowin-Schule (Grundschule);705;355;350;55;49;6;
2023/24;11G18;Schule am Wilhelmsberg (Grundschule);748;369;379;65;48;17;
2023/24;11G19;Obersee-Schule (Grundschule);398;191;207;27;24;3;
2023/24;11G21;Schule Am Faulen See (Grundschule);405;187;218;31;21;10;
2023/24;11G22;Martin-Niemöller-Grundschule;601;284;317;43;32;11;
2023/24;11G23;Friedrichsfelder Schule (Grundschule);398;197;201;35;28;7;
2023/24;11G25;Schule am Wäldchen (Grundschule);498;285;213;32;28;4;
2023/24;11G26;Randow-Schule (Grundschule);428;207;221;35;30;5;
2023/24;11G28;Feldmark-Schule (Grundschule);665;336;329;47;30;17;
2023/24;11G29;Matibi-Schule (Grundschule);777;391;386;55;42;13;
2023/24;11G31;Schmetterlings-Grundschule;385;174;211;25;17;8;
2023/24;11G32;Hans-Rosenthal-Grundschule;503;249;254;37;28;9;
2023/24;11G33;Gerda-Lagerlöf-Grundschule;179;90;89;10;8;2;
2023/24;11G34;Orankesee Schule (Grundschule);491;251;240;31;28;3;
2023/24;11G35;Grundschule am Tränkegraben;466;210;256;32;24;8;
2023/24;11G36;Phönix-Grundschule  ;322;167;155;21;17;4;
2023/24;11G37;Seepark-Grundschule;222;108;114;15;13;2;
2023/24;11G38;38. Schule (Grundschule) ;186;96;90;16;14;2;
2023/24;11G39;39. Schule (Grundschule);79;38;41;10;9;1;
2023/24;11K01;Alexander-Puschkin-Schule;468;250;218;48;32;16;
2023/24;11K02;Mildred-Harnack-Schule;913;462;451;77;50;27;
2023/24;11K04;Gutenberg-Schule;1003;524;479;92;59;33;
2023/24;11K05;Fritz-Reuter-Schule;839;400;439;77;43;34;
2023/24;11K06;Schule am Rathaus;396;175;221;34;24;10;
2023/24;11K07;Vincent-van-Gogh-Schule (Integrierte Sekundarschule);747;343;404;67;47;20;
2023/24;11K08;Schule-am-Tierpark (Integrierte Sekundarschule);718;329;389;63;34;29;
2023/24;11K09;Philipp-Reis-Schule (Integrierte Sekundarschule);689;303;386;54;31;23;
2023/24;11K10;Grüner Campus Malchow (Gemeinschaftsschule);1731;829;902;156;108;48;
2023/24;11K11;Paul-Schmidt-Schule (Integrierte Sekundarschule);647;297;350;59;39;20;
2023/24;11K12;Paul-und-Charlotte-Kniese-Schule (Gemeinschaftsschule);957;431;526;82;55;27;
2023/24;11K13;13. Schule (Integrierte Sekundarschule);257;121;136;22;11;11;
2023/24;11K14;14. Schule (Integrierte Sekundarschule);328;161;167;30;18;12;
2023/24;11P01;Katholische Schule Sankt Mauritius (Grundschule);154;73;81;11;9;2;
2023/24;11P02;bbw Akademie für Betriebswirtschaftliche Weiterbildung GmbH;258;150;108;24;17;7;
2023/24;11P03;Evangelische Schule Lichtenberg (Grundschule);280;143;137;22;18;4;
2023/24;11P04;KreativitätsGrundschule Berlin Lichtenberg;328;153;175;30;25;5;
2023/24;11P14;Schulen der BAWI gGmbH;152;119;33;20;13;7;
2023/24;11P15;Donner + Kern gGmbH;140;101;39;19;12;7;
2023/24;11P17;Pädalogik GmbH - Fachschule für Sozialpädagogik;139;104;35;12;10;2;
2023/24;11P18;Akademie für berufliche Bildung (AFBB) gGmbH;598;222;376;35;19;16;
2023/24;11P19;Semper Fachschulen gGmbH;263;198;65;21;10;11;
2023/24;11P21;Grundschule am Campus Hedwig;17;3;14;4;2;2;
2023/24;11S02;Schule am Fennpfuhl;126;56;70;19;19;0;
2023/24;11S04;Paul-und-Charlotte-Kniese-Schule;59;29;30;14;12;2;
2023/24;11S05;Schule am grünen Grund;104;56;48;21;14;7;
2023/24;11S06;Selma-Lagerlöf-Schule;176;56;120;26;25;1;
2023/24;11S07;Carl-von-Linné-Schule;320;144;176;78;63;15;
2023/24;11S08;Schule Am Breiten Luch;216;91;125;32;20;12;
2023/24;11S12;Nils-Holgersson-Schule;215;70;145;44;34;10;
2023/24;11Y02;Johann-Gottfried-Herder-Gymnasium;989;653;336;83;50;33;
2023/24;11Y05;Hans-und-Hilde-Coppi-Gymnasium;742;412;330;68;42;26;
2023/24;11Y09;Barnim-Gymnasium;1181;665;516;100;68;32;
2023/24;11Y10;Manfred-von-Ardenne-Gymnasium;863;464;399;70;42;28;
2023/24;11Y11;Immanuel-Kant-Gymnasium;870;364;506;77;46;31;
2023/24;12B01;Georg-Schlesinger-Schule (OSZ Maschinen- und Fertigungstechnik);1624;161;1463;70;26;44;
2023/24;12B02;Emil-Fischer-Schule (OSZ Ernährung und Lebensmitteltechnik);1452;726;726;102;60;42;
2023/24;12B03;Ernst-Litfaß-Schule (OSZ Mediengestaltung und Medientechnologie);922;382;540;70;33;37;
2023/24;12G01;Havelmüller-Grundschule;354;173;181;28;24;4;
2023/24;12G02;Grundschule am Schäfersee;448;215;233;40;32;8;
2023/24;12G03;Reginhard-Grundschule;414;205;209;29;23;6;
2023/24;12G04;Till-Eulenspiegel-Grundschule;494;245;249;36;28;8;
2023/24;12G05;Kolumbus-Grundschule;710;363;347;51;43;8;
2023/24;12G06;Hausotter-Grundschule;577;272;305;41;35;6;
2023/24;12G07;Mark-Twain-Grundschule;554;279;275;42;34;8;
2023/24;12G09;Grundschule an der Peckwisch;594;300;294;52;42;10;
2023/24;12G10;Peter-Witte-Grundschule;410;177;233;29;21;8;
2023/24;12G11;Ringelnatz-Grundschule;366;182;184;30;23;7;
2023/24;12G12;Borsigwalder Grundschule;556;235;321;35;26;9;
2023/24;12G13;Franz-Marc-Grundschule;441;226;215;37;30;7;
2023/24;12G14;Alfred-Brehm-Grundschule;403;210;193;33;26;7;
2023/24;12G15;Hoffmann-von-Fallersleben-Grundschule;397;194;203;33;29;4;
2023/24;12G17;Ellef-Ringnes-Grundschule;385;188;197;28;24;4;
2023/24;12G18;Grundschule am Tegelschen Ort;373;182;191;27;22;5;
2023/24;12G19;Münchhausen-Grundschule;417;194;223;34;28;6;
2023/24;12G20;Grundschule am Vierrutenberg;481;235;246;32;28;4;
2023/24;12G21;Grundschule am Fließtal;415;197;218;35;30;5;
2023/24;12G22;Gustav-Dreyer-Grundschule;483;239;244;32;27;5;
2023/24;12G23;Victor-Gollancz-Grundschule;472;214;258;42;34;8;
2023/24;12G24;Renée-Sintenis-Grundschule;451;232;219;30;28;2;
2023/24;12G26;Märkische Grundschule;480;237;243;42;33;9;
2023/24;12G27;Chamisso-Grundschule;522;258;264;52;46;6;
2023/24;12G28;Grundschule in den Rollbergen;371;183;188;37;30;7;
2023/24;12G29;Hermann-Schulz-Grundschule;398;178;220;38;27;11;
2023/24;12G30;Reineke-Fuchs-Grundschule;476;248;228;36;34;2;
2023/24;12G32;Charlie-Chaplin-Grundschule;469;214;255;43;34;9;
2023/24;12G33;Lauterbach-Grundschule;527;261;266;49;39;10;
2023/24;12G34;Otfried-Preußler-Grundschule;650;296;354;47;42;5;
2023/24;12K01;Julius-Leber-Schule;416;150;266;40;27;13;
2023/24;12K02;Bettina-von-Arnim-Schule;1279;741;538;134;86;48;
2023/24;12K03;Max-Beckmann-Schule (Integrierte Sekundarschule);982;564;418;100;64;36;
2023/24;12K04;Paul-Löbe-Schule;589;252;337;71;44;27;
2023/24;12K05;Gustav-Freytag-Schule (Integrierte Sekundarschule);450;213;237;41;26;15;
2023/24;12K06;Benjamin-Franklin-Schule (Integrierte Sekundarschule);440;194;246;46;28;18;
2023/24;12K07;Jean-Krämer-Schule (Integrierte Sekundarschule) Wittenau;524;224;300;57;32;25;
2023/24;12K09;Carl-Benz-Schule (Integrierte Sekundarschule);433;160;273;42;25;17;
2023/24;12K10;Carl-Bosch-Schule;406;164;242;39;22;17;
2023/24;12K11;Albrecht-Haushofer-Schule;543;191;352;50;30;20;
2023/24;12K12;Campus Hannah Höch (Gemeinschaftsschule);670;315;355;66;47;19;
2023/24;12P02;Waldorfschule Märkisches Viertel Berlin;442;233;209;44;29;15;
2023/24;12P03;Evangelische Schule Frohnau;686;354;332;57;37;20;
2023/24;12P04;Katholische Schule Salvator;1151;639;512;100;71;29;
2023/24;12P06;Elisabethstift-Schule (Gemeinschaftsschule);61;26;35;19;15;4;
2023/24;12P07;Private Goethe-Schulen;278;139;139;32;25;7;
2023/24;12P10;Demokratische Schule X (Gemeinschaftsschule);92;42;50;10;3;7;
2023/24;12P11;Alternativschule Berlin (Gemeinschaftsschule);141;74;67;12;5;7;
2023/24;12P13;Euro Akademie Berlin;387;276;111;44;32;12;
2023/24;12P14;Montessori Campus am Tegeler Forst;242;113;129;29;20;9;
2023/24;12P15;EJF - Fachschule für soziale Berufe;87;54;33;7;7;0;
2023/24;12P18;RENAFAN Akademie gGmbH;0;0;0;0;0;0;
2023/24;12P19;APEGO-Schule Berlin (Gemeinschaftsschule);72;28;44;9;7;2;
2023/24;12P22;Mosaik Fachschule für Sozialpädagogik;55;40;15;9;8;1;
2023/24;12P23;Eventus - Fachschule für Sozialpädagogik;92;68;24;2;1;1;
2023/24;12P24;G.A.L.B Förderung gGmbH;371;262;109;8;7;1;
2023/24;12P25;Elisabethstift-Schule;58;30;28;19;15;4;
2023/24;12P26;Fachschule für Sozialpädagogik am Elisabethstift Berlin;24;17;7;2;2;0;
2023/24;12S01;Stötzner-Schule;107;41;66;22;15;7;
2023/24;12S02;Richard-Keller-Schule;51;15;36;9;7;2;
2023/24;12S03;Lauterbach-Schule;99;39;60;18;14;4;
2023/24;12S04;Schule am Park;203;86;117;39;33;6;
2023/24;12S05;Waldseeschule;121;29;92;31;23;8;
2023/24;12S06;Toulouse-Lautrec-Schule;166;53;113;44;35;9;
2023/24;12Y01;Friedrich-Engels-Gymnasium;932;523;409;84;52;32;
2023/24;12Y02;Europäisches Gymnasium Bertha-von-Suttner;1182;662;520;97;67;30;
2023/24;12Y03;Humboldt-Gymnasium;1116;491;625;120;65;55;
2023/24;12Y04;Gabriele-von-Bülow-Gymnasium;988;530;458;84;54;30;
2023/24;12Y05;Georg-Herwegh-Gymnasium;938;470;468;76;51;25;
2023/24;12Y06;Schulfarm Insel Scharfenberg;430;226;204;42;24;18;
2023/24;12Y07;Romain-Rolland-Gymnasium;1060;559;501;81;48;33;
2023/24;12Y08;Thomas-Mann-Gymnasium;915;496;419;79;36;43;
