schulnummer,Schulform,Schulbezeichnung_1,Schulbezeichnung_2,Schulbezeichnung_3,kurzbezeichnung,Bezirksregierung,plz,ort,strasse,Telefonvorwahl,Telefon,Faxvorwahl,Fax,email,website,Rechtsform,Traegernummer,gemeindeschluessel,Schulbetriebsschluessel,Schulbetriebsdatum,EPSG,UTMRechtswert,UTMHochwert,Unnamed: 24,latitude,longitude,schulform_name,traegerschaft,bezirksregierung_name,schulname,telefon,stadt,data_source,data_retrieved,bundesland,sozialindexstufe,school_type,is_cross_grade,cross_grade_note
100010,20,Gymnasium Claudia Agrippina Privat,schule als priv.Ersatzsch. d. Sek.I u.II,d. CAPS Privatschu gGmbH,"Köln, Gym Gymnasium Claudia Agrippina",3,50933,Köln,Stolberger Str. 112,221.0,37996433.0,221.0,37990671.0,100010@schule.nrw.de,http://www.claudia-agrippina-privatschule.de,2,83150,5315000,1,01.08.2016,EPSG:25832,352258,5645500,,50.942172,6.897017,Gymnasium,Privat,Köln,Gymnasium Claudia Agrippina Privat schule als priv.Ersatzsch. d. Sek.I u.II d. CAPS Privatschu gGmbH,22137996433.0,Köln,Schulministerium NRW Open Data,2026-02-17,Nordrhein-Westfalen,,Gymnasium,,
100015,20,Städt. Wim-Wenders-Gymnasium,Sekundarstufe I und II,,"Düsseldorf, Gym Wim-Wenders",1,40227,Düsseldorf,Schmiedestr. 25,211.0,8924260.0,211.0,8929604.0,100015@schule.nrw.de,https://ww-gym.de,1,10042,5111000,1,01.08.2017,EPSG:25832,346741,5675559,,51.210836,6.805804,Gymnasium,Öffentlich,Düsseldorf,Städt. Wim-Wenders-Gymnasium Sekundarstufe I und II,2118924260.0,Düsseldorf,Schulministerium NRW Open Data,2026-02-17,Nordrhein-Westfalen,4.0,Gymnasium,,
100036,15,Gesamtschule Helios,,,"Köln, GE Gesamtschule Helios",3,50823,Köln,Overbeckstr. 71-73,221.0,35589980.0,221.0,500558519.0,100036@schule.nrw.de,https://heliosschule.de/,1,10182,5315000,1,01.08.2018,EPSG:25832,354462,5646933,,50.95561,6.927795,Gesamtschule,Öffentlich,Köln,Gesamtschule Helios,22135589980.0,Köln,Schulministerium NRW Open Data,2026-02-17,Nordrhein-Westfalen,3.0,Gesamtschule,,
100040,20,Gymnasium Neue Sandkaul,,,"Köln, Gym Neue Sandkaul",3,50859,Köln,Neue Sandkaul 29,221.0,22135320.0,,,100040@schule.nrw.de,https://gymnasium-neue-sandkaul.de/,1,10182,5315000,1,01.08.2018,EPSG:25832,348232,5647911,,50.962792,6.838749,Gymnasium,Öffentlich,Köln,Gymnasium Neue Sandkaul,22122135320.0,Köln,Schulministerium NRW Open Data,2026-02-17,Nordrhein-Westfalen,2.0,Gymnasium,,
100041,15,Gesamtschule Wasseramselweg,der Stadt Köln,- Sekundarstufen I und II -,"Köln, GE Wasseramselweg",3,50829,Köln,Wasseramselweg 2,221.0,22135380.0,221.0,22135378.0,100041@schule.nrw.de,http://www.gesamtschule-wasseramselweg.de,1,10182,5315000,1,01.08.2018,EPSG:25832,351003,5646460,,50.950476,6.878774,Gesamtschule,Öffentlich,Köln,Gesamtschule Wasseramselweg der Stadt Köln - Sekundarstufen I und II -,22122135380.0,Köln,Schulministerium NRW Open Data,2026-02-17,Nordrhein-Westfalen,4.0,Gesamtschule,,
100068,15,Gesamtschule Berrenrather Straße,der Stadt Köln,- Sekundarstufen I und II -,"Köln, GE Berrenrather Straße",3,50937,Köln,Berrenrather Str. 488,221.0,28550626.0,221.0,4302383.0,100068@schule.nrw.de,https://www.ge-lindenthal.de,1,10182,5315000,1,01.08.2019,EPSG:25832,353288,5641605,,50.907432,6.913235,Gesamtschule,Öffentlich,Köln,Gesamtschule Berrenrather Straße der Stadt Köln - Sekundarstufen I und II -,22128550626.0,Köln,Schulministerium NRW Open Data,2026-02-17,Nordrhein-Westfalen,4.0,Gesamtschule,,
100071,15,Gesamtschule Dellbrücker Mauspfad,- Sekundarstufe I und II -,,"Köln, GE Dellbrücker Mauspfad",3,51069,Köln,Dellbrücker Mauspfad 198-200,221.0,938500448.0,221.0,938500495.0,100071@schule.nrw.de,https://ge-dellbrueck.de/,1,10182,5315000,1,01.08.2019,EPSG:25832,364375,5648276,,50.970098,7.068349,Gesamtschule,Öffentlich,Köln,Gesamtschule Dellbrücker Mauspfad - Sekundarstufe I und II -,221938500448.0,Köln,Schulministerium NRW Open Data,2026-02-17,Nordrhein-Westfalen,4.0,Gesamtschule,,
100145,20,Städt. Gymnasium Zusestraße,,,"Köln, Gym Zusestraße",3,50859,Köln,Zusestr. 47,221.0,22134810.0,,,100145@schule.nrw.de,https://gymnasium-zusestrasse.de/,1,10182,5315000,1,01.08.2022,EPSG:25832,348169,5646617,,50.951147,6.838392,Gymnasium,Öffentlich,Köln,Städt. Gymnasium Zusestraße,22122134810.0,Köln,Schulministerium NRW Open Data,2026-02-17,Nordrhein-Westfalen,2.0,Gymnasium,,
100147,20,Stadt Köln,Gymnasium Müngersdorf,Sekundarstufen I und II,"Köln, Gym Müngersdorf",3,50933,Köln,Aachener Str. 744 - 750,221.0,22136620.0,221.0,22136643.0,100147@schule.nrw.de,https://www.gymnasium-aachener-str.de,1,10182,5315000,1,01.08.2022,,350995,5645088,,50.938144,6.879221,Gymnasium,Öffentlich,Köln,Stadt Köln Gymnasium Müngersdorf Sekundarstufen I und II,22122136620.0,Köln,Schulministerium NRW Open Data,2026-02-17,Nordrhein-Westfalen,2.0,Gymnasium,,
100169,15,Freie Naturschulen Köln - Gesamtschule,Staatl. gen. priv. Ersatzschule als,Gesamtschule d. Vivimos gUG i. Aufbau,"Köln, GE Freie Naturschulen",3,50996,Köln,An der Wachsfabrik 25,2236.0,8846800.0,,,100169@schule.nrw.de,http://www.freie-naturschulen-koeln.com/Unsere-Schulen/Gesamtschule/,2,10041,5315000,1,10.08.2022,,359211,5637187,,50.869201,6.999128,Gesamtschule,Privat,Köln,Freie Naturschulen Köln - Gesamtschule Staatl. gen. priv. Ersatzschule als Gesamtschule d. Vivimos gUG i. Aufbau,22368846800.0,Köln,Schulministerium NRW Open Data,2026-02-17,Nordrhein-Westfalen,,Gesamtschule,,
100185,15,Élise Freinet Gesamtschule,Schule der Sekundarstufe I + II,,"Düsseldorf, GE Élise Freinet",1,40549,Düsseldorf,Aldekerkstr. 23,211.0,89924994.0,,,100185@schule.nrw.de,https://www.elise-freinet-gesamtschule.de,1,10042,5111000,1,01.08.2024,,339896,5678226,,51.232921,6.706696,Gesamtschule,Öffentlich,Düsseldorf,Élise Freinet Gesamtschule Schule der Sekundarstufe I + II,21189924994.0,Düsseldorf,Schulministerium NRW Open Data,2026-02-17,Nordrhein-Westfalen,5.0,Gesamtschule,,
100186,10,Städtische Realschule Borbecker Straße,,,"Düsseldorf, RS Borbecker Straße",1,40472,Düsseldorf,Borbecker Str. 25,211.0,8993022.0,,,100186@schule.nrw.de,https://www.borbecker-x.de/,1,10042,5111000,1,01.08.2024,,346030,5682418,,51.272276,6.792683,Realschule,Öffentlich,Düsseldorf,Städtische Realschule Borbecker Straße,2118993022.0,Düsseldorf,Schulministerium NRW Open Data,2026-02-17,Nordrhein-Westfalen,6.0,Realschule,,
100187,20,Städt. Gymnasium Bernburger Straße,,,"Düsseldorf, Gym Bernburger Straße",1,40229,Düsseldorf,Bernburger Str. 44,211.0,8928258.0,,,100187@schule.nrw.de,https://gy-bernburger-str.eschool.de/,1,10042,5111000,1,01.08.2024,,348822,5674329,,51.200338,6.836093,Gymnasium,Öffentlich,Düsseldorf,Städt. Gymnasium Bernburger Straße,2118928258.0,Düsseldorf,Schulministerium NRW Open Data,2026-02-17,Nordrhein-Westfalen,3.0,Gymnasium,,
100205,20,Gymnasium Nippes,im Toni-Steingass-Park,,"Köln, Gym Nippes",3,50733,Köln,Henner-Berzau-Weg 3,221.0,22136490.0,,,100205@schule.nrw.de,https://www.gymnasium-steingasspark.de/,1,10182,5315000,1,01.08.2024,,356546,5648550,,50.970664,6.956809,Gymnasium,Öffentlich,Köln,Gymnasium Nippes im Toni-Steingass-Park,22122136490.0,Köln,Schulministerium NRW Open Data,2026-02-17,Nordrhein-Westfalen,5.0,Gymnasium,,
100206,20,Gymnasium Rondorf,,,"Köln, Gym Rondorf",3,50999,Köln,Eygelshovener Str.,221.0,22136480.0,,,100206@schule.nrw.de,https://www.gymnasium-rondorf.de/,1,10182,5315000,1,01.08.2024,,359855,5638066,,50.877257,7.007937,Gymnasium,Öffentlich,Köln,Gymnasium Rondorf,22122136480.0,Köln,Schulministerium NRW Open Data,2026-02-17,Nordrhein-Westfalen,3.0,Gymnasium,,
100208,15,Sieben Brücken Schule (Gesamtschule),Staatl. genehmigte Ersatzschule i.Aufbau,d. Bildungscampus Siebenbrücken gGmbH,"Köln, GE Sieben Brücken Schule",3,50859,Köln,Ottostr. 1,2234.0,93748710.0,,,100208@schule.nrw.de,https://www.7bruecken.com/,2,10048,5315000,1,23.10.2023,,348261,5646230,,50.947693,6.839862,Gesamtschule,Privat,Köln,Sieben Brücken Schule (Gesamtschule) Staatl. genehmigte Ersatzschule i.Aufbau d. Bildungscampus Siebenbrücken gGmbH,223493748710.0,Köln,Schulministerium NRW Open Data,2026-02-17,Nordrhein-Westfalen,,Gesamtschule,,
100210,15,Gesamtschule Am Wassermann,,,"Köln, GE Am Wassermann",3,50829,Köln,Am Wassermann 40,221.0,22136470.0,,,100210@schule.nrw.de,https://www.amwassermann.de/,1,10182,5315000,1,01.08.2024,,350877,5646322,,50.949203,6.877038,Gesamtschule,Öffentlich,Köln,Gesamtschule Am Wassermann,22122136470.0,Köln,Schulministerium NRW Open Data,2026-02-17,Nordrhein-Westfalen,5.0,Gesamtschule,,
100211,15,Gesamtschule Weidenpesch,,,"Köln, GE Weidenpesch",3,50739,Köln,Escher Str. 279,221.0,22136460.0,221.0,22136469.0,100211@schule.nrw.de,https://www.gesamtschule-weidenpesch.de,1,10182,5315000,1,01.08.2024,,354214,5648688,,50.971319,6.923563,Gesamtschule,Öffentlich,Köln,Gesamtschule Weidenpesch,22122136460.0,Köln,Schulministerium NRW Open Data,2026-02-17,Nordrhein-Westfalen,5.0,Gesamtschule,,
100212,15,Gesamtschule Ossendorf,,,"Köln, GE Ossendorf",3,50829,Köln,Am Wassermann 40,221.0,22136450.0,,,100212@schule.nrw.de,https://gesamtschule-ossendorf.de,1,10182,5315000,1,01.08.2024,,350877,5646322,,50.949203,6.877038,Gesamtschule,Öffentlich,Köln,Gesamtschule Ossendorf,22122136450.0,Köln,Schulministerium NRW Open Data,2026-02-17,Nordrhein-Westfalen,6.0,Gesamtschule,,
100219,15,Erzbischöfliche Gesamtschule am,Bildungscampus Köln-Kalk,in Köln im Aufbau,"Köln, GE Erzbischöfliche Gesamtschule",3,51103,Köln,Christian-Sünner-Str. 5,221.0,22211511.0,,,100219@schule.nrw.de,,2,71110,5315000,1,01.08.2024,,360142,5644488,,50.935043,7.009553,Gesamtschule,Privat,Köln,Erzbischöfliche Gesamtschule am Bildungscampus Köln-Kalk in Köln im Aufbau,22122211511.0,Köln,Schulministerium NRW Open Data,2026-02-17,Nordrhein-Westfalen,,Gesamtschule,,
100231,20,Gymnasium Neustadt-Nord,,,"Köln, Gym Neustadt-Nord",3,50678,Köln,Ubierring 45,221.0,47441050.0,,,100231@schule.nrw.de,https://www.gymnasium-neustadt-nord.de,1,10182,5315000,1,01.08.2025,,356957,5643168,,50.922399,6.964773,Gymnasium,Öffentlich,Köln,Gymnasium Neustadt-Nord,22147441050.0,Köln,Schulministerium NRW Open Data,2026-02-17,Nordrhein-Westfalen,,Gymnasium,,
100233,20,Gymnasium Brügelmannstraße,,,"Köln, Gym Brügelmannstraße",3,50679,Köln,Brügelmannstr. 10,,,,,100233@schule.nrw.de,,1,10182,5315000,1,01.08.2025,,358410,5645454,,50.943302,6.984545,Gymnasium,Öffentlich,Köln,Gymnasium Brügelmannstraße,,Köln,Schulministerium NRW Open Data,2026-02-17,Nordrhein-Westfalen,,Gymnasium,,
100235,15,Gesamtschule Kalk,,,"Köln, GE Kalk",3,50679,Köln,Brügelmannstr. 10,,,,,100235@schule.nrw.de,,1,10182,5315000,1,01.08.2025,,358410,5645454,,50.943302,6.984545,Gesamtschule,Öffentlich,Köln,Gesamtschule Kalk,,Köln,Schulministerium NRW Open Data,2026-02-17,Nordrhein-Westfalen,,Gesamtschule,,
136281,4,Städt. Gem. Hauptschule,,,"Düsseldorf, GH Graf-Recke-Str.",1,40235,Düsseldorf,Graf-Recke-Str. 230,211.0,8923060.0,211.0,8929659.0,136281@schule.nrw.de,https://duesselrecken.de/,1,10042,5111000,1,01.08.1973,EPSG:25832,348067,5679439,,51.246055,6.823128,Hauptschule,Öffentlich,Düsseldorf,Städt. Gem. Hauptschule,2118923060.0,Düsseldorf,Schulministerium NRW Open Data,2026-02-17,Nordrhein-Westfalen,7.0,Hauptschule,,
136323,4,Städtische Katholische Hauptschule,,,"Düsseldorf, KH Itterstr.",1,40589,Düsseldorf,Itterstr. 16,211.0,8924721.0,211.0,8924735.0,136323@schule.nrw.de,http://www.khs-itterstrasse.de,1,10042,5111000,1,01.08.1973,EPSG:25832,348372,5671509,,51.174879,6.830847,Hauptschule,Öffentlich,Düsseldorf,Städtische Katholische Hauptschule,2118924721.0,Düsseldorf,Schulministerium NRW Open Data,2026-02-17,Nordrhein-Westfalen,9.0,Hauptschule,,
136359,4,Dumont-Lindemann-Schule,Städt. Gem. Hauptschule,,"Düsseldorf, GH Dumont-Lindemann",1,40215,Düsseldorf,Weberstr. 3,211.0,8923130.0,211.0,8929626.0,136359@schule.nrw.de,http://www.dumont-lindemann-schule.de,1,10042,5111000,1,01.08.1973,EPSG:25832,344892,5675508,,51.209879,6.779375,Hauptschule,Öffentlich,Düsseldorf,Dumont-Lindemann-Schule Städt. Gem. Hauptschule,2118923130.0,Düsseldorf,Schulministerium NRW Open Data,2026-02-17,Nordrhein-Westfalen,8.0,Hauptschule,,
136384,4,Schule am Eller Forst,Städt. Gemeinschaftshauptschule,,"Düsseldorf, GH Schule am Eller Forst",1,40627,Düsseldorf,Vennhauser Allee 167,211.0,8997660.0,211.0,8929344.0,136384@schule.nrw.de,http://www.ghs-bernburger.de,1,10042,5111000,1,01.08.1973,EPSG:25832,350373,5674935,,51.206192,6.858024,Hauptschule,Öffentlich,Düsseldorf,Schule am Eller Forst Städt. Gemeinschaftshauptschule,2118997660.0,Düsseldorf,Schulministerium NRW Open Data,2026-02-17,Nordrhein-Westfalen,8.0,Hauptschule,,
136440,4,St.-Benedikt-Schule,Städt. Kath. Hauptschule,,"Düsseldorf, KH St.-Benedikt-Schule",1,40210,Düsseldorf,Charlottenstr. 110,211.0,8992875.0,211.0,8929353.0,136440@schule.nrw.de,http://www.st-benedikt-schule.de,1,10042,5111000,1,01.08.1973,EPSG:25832,345713,5677037,,51.22384,6.790462,Hauptschule,Öffentlich,Düsseldorf,St.-Benedikt-Schule Städt. Kath. Hauptschule,2118992875.0,Düsseldorf,Schulministerium NRW Open Data,2026-02-17,Nordrhein-Westfalen,8.0,Hauptschule,,
136505,4,Städtische Gemeinschaftshauptschule,Benrath,- Sekundarstufe I -,"Düsseldorf, GH Benrath",1,40597,Düsseldorf,Melanchthonstr. 2,211.0,8921828.0,,,136505@schule.nrw.de,http://www.ghs-benrath.de,1,10042,5111000,1,01.08.1973,EPSG:25832,350909,5670539,,51.16683,6.867516,Hauptschule,Öffentlich,Düsseldorf,Städtische Gemeinschaftshauptschule Benrath - Sekundarstufe I -,2118921828.0,Düsseldorf,Schulministerium NRW Open Data,2026-02-17,Nordrhein-Westfalen,9.0,Hauptschule,,
136566,4,Wilhelm-Ferdinand-Schüßler-Tagesschule,Städt. Gemeinschaftshauptschule,Sekundarstufe I,"Düsseldorf, GH Rather Kreuzweg",1,40472,Düsseldorf,Rather Kreuzweg 21,211.0,8992881.0,211.0,8929305.0,136566@schule.nrw.de,http://wfs-tagesschule.de/,1,10042,5111000,1,01.08.1973,EPSG:25832,347071,5681331,,51.262789,6.80806,Hauptschule,Öffentlich,Düsseldorf,Wilhelm-Ferdinand-Schüßler-Tagesschule Städt. Gemeinschaftshauptschule Sekundarstufe I,2118992881.0,Düsseldorf,Schulministerium NRW Open Data,2026-02-17,Nordrhein-Westfalen,9.0,Hauptschule,,
140843,4,Kurt-Tucholsky-Schule,Städt. Gem. Hauptschule,,"Köln, GH Kurt-Tucholsky-Schule",3,51109,Köln,Helene-Weber-Platz 3-5,221.0,33779930.0,221.0,337799321.0,140843@schule.nrw.de,http://www.kths-koeln.de/,1,10182,5315000,1,01.08.1973,EPSG:25832,363517,5644402,,50.935079,7.057589,Hauptschule,Öffentlich,Köln,Kurt-Tucholsky-Schule Städt. Gem. Hauptschule,22133779930.0,Köln,Schulministerium NRW Open Data,2026-02-17,Nordrhein-Westfalen,9.0,Hauptschule,,
140867,4,Städt. Gem. Hauptschule,Bilderstöckchen,,"Köln, GH Bilderstöckchen",3,50739,Köln,Reutlinger Str. 49,221.0,33759240.0,221.0,337592430.0,140867@schule.nrw.de,https://ghsbilderstoeckchen.koeln/,1,10182,5315000,1,01.08.1973,EPSG:25832,354853,5648368,,50.968605,6.932785,Hauptschule,Öffentlich,Köln,Städt. Gem. Hauptschule Bilderstöckchen,22133759240.0,Köln,Schulministerium NRW Open Data,2026-02-17,Nordrhein-Westfalen,8.0,Hauptschule,,
140879,4,Ursula-Kuhr-Schule,Städt. Gem. Hauptschule,,"Köln, GH Ursula-Kuhr-Schule",3,50767,Köln,Volkhovener Weg 140,221.0,5704320.0,221.0,57043222.0,140879@schule.nrw.de,http://www.ursula-kuhr-schule.de,1,10182,5315000,1,01.08.1973,EPSG:25832,352524,5652811,,51.00794,6.897836,Hauptschule,Öffentlich,Köln,Ursula-Kuhr-Schule Städt. Gem. Hauptschule,2215704320.0,Köln,Schulministerium NRW Open Data,2026-02-17,Nordrhein-Westfalen,6.0,Hauptschule,,
140892,4,Adolph-Kolping-Schule,Städt. Kath. Hauptschule,,"Köln, KH Adolph-Kolping-Schule",3,51103,Köln,Falckensteinstr. 34,221.0,9658350.0,221.0,8903132.0,140892@schule.nrw.de,http://akskoeln.de,1,10182,5315000,1,01.08.1973,EPSG:25832,359885,5645524,,50.944291,7.0055,Hauptschule,Öffentlich,Köln,Adolph-Kolping-Schule Städt. Kath. Hauptschule,2219658350.0,Köln,Schulministerium NRW Open Data,2026-02-17,Nordrhein-Westfalen,9.0,Hauptschule,,
140909,4,Städtische Katholische Hauptschule,,,"Köln, KH Großer Griechenmarkt",3,50676,Köln,Großer Griechenmarkt 76,221.0,9215830.0,221.0,92158320.0,140909@schule.nrw.de,http://www.griechenmarkt.de/,1,10182,5315000,1,01.08.1973,EPSG:25832,355980,5644274,,50.932095,6.950445,Hauptschule,Öffentlich,Köln,Städtische Katholische Hauptschule,2219215830.0,Köln,Schulministerium NRW Open Data,2026-02-17,Nordrhein-Westfalen,7.0,Hauptschule,,
140960,4,Städt. Gem. Hauptschule,Baadenberger Str.,,"Köln, GH Baadenberger Str.",3,50825,Köln,Baadenberger Str. 111,221.0,261080.0,221.0,2610820.0,140960@schule.nrw.de,http://www.ghs-baadenberger.com/,1,10182,5315000,1,01.08.1973,EPSG:25832,353849,5647926,,50.964379,6.918674,Hauptschule,Öffentlich,Köln,Städt. Gem. Hauptschule Baadenberger Str.,221261080.0,Köln,Schulministerium NRW Open Data,2026-02-17,Nordrhein-Westfalen,8.0,Hauptschule,,
141021,4,Stadt Köln,Städt. Katholische Hauptschule am Rhein,Sekundarstufe I,"Köln, KH Kath. Hauptschule am Rhein",3,50668,Köln,Niederichstr. 1-3,221.0,492249830.0,221.0,492249843.0,141021@schule.nrw.de,http://www.khs-buelow.de/,1,10182,5315000,1,01.08.1973,EPSG:25832,356914,5646067,,50.948441,6.963023,Hauptschule,Öffentlich,Köln,Stadt Köln Städt. Katholische Hauptschule am Rhein Sekundarstufe I,221492249830.0,Köln,Schulministerium NRW Open Data,2026-02-17,Nordrhein-Westfalen,7.0,Hauptschule,,
141070,4,Städt. Gem. Hauptschule,Tiefentalstr.,,"Köln, GH Tiefentalstr.",3,51063,Köln,Tiefentalstr. 66,221.0,2855810.0,221.0,28558129.0,141070@schule.nrw.de,http://www.ghs-tiefental.de,1,10182,5315000,1,01.08.1973,EPSG:25832,360225,5648968,,50.975325,7.009014,Hauptschule,Öffentlich,Köln,Städt. Gem. Hauptschule Tiefentalstr.,2212855810.0,Köln,Schulministerium NRW Open Data,2026-02-17,Nordrhein-Westfalen,9.0,Hauptschule,,
141082,4,Stadt Köln,Nelson-Mandela-Schule,Gemeinschaftshauptschule  -Sek.I-,"Köln, GH Nelson-Mandela-Schule",3,51067,Köln,Wuppertaler Str. 19,221.0,22135181.0,221.0,22135170.0,141082@schule.nrw.de,http://www.nelson-mandela-schule-koeln.de,1,10182,5315000,1,01.08.1973,EPSG:25832,361174,5647249,,50.960106,7.023179,Hauptschule,Öffentlich,Köln,Stadt Köln Nelson-Mandela-Schule Gemeinschaftshauptschule  -Sek.I-,22122135181.0,Köln,Schulministerium NRW Open Data,2026-02-17,Nordrhein-Westfalen,9.0,Hauptschule,,
141860,4,Johann-Amos-Comenius-Schule,Städt. Gem. Hauptschule Köln-Porz,- Sekundarstufe I -,"Köln, GH Johann-Amos-Comenius",3,51143,Köln,Heerstr. 7,2203.0,9920122.0,2203.0,9920125.0,141860@schule.nrw.de,http://www.jac-koeln.de/,1,10182,5315000,1,01.08.1973,EPSG:25832,363085,5636819,,50.866824,7.054288,Hauptschule,Öffentlich,Köln,Johann-Amos-Comenius-Schule Städt. Gem. Hauptschule Köln-Porz - Sekundarstufe I -,22039920122.0,Köln,Schulministerium NRW Open Data,2026-02-17,Nordrhein-Westfalen,8.0,Hauptschule,,
141872,4,Kopernikusschule,Städt. Gem. Hauptschule,,"Köln, GH Kopernikusschule",3,51145,Köln,Bonner Str. 40,2203.0,18630.0,2203.0,186320.0,141872@schule.nrw.de,http://www.kopernikushs-koeln.de,1,10182,5315000,1,01.08.1973,EPSG:25832,364345,5639140,,50.887982,7.071322,Hauptschule,Öffentlich,Köln,Kopernikusschule Städt. Gem. Hauptschule,220318630.0,Köln,Schulministerium NRW Open Data,2026-02-17,Nordrhein-Westfalen,9.0,Hauptschule,,
158550,10,Städt. Werner-von-Siemens-Realschule,,,"Düsseldorf, RS Werner-von-Siemens",1,40237,Düsseldorf,Rethelstr. 13,211.0,8927174.0,211.0,8927187.0,158550@schule.nrw.de,http://rs-rethelstr.schulen.duesseldorf.de,1,10042,5111000,1,01.08.1973,EPSG:25832,346348,5677841,,51.231236,6.799204,Realschule,Öffentlich,Düsseldorf,Städt. Werner-von-Siemens-Realschule,2118927174.0,Düsseldorf,Schulministerium NRW Open Data,2026-02-17,Nordrhein-Westfalen,4.0,Realschule,,
158574,10,Städtische Flora-Realschule,- Sekundarstufe I -,,"Düsseldorf, RS Florastraße",1,40217,Düsseldorf,Florastr. 69,211.0,8927408.0,211.0,8929902.0,158574@schule.nrw.de,http://www.flora-realschule.de,1,10042,5111000,1,01.08.1973,EPSG:25832,344382,5675695,,51.21142,6.771998,Realschule,Öffentlich,Düsseldorf,Städtische Flora-Realschule - Sekundarstufe I -,2118927408.0,Düsseldorf,Schulministerium NRW Open Data,2026-02-17,Nordrhein-Westfalen,4.0,Realschule,,
158586,10,Justus-von-Liebig-Realschule,Städt. Realschule,- Sekundarstufe I -,"Düsseldorf,RS Justus-von-Liebig-Realsch.",1,40476,Düsseldorf,Ottweilerstr. 20,211.0,8926790.0,211.0,8926795.0,158586@schule.nrw.de,http://justus-von-liebig-realschule.de,1,10042,5111000,1,01.08.1973,EPSG:25832,345160,5679629,,51.24698,6.781428,Realschule,Öffentlich,Düsseldorf,Justus-von-Liebig-Realschule Städt. Realschule - Sekundarstufe I -,2118926790.0,Düsseldorf,Schulministerium NRW Open Data,2026-02-17,Nordrhein-Westfalen,4.0,Realschule,,
158598,10,Anne-Frank-Realschule,Städt. Schule der Sekundarstufe I,,"Düsseldorf, RS Anne-Frank",1,40233,Düsseldorf,Ackerstr. 174,211.0,8927580.0,211.0,8929591.0,158598@schule.nrw.de,http://schulen.duesseldorf.de/rs-ackerstr/,1,10042,5111000,1,01.08.1973,EPSG:25832,347021,5677746,,51.230563,6.808876,Realschule,Öffentlich,Düsseldorf,Anne-Frank-Realschule Städt. Schule der Sekundarstufe I,2118927580.0,Düsseldorf,Schulministerium NRW Open Data,2026-02-17,Nordrhein-Westfalen,7.0,Realschule,,
158604,10,Städt. Thomas-Edison-Realschule,- Schule der Sekundarstufe I -,,"Düsseldorf, RS Thomas-Edison",1,40235,Düsseldorf,Schlüterstr. 18-20,211.0,8927551.0,211.0,8929602.0,158604@schule.nrw.de,http://www.rs-thomas-edison.eschool.de,1,10042,5111000,1,01.08.1973,EPSG:25832,347915,5677860,,51.231826,6.821623,Realschule,Öffentlich,Düsseldorf,Städt. Thomas-Edison-Realschule - Schule der Sekundarstufe I -,2118927551.0,Düsseldorf,Schulministerium NRW Open Data,2026-02-17,Nordrhein-Westfalen,6.0,Realschule,,
158616,10,Städtische Toni-Turek-Realschule,- Sekundarstufe I -,,"Düsseldorf, RS Toni-Turek",1,40474,Düsseldorf,Klapheckstr. 31,211.0,8994029.0,211.0,8929228.0,158616@schule.nrw.de,http://www.toniturekrealschule.de,1,10042,5111000,1,01.08.1973,EPSG:25832,343558,5681015,,51.258997,6.757887,Realschule,Öffentlich,Düsseldorf,Städtische Toni-Turek-Realschule - Sekundarstufe I -,2118994029.0,Düsseldorf,Schulministerium NRW Open Data,2026-02-17,Nordrhein-Westfalen,3.0,Realschule,,
158630,10,Städt. Freiherr-vom-Stein-Realschule,- Schule der Sekundarstufe I -,Tagesschule,"Düsseldorf, RS Freiherr-vom-Stein",1,40223,Düsseldorf,Färberstr. 40,211.0,8998470.0,211.0,8929519.0,158630@schule.nrw.de,https://www.fvs-realschule.de/,1,10042,5111000,1,01.08.1973,EPSG:25832,345445,5675422,,51.209256,6.787323,Realschule,Öffentlich,Düsseldorf,Städt. Freiherr-vom-Stein-Realschule - Schule der Sekundarstufe I - Tagesschule,2118998470.0,Düsseldorf,Schulministerium NRW Open Data,2026-02-17,Nordrhein-Westfalen,6.0,Realschule,,
158641,10,Städt. Realschule Benrath,,,"Düsseldorf, RS Benrath",1,40597,Düsseldorf,Marbacher Str.  114,211.0,8998415.0,211.0,8929121.0,158641@schule.nrw.de,http://www.realschule-benrath.de,1,10042,5111000,1,01.08.1973,EPSG:25832,350270,5670312,,51.164623,6.858477,Realschule,Öffentlich,Düsseldorf,Städt. Realschule Benrath,2118998415.0,Düsseldorf,Schulministerium NRW Open Data,2026-02-17,Nordrhein-Westfalen,7.0,Realschule,,
158665,10,Städt. Realschule Friedrichstadt,- Sekundarstufe I -,,"Düsseldorf, RS Friedrichstadt",1,40215,Düsseldorf,Luisenstr. 73,211.0,8927851.0,211.0,8929679.0,158665@schule.nrw.de,https://realschule-friedrichstadt.de,1,10042,5111000,1,01.08.1973,EPSG:25832,345293,5676289,,51.217005,6.784775,Realschule,Öffentlich,Düsseldorf,Städt. Realschule Friedrichstadt - Sekundarstufe I -,2118927851.0,Düsseldorf,Schulministerium NRW Open Data,2026-02-17,Nordrhein-Westfalen,6.0,Realschule,,
158689,10,Theodor-Litt-Realschule,Städt. Realschule,- Sekundarstufe I -,"Düsseldorf, RS Theodor-Litt",1,40593,Düsseldorf,Theodor-Litt-Str. 5,211.0,8997620.0,211.0,8929095.0,158689@schule.nrw.de,http://www.theodor-litt-realschule.de,1,10042,5111000,1,01.08.1973,EPSG:25832,352274,5668728,,51.15091,6.887769,Realschule,Öffentlich,Düsseldorf,Theodor-Litt-Realschule Städt. Realschule - Sekundarstufe I -,2118997620.0,Düsseldorf,Schulministerium NRW Open Data,2026-02-17,Nordrhein-Westfalen,4.0,Realschule,,
158690,10,Benzenberg-Realschule,Städt. Realschule für Jungen und Mädchen,,"Düsseldorf, RS Benzenberg",1,40591,Düsseldorf,Siegburger Str. 38,211.0,8998290.0,211.0,8929345.0,158690@schule.nrw.de,http://www.rs-benzenberg.eschool.de,1,10042,5111000,1,01.08.1973,EPSG:25832,347103,5674692,,51.203143,6.811352,Realschule,Öffentlich,Düsseldorf,Benzenberg-Realschule Städt. Realschule für Jungen und Mädchen,2118998290.0,Düsseldorf,Schulministerium NRW Open Data,2026-02-17,Nordrhein-Westfalen,6.0,Realschule,,
160064,10,Städt. Henry-Ford-Realschule,- Sekundarstufe I -,,"Köln, RS Henry-Ford-Realschule",3,50769,Köln,Karl-Marx-Allee 43,221.0,9703400.0,221.0,97034021.0,160064@schule.nrw.de,http://www.henry-ford-realschule.de,1,10182,5315000,1,01.08.1973,EPSG:25832,353397,5654191,,51.020564,6.909713,Realschule,Öffentlich,Köln,Städt. Henry-Ford-Realschule - Sekundarstufe I -,2219703400.0,Köln,Schulministerium NRW Open Data,2026-02-17,Nordrhein-Westfalen,7.0,Realschule,,
160076,10,Geschwister-Scholl-Schule,Städt. Realschule für Jungen und Mädchen,,"Köln, RS Geschwister-Scholl",3,50823,Köln,Gravenreuthstr. 10,221.0,9556040.0,221.0,552480.0,160076@schule.nrw.de,http://www.geschwisterschollrealschule.de,1,10182,5315000,1,01.08.1973,EPSG:25832,353989,5646630,,50.952767,6.921186,Realschule,Öffentlich,Köln,Geschwister-Scholl-Schule Städt. Realschule für Jungen und Mädchen,2219556040.0,Köln,Schulministerium NRW Open Data,2026-02-17,Nordrhein-Westfalen,5.0,Realschule,,
160090,10,Stadt Köln,Ferdinand-Lassalle-Realschule,Sekundarstufe I,"Köln, RS Ferdinand-Lassalle-Realschule",3,51065,Köln,Lassallestr. 59,221.0,71661260.0,221.0,716612625.0,160090@schule.nrw.de,http://rs-lassallestrasse.koeln,1,10182,5315000,1,01.08.1973,EPSG:25832,360107,5647114,,50.958635,7.008047,Realschule,Öffentlich,Köln,Stadt Köln Ferdinand-Lassalle-Realschule Sekundarstufe I,22171661260.0,Köln,Schulministerium NRW Open Data,2026-02-17,Nordrhein-Westfalen,8.0,Realschule,,
160106,10,Elly-Heuss-Knapp-Realschule,Städt. Realschule,für Jungen und Mädchen,"Köln, RS Elly-Heuss-Knapp-Realschule",3,51065,Köln,Jan-Wellem-Str. 25,221.0,35553340.0,221.0,355533420.0,160106@schule.nrw.de,http://www.ehk-koeln.de,1,10182,5315000,1,01.08.1973,EPSG:25832,360019,5647139,,50.958838,7.006785,Realschule,Öffentlich,Köln,Elly-Heuss-Knapp-Realschule Städt. Realschule für Jungen und Mädchen,22135553340.0,Köln,Schulministerium NRW Open Data,2026-02-17,Nordrhein-Westfalen,8.0,Realschule,,
160118,10,Städt. Realschule,für Jungen und Mädchen,,"Köln, RS Im Hasental",3,50679,Köln,Im Hasental 41,221.0,99225790.0,221.0,992257919.0,160118@schule.nrw.de,http://www.hasental.de,1,10182,5315000,1,01.08.1973,EPSG:25832,358068,5643895,,50.929207,6.980287,Realschule,Öffentlich,Köln,Städt. Realschule für Jungen und Mädchen,22199225790.0,Köln,Schulministerium NRW Open Data,2026-02-17,Nordrhein-Westfalen,8.0,Realschule,,
160120,10,Edith-Stein-Realschule,Städt. Realschule,,"Köln, RS Edith-Stein",3,50733,Köln,Henner-Berzau-Weg 5,221.0,28551750.0,221.0,285517525.0,160120@schule.nrw.de,http://www.edith-stein-realschule.de,1,10182,5315000,1,01.08.1973,EPSG:25832,356566,5648607,,50.971181,6.957071,Realschule,Öffentlich,Köln,Edith-Stein-Realschule Städt. Realschule,22128551750.0,Köln,Schulministerium NRW Open Data,2026-02-17,Nordrhein-Westfalen,5.0,Realschule,,
160131,10,Peter-Ustinov-Schule,Städt. Realschule,- Sekundarstufe I -,"Köln, RS Peter-Ustinov-Schule",3,50733,Köln,Neusser Str. 421,221.0,9765750.0,221.0,97657522.0,160131@schule.nrw.de,http://www.peter-ustinov-realschule.de,1,10182,5315000,1,01.08.1973,EPSG:25832,356171,5648655,,50.971514,6.95143,Realschule,Öffentlich,Köln,Peter-Ustinov-Schule Städt. Realschule - Sekundarstufe I -,2219765750.0,Köln,Schulministerium NRW Open Data,2026-02-17,Nordrhein-Westfalen,6.0,Realschule,,
160155,10,Ursulinenschule Köln,Staatl. genehm. Realschule für Mädchen-,u. Jungenklassen d. Erzbistums Köln,"Köln, RS Ursulinenschule",3,50668,Köln,Machabäerstr. 47,221.0,132024.0,221.0,135740.0,160155@schule.nrw.de,http://schule.erzbistum-koeln.de/ursulinenschule_koeln/,2,71110,5315000,1,01.08.1973,EPSG:25832,356714,5645840,,50.946352,6.960267,Realschule,Privat,Köln,Ursulinenschule Köln Staatl. genehm. Realschule für Mädchen- u. Jungenklassen d. Erzbistums Köln,221132024.0,Köln,Schulministerium NRW Open Data,2026-02-17,Nordrhein-Westfalen,,Realschule,,
160179,10,Theodor-Heuss-Schule,Städt. Realschule,,"Köln, RS Theodor-Heuss-Schule",3,50935,Köln,Euskirchener Str. 50,221.0,4696090.0,221.0,46960916.0,160179@schule.nrw.de,http://www.thr-koeln.de,1,10182,5315000,1,01.08.1973,EPSG:25832,353501,5642744,,50.917721,6.915805,Realschule,Öffentlich,Köln,Theodor-Heuss-Schule Städt. Realschule,2214696090.0,Köln,Schulministerium NRW Open Data,2026-02-17,Nordrhein-Westfalen,6.0,Realschule,,
160180,10,Johann-Bendel-Schule,Städt. Realschule,- Sekundarstufe I -,"Köln, RS Johann-Bendel-Schule",3,51063,Köln,Danzierstr. 146a,221.0,9649040.0,221.0,96490429.0,160180@schule.nrw.de,http://www.johann-bendel-realschule.de,1,10182,5315000,1,01.08.1973,EPSG:25832,359649,5647169,,50.959018,7.001508,Realschule,Öffentlich,Köln,Johann-Bendel-Schule Städt. Realschule - Sekundarstufe I -,2219649040.0,Köln,Schulministerium NRW Open Data,2026-02-17,Nordrhein-Westfalen,7.0,Realschule,,
160192,10,Albert-Schweitzer-Schule,Städtische Realschule,für Jungen und Mädchen,"Köln, RS Albert-Schweitzer-Schule",3,51107,Köln,Hardtgenbuscher Kirchweg 100,221.0,98976221.0,221.0,98976235.0,160192@schule.nrw.de,https://asronline.de,1,10182,5315000,1,01.08.1973,EPSG:25832,362820,5643582,,50.927544,7.047984,Realschule,Öffentlich,Köln,Albert-Schweitzer-Schule Städtische Realschule für Jungen und Mädchen,22198976221.0,Köln,Schulministerium NRW Open Data,2026-02-17,Nordrhein-Westfalen,9.0,Realschule,,
160209,10,Käthe-Kollwitz-Schule,Städt. Realschule,für Jungen und Mädchen,"Köln, RS Käthe-Kollwitz-Schule",3,51109,Köln,Petersenstr. 7,221.0,222141111.0,221.0,222141122.0,160209@schule.nrw.de,http://www.kaethe-kollwitz-realschule.de,1,10182,5315000,1,01.08.1973,EPSG:25832,364880,5645583,,50.946014,7.076537,Realschule,Öffentlich,Köln,Käthe-Kollwitz-Schule Städt. Realschule für Jungen und Mädchen,221222141111.0,Köln,Schulministerium NRW Open Data,2026-02-17,Nordrhein-Westfalen,6.0,Realschule,,
160210,10,Bertha-von-Suttner-Schule,Städt. Realschule,- Sekundarstufe I -,"Köln, RS Bertha-von-Suttner-Schule",3,50829,Köln,Kolkrabenweg 65,221.0,22135550.0,221.0,22135552.0,160210@schule.nrw.de,https://suttnerschule-koeln.de/,1,10182,5315000,1,01.08.1973,EPSG:25832,350933,5647857,,50.963011,6.877206,Realschule,Öffentlich,Köln,Bertha-von-Suttner-Schule Städt. Realschule - Sekundarstufe I -,22122135550.0,Köln,Schulministerium NRW Open Data,2026-02-17,Nordrhein-Westfalen,5.0,Realschule,,
160222,10,Eichendorff-Schule,Städt. Realschule,für Mädchen und Jungen,"Köln, RS Eichendorff-Schule",3,50825,Köln,Dechenstr. 1,221.0,9556070.0,221.0,95560730.0,160222@schule.nrw.de,http://www.rseichen-koeln.de,1,10182,5315000,1,01.08.1973,EPSG:25832,353629,5647341,,50.959066,6.915778,Realschule,Öffentlich,Köln,Eichendorff-Schule Städt. Realschule für Mädchen und Jungen,2219556070.0,Köln,Schulministerium NRW Open Data,2026-02-17,Nordrhein-Westfalen,6.0,Realschule,,
160260,10,Realschule am Rhein,Städt. Realschule,- Sekundarstufe I -,"Köln, RS am Rhein",3,50670,Köln,Gereonswall 57b,221.0,22136030.0,221.0,22136046.0,160260@schule.nrw.de,http://www.rsamrhein.de,1,10182,5315000,1,01.08.1973,EPSG:25832,355920,5645790,,50.945704,6.948992,Realschule,Öffentlich,Köln,Realschule am Rhein Städt. Realschule - Sekundarstufe I -,22122136030.0,Köln,Schulministerium NRW Open Data,2026-02-17,Nordrhein-Westfalen,4.0,Realschule,,
160430,10,Johannes-Gutenberg-Schule,Städt. Realschule Köln-Godorf,,"Köln, RS Johann-Gutenberg-Schule",3,50997,Köln,Kuckucksweg 4,2236.0,848790.0,2236.0,8487950.0,160430@schule.nrw.de,http://www.rsgodorf.de,1,10182,5315000,1,01.08.1973,EPSG:25832,357237,5635298,,50.85174,6.971829,Realschule,Öffentlich,Köln,Johannes-Gutenberg-Schule Städt. Realschule Köln-Godorf,2236848790.0,Köln,Schulministerium NRW Open Data,2026-02-17,Nordrhein-Westfalen,4.0,Realschule,,
160568,10,Städt. Wilhelm-Busch-Realschule,- Sekundarstufe I -,,"Köln, RS Wilhelm-Busch-Realschule",3,51143,Köln,Heerstr. 7,2203.0,9920144.0,2203.0,9920125.0,160568@schule.nrw.de,http://www.wilhelm-busch-realschule.de,1,10182,5315000,1,01.08.1973,EPSG:25832,363085,5636819,,50.866824,7.054288,Realschule,Öffentlich,Köln,Städt. Wilhelm-Busch-Realschule - Sekundarstufe I -,22039920144.0,Köln,Schulministerium NRW Open Data,2026-02-17,Nordrhein-Westfalen,7.0,Realschule,,
160570,10,Max-Planck-Realschule,Städt. Realschule Köln-Porz,,"Köln, RS Max-Planck",3,51145,Köln,Planckstr. 14,2203.0,8920920.0,2203.0,294431.0,160570@schule.nrw.de,http://www.max-planck-realschule-koeln.de/,1,10182,5315000,1,01.08.1973,EPSG:25832,364123,5639056,,50.887174,7.068198,Realschule,Öffentlich,Köln,Max-Planck-Realschule Städt. Realschule Köln-Porz,22038920920.0,Köln,Schulministerium NRW Open Data,2026-02-17,Nordrhein-Westfalen,7.0,Realschule,,
160581,10,Otto-Lilienthal-Schule,Städt. Realschule,- Sekundarstufe I -,"Köln, RS Otto-Lilienthal-Schule",3,51147,Köln,Albert-Schweitzer-Str. 8,2203.0,8990890.0,2203.0,89908922.0,160581@schule.nrw.de,http://www.ols-koeln.de,1,10182,5315000,1,01.08.1973,EPSG:25832,365473,5636471,,50.864257,7.088331,Realschule,Öffentlich,Köln,Otto-Lilienthal-Schule Städt. Realschule - Sekundarstufe I -,22038990890.0,Köln,Schulministerium NRW Open Data,2026-02-17,Nordrhein-Westfalen,4.0,Realschule,,
164100,15,Städtische Dieter-Forte-Gesamtschule,- Sekundarstufen I und II -,,"Düsseldorf, GE Dieter-Forte",1,40229,Düsseldorf,Heidelberger Str. 75,211.0,8999611.0,211.0,8999612.0,164100@schule.nrw.de,http://www.dieter-forte-gesamtschule.de,1,10042,5111000,1,01.08.1973,EPSG:25832,349932,5673940,,51.197136,6.852131,Gesamtschule,Öffentlich,Düsseldorf,Städtische Dieter-Forte-Gesamtschule - Sekundarstufen I und II -,2118999611.0,Düsseldorf,Schulministerium NRW Open Data,2026-02-17,Nordrhein-Westfalen,8.0,Gesamtschule,,
164161,15,Gesamtschule Köln-Rodenkirchen,- Sekundarstufen I und II -,,"Köln, GE Rodenkirchen",3,50999,Köln,Sürther Str. 191,221.0,350180.0,221.0,3501823.0,164161@schule.nrw.de,http://www.gesamtschule-rodenkirchen.de,1,10182,5315000,1,01.08.1973,EPSG:25832,359605,5637869,,50.875426,7.004462,Gesamtschule,Öffentlich,Köln,Gesamtschule Köln-Rodenkirchen - Sekundarstufen I und II -,221350180.0,Köln,Schulministerium NRW Open Data,2026-02-17,Nordrhein-Westfalen,3.0,Gesamtschule,,
164306,20,Erzbischöfliches Suitbertus-Gymnasium,Staatl.gen.priv.Gymnasium d.Erzbistums,Köln f.Jungen u. Mädchen  - Sek.I u.II -,"Düsseldorf, Gym Suitbertus",1,40489,Düsseldorf,An St. Swidbert 53,211.0,1592500.0,211.0,15925022.0,164306@schule.nrw.de,https://www.suitbertus.de/,2,71110,5111000,1,01.08.1973,EPSG:25832,342019,5685561,,51.299418,6.733839,Gymnasium,Privat,Düsseldorf,Erzbischöfliches Suitbertus-Gymnasium Staatl.gen.priv.Gymnasium d.Erzbistums Köln f.Jungen u. Mädchen  - Sek.I u.II -,2111592500.0,Düsseldorf,Schulministerium NRW Open Data,2026-02-17,Nordrhein-Westfalen,,Gymnasium,,
164318,20,Städt. Goethe-Gymnasium mit ehemaligem,Rethel-Gymnasium  -Sekundarst. I und II-,Bilingualer deutsch-englischer Zweig,"Düsseldorf, Gym Goethe",1,40237,Düsseldorf,Lindemannstr. 57,211.0,8923351.0,211.0,8929550.0,164318@schule.nrw.de,http://www.goethe-gymnasium.de,1,10042,5111000,1,01.08.1973,EPSG:25832,346902,5678199,,51.234601,6.80698,Gymnasium,Öffentlich,Düsseldorf,Städt. Goethe-Gymnasium mit ehemaligem Rethel-Gymnasium  -Sekundarst. I und II- Bilingualer deutsch-englischer Zweig,2118923351.0,Düsseldorf,Schulministerium NRW Open Data,2026-02-17,Nordrhein-Westfalen,4.0,Gymnasium,,
164320,20,Städt. Humboldt-Gymnasium,,,"Düsseldorf, Gym Humboldt",1,40211,Düsseldorf,Pempelforter Str. 40,211.0,8923551.0,211.0,8929619.0,164320@schule.nrw.de,http://www.humboldt-duesseldorf.de,1,10042,5111000,1,01.08.1973,EPSG:25832,345865,5677699,,51.229829,6.792352,Gymnasium,Öffentlich,Düsseldorf,Städt. Humboldt-Gymnasium,2118923551.0,Düsseldorf,Schulministerium NRW Open Data,2026-02-17,Nordrhein-Westfalen,3.0,Gymnasium,,
164343,20,Städt. Schloß-Gymnasium Benrath,- Sekundarstufe I und II -,,"Düsseldorf, Gym Schloß Benrath",1,40597,Düsseldorf,Benrodestr. 132,211.0,8998410.0,211.0,8929191.0,164343@schule.nrw.de,http://www.schloss-gymnasium.de,1,10042,5111000,1,01.08.1973,EPSG:25832,350065,5670249,,51.164004,6.855574,Gymnasium,Öffentlich,Düsseldorf,Städt. Schloß-Gymnasium Benrath - Sekundarstufe I und II -,2118998410.0,Düsseldorf,Schulministerium NRW Open Data,2026-02-17,Nordrhein-Westfalen,5.0,Gymnasium,,
164355,20,Annette-von-Droste-Hülshoff-Gymnasium,- Sekundarstufen I und II-,,"Düsseldorf,Gym Annette v.Droste-Hülshoff",1,40593,Düsseldorf,Brucknerstr. 19,211.0,8928980.0,211.0,8929189.0,164355@schule.nrw.de,http://www.annettegymnasium.de,1,10042,5111000,1,01.08.1973,EPSG:25832,351609,5669557,,51.158188,6.877926,Gymnasium,Öffentlich,Düsseldorf,Annette-von-Droste-Hülshoff-Gymnasium - Sekundarstufen I und II-,2118928980.0,Düsseldorf,Schulministerium NRW Open Data,2026-02-17,Nordrhein-Westfalen,2.0,Gymnasium,,
164379,20,Städt. Marie-Curie-Gymnasium,,,"Düsseldorf, Gym Marie-Curie",1,40625,Düsseldorf,Gräulinger Str. 15,211.0,8921826.0,211.0,8929280.0,164379@schule.nrw.de,http://www.mariecurie-d.de,1,10042,5111000,1,01.08.1973,EPSG:25832,350788,5678512,,51.238443,6.862471,Gymnasium,Öffentlich,Düsseldorf,Städt. Marie-Curie-Gymnasium,2118921826.0,Düsseldorf,Schulministerium NRW Open Data,2026-02-17,Nordrhein-Westfalen,2.0,Gymnasium,,
164380,20,St. Ursula-Gymnasium,Staatl. genehm. Gymnasium f. Jungen und,Mädchen des Erzbistums Köln -Sek.I u.II-,"Düsseldorf, Gym St.Ursula",1,40213,Düsseldorf,Ritterstr. 16,211.0,320056.0,211.0,320059.0,164380@schule.nrw.de,https://www.st-ursula-gymnasium.de/,2,71110,5111000,1,01.08.1973,EPSG:25832,344524,5677724,,51.22969,6.77315,Gymnasium,Privat,Düsseldorf,St. Ursula-Gymnasium Staatl. genehm. Gymnasium f. Jungen und Mädchen des Erzbistums Köln -Sek.I u.II-,211320056.0,Düsseldorf,Schulministerium NRW Open Data,2026-02-17,Nordrhein-Westfalen,,Gymnasium,,
164392,20,Städtisches Cecilien-Gymnasium,- Sek. I und II -  Europaschule,"Bilingualer Zweig, Montessori-Zweig","Düsseldorf, Gym Cecilien, Europaschule",1,40547,Düsseldorf,Schorlemerstr. 99,211.0,8923311.0,211.0,8929038.0,164392@schule.nrw.de,http://www.ceci.de,1,10042,5111000,1,01.08.1973,EPSG:25832,342882,5678675,,51.237786,6.749234,Gymnasium,Öffentlich,Düsseldorf,"Städtisches Cecilien-Gymnasium - Sek. I und II -  Europaschule Bilingualer Zweig, Montessori-Zweig",2118923311.0,Düsseldorf,Schulministerium NRW Open Data,2026-02-17,Nordrhein-Westfalen,2.0,Gymnasium,,
164409,20,Städt. Gymnasium Koblenzer Straße,- Sekundarstufe I und II -,,"Düsseldorf, Gym Koblenzer Str.",1,40593,Düsseldorf,Theodor-Litt-Str. 2,211.0,8997600.0,211.0,8929190.0,164409@schule.nrw.de,https://www.kobi-gymnasium.de/,1,10042,5111000,1,01.08.1973,EPSG:25832,352202,5668591,,51.149661,6.886796,Gymnasium,Öffentlich,Düsseldorf,Städt. Gymnasium Koblenzer Straße - Sekundarstufe I und II -,2118997600.0,Düsseldorf,Schulministerium NRW Open Data,2026-02-17,Nordrhein-Westfalen,4.0,Gymnasium,,
164434,20,Städt. Comenius-Gymnasium,,,"Düsseldorf, Gym Comenius",1,40547,Düsseldorf,Hansaallee 90,211.0,8923712.0,211.0,8929181.0,164434@schule.nrw.de,http://www.comenius-gymnasium.de,1,10042,5111000,1,01.08.1973,EPSG:25832,342522,5678414,,51.235341,6.744196,Gymnasium,Öffentlich,Düsseldorf,Städt. Comenius-Gymnasium,2118923712.0,Düsseldorf,Schulministerium NRW Open Data,2026-02-17,Nordrhein-Westfalen,2.0,Gymnasium,,
164446,20,Städt. Görres-Gymnasium,- Sekundarstufe I und II -,Humanistisches Gymnasium seit 1545,"Düsseldorf, Gym Görres",1,40212,Düsseldorf,Königsallee 57,211.0,8998400.0,211.0,8929470.0,164446@schule.nrw.de,http://www.goerres.de,1,10042,5111000,1,01.08.1973,EPSG:25832,344844,5676773,,51.221232,6.778141,Gymnasium,Öffentlich,Düsseldorf,Städt. Görres-Gymnasium - Sekundarstufe I und II - Humanistisches Gymnasium seit 1545,2118998400.0,Düsseldorf,Schulministerium NRW Open Data,2026-02-17,Nordrhein-Westfalen,3.0,Gymnasium,,
164458,20,Städt. Geschwister-Scholl-Gymnasium,- Sekundarstufen I und II -,,"Düsseldorf, Gym Geschwister-Scholl",1,40225,Düsseldorf,Redinghovenstr. 41,211.0,8928210.0,211.0,8929207.0,164458@schule.nrw.de,http://www.gsg-duesseldorf.de,1,10042,5111000,1,01.08.1973,EPSG:25832,345784,5674985,,51.205421,6.79236,Gymnasium,Öffentlich,Düsseldorf,Städt. Geschwister-Scholl-Gymnasium - Sekundarstufen I und II -,2118928210.0,Düsseldorf,Schulministerium NRW Open Data,2026-02-17,Nordrhein-Westfalen,3.0,Gymnasium,,
164460,20,Theodor-Fliedner-Gymnasium,Priv. Gymnasium,der ev. Kirche im Rheinland,"Düsseldorf, Gym Theodor-Fliedner",1,40489,Düsseldorf,Kalkumer Schloßallee 28,211.0,9405701.0,211.0,9405747.0,164460@schule.nrw.de,http://tfg-duesseldorf.de,2,70907,5111000,1,01.08.1973,EPSG:25832,342892,5686227,,51.305644,6.746058,Gymnasium,Privat,Düsseldorf,Theodor-Fliedner-Gymnasium Priv. Gymnasium der ev. Kirche im Rheinland,2119405701.0,Düsseldorf,Schulministerium NRW Open Data,2026-02-17,Nordrhein-Westfalen,,Gymnasium,,
164471,20,Städt. Leibniz-Montessori Gymnasium,- Sekundarstufe I und II -,,"Düsseldorf, Gym Leibniz-Montessori",1,40477,Düsseldorf,Scharnhorststr. 8,211.0,8927811.0,211.0,8927810.0,164471@schule.nrw.de,http://www.leibniz-montessori.de,1,10042,5111000,1,01.08.1973,EPSG:25832,345432,5679046,,51.241816,6.785574,Gymnasium,Öffentlich,Düsseldorf,Städt. Leibniz-Montessori Gymnasium - Sekundarstufe I und II -,2118927811.0,Düsseldorf,Schulministerium NRW Open Data,2026-02-17,Nordrhein-Westfalen,3.0,Gymnasium,,
164483,20,Städt. Lessing-Gymnasium und,Städt. Lessing-Berufskolleg,Schulen der Sekundarstufen I und II,"Düsseldorf, Gym Lessing",1,40227,Düsseldorf,Ellerstr. 84,211.0,8922610.0,211.0,8929151.0,164483@schule.nrw.de,http://www.lgbk.de,1,10042,5111000,1,01.08.1973,EPSG:25832,346119,5676155,,51.216024,6.79665,Gymnasium,Öffentlich,Düsseldorf,Städt. Lessing-Gymnasium und Städt. Lessing-Berufskolleg Schulen der Sekundarstufen I und II,2118922610.0,Düsseldorf,Schulministerium NRW Open Data,2026-02-17,Nordrhein-Westfalen,5.0,Gymnasium,,
164495,20,Städt. Max-Planck-Gymnasium,,,"Düsseldorf, Gym Max-Planck",1,40474,Düsseldorf,Koetschaustr. 36,211.0,8927211.0,211.0,8929206.0,164495@schule.nrw.de,https://max-planck.com,1,10042,5111000,1,01.08.1973,EPSG:25832,343717,5681050,,51.259355,6.760149,Gymnasium,Öffentlich,Düsseldorf,Städt. Max-Planck-Gymnasium,2118927211.0,Düsseldorf,Schulministerium NRW Open Data,2026-02-17,Nordrhein-Westfalen,3.0,Gymnasium,,
164501,20,Städtisches Luisen-Gymnasium,- Sekundarstufe I und II -,,"Düsseldorf, Gym Luisen",1,40213,Düsseldorf,Bastionstr. 24,211.0,8998570.0,211.0,8998599.0,164501@schule.nrw.de,http://www.luisen-gymnasium.de,1,10042,5111000,1,01.08.1973,EPSG:25832,344703,5676824,,51.221652,6.776102,Gymnasium,Öffentlich,Düsseldorf,Städtisches Luisen-Gymnasium - Sekundarstufe I und II -,2118998570.0,Düsseldorf,Schulministerium NRW Open Data,2026-02-17,Nordrhein-Westfalen,4.0,Gymnasium,,
164513,20,Städt. Gymnasium Gerresheim,,,"Düsseldorf, Gym Gerresheim",1,40625,Düsseldorf,Am Poth 60,211.0,8927625.0,211.0,8929260.0,164513@schule.nrw.de,http://www.gymnasium-gerresheim.de,1,10042,5111000,1,01.08.1973,EPSG:25832,350523,5678745,,51.240468,6.858581,Gymnasium,Öffentlich,Düsseldorf,Städt. Gymnasium Gerresheim,2118927625.0,Düsseldorf,Schulministerium NRW Open Data,2026-02-17,Nordrhein-Westfalen,2.0,Gymnasium,,
164525,20,Städt. Georg-Büchner-Gymnasium,Sekundarstufen I und II,,"Düsseldorf, Gym Georg-Büchner-Gymnasium",1,40474,Düsseldorf,Felix-Klein-Str. 3,211.0,8994005.0,211.0,8929373.0,164525@schule.nrw.de,https://gbg-duesseldorf.lms.schulon.org/,1,10042,5111000,1,01.08.1973,EPSG:25832,343782,5680392,,51.25346,6.761367,Gymnasium,Öffentlich,Düsseldorf,Städt. Georg-Büchner-Gymnasium Sekundarstufen I und II,2118994005.0,Düsseldorf,Schulministerium NRW Open Data,2026-02-17,Nordrhein-Westfalen,2.0,Gymnasium,,
164537,20,Städt. Friedrich-Rückert-Gymnasium,- Sekundarstufen I und II -,,"Düsseldorf, Gym Friedrich-Rückert-Gym",1,40470,Düsseldorf,Rückertstr. 6,211.0,8998310.0,211.0,8929208.0,164537@schule.nrw.de,https://www.rueckert-gymnasium.de,1,10042,5111000,1,01.08.1973,EPSG:25832,347444,5680986,,51.259789,6.81355,Gymnasium,Öffentlich,Düsseldorf,Städt. Friedrich-Rückert-Gymnasium - Sekundarstufen I und II -,2118998310.0,Düsseldorf,Schulministerium NRW Open Data,2026-02-17,Nordrhein-Westfalen,4.0,Gymnasium,,
165669,20,Gymnasium Hochdahl,Städt. Gymnasium,- Sekundarstufen I und II -,"Erkrath, Gym Hochdahl",1,40597,Düsseldorf,Hospitalstr. 45,2104.0,42770.0,2104.0,46906.0,165669@schule.nrw.de,http://www.gymnasium-hochdahl.de,1,11538,5111000,1,01.08.1973,EPSG:25832,350750,5670564,,51.167013,6.865233,Gymnasium,Öffentlich,Düsseldorf,Gymnasium Hochdahl Städt. Gymnasium - Sekundarstufen I und II -,210442770.0,Düsseldorf,Schulministerium NRW Open Data,2026-02-17,Nordrhein-Westfalen,2.0,Gymnasium,,
166443,20,Leonardo-da-Vinci-Gymnasium Köln-Nippes,der Stadt Köln,Sekundarstufen I und II,"Köln, Gym Leonardo-da-Vinci",3,50733,Köln,Blücherstr. 15-17,221.0,7166140.0,221.0,71661420.0,166443@schule.nrw.de,http://www.gymnasium-nippes.de,1,10182,5315000,1,01.08.1973,EPSG:25832,356443,5648101,,50.966604,6.95552,Gymnasium,Öffentlich,Köln,Leonardo-da-Vinci-Gymnasium Köln-Nippes der Stadt Köln Sekundarstufen I und II,2217166140.0,Köln,Schulministerium NRW Open Data,2026-02-17,Nordrhein-Westfalen,2.0,Gymnasium,,
166455,20,Rhein-Gymnasium der Stadt Köln,- Sekundarstufen I und II -,,"Köln, Gym Rhein-Gymnasium",3,51063,Köln,Düsseldorfer Str. 13,221.0,35533690.0,221.0,355336911.0,166455@schule.nrw.de,http://www.rhein-gymnasium.de,1,10182,5315000,1,01.08.1973,EPSG:25832,359722,5648333,,50.969496,7.002098,Gymnasium,Öffentlich,Köln,Rhein-Gymnasium der Stadt Köln - Sekundarstufen I und II -,22135533690.0,Köln,Schulministerium NRW Open Data,2026-02-17,Nordrhein-Westfalen,3.0,Gymnasium,,
166467,20,Erzbischöfliche Liebfrauenschule Köln,Staatl.genehm.Ersatzschule d.Erzbistums,"Köln,Gym.f.Jungen u.Mädchen-Sek.I u.II-","Köln, Gym Liebfrauenschule",3,50931,Köln,Brucknerstr. 15,221.0,2228560.0,221.0,22285629.0,166467@schule.nrw.de,http://www.lfs-koeln.de,2,71110,5315000,1,01.08.1973,EPSG:25832,353683,5644559,,50.934078,6.917665,Gymnasium,Privat,Köln,"Erzbischöfliche Liebfrauenschule Köln Staatl.genehm.Ersatzschule d.Erzbistums Köln,Gym.f.Jungen u.Mädchen-Sek.I u.II-",2212228560.0,Köln,Schulministerium NRW Open Data,2026-02-17,Nordrhein-Westfalen,,Gymnasium,,
166479,20,Städt. Apostel-Gymnasium,,,"Köln, Gym Apostel-Gymnasium",3,50931,Köln,Biggestr. 2,221.0,4063180.0,221.0,40631828.0,166479@schule.nrw.de,http://www.apostelgymnasium.de,1,10182,5315000,1,01.08.1973,EPSG:25832,353555,5644334,,50.932024,6.915935,Gymnasium,Öffentlich,Köln,Städt. Apostel-Gymnasium,2214063180.0,Köln,Schulministerium NRW Open Data,2026-02-17,Nordrhein-Westfalen,1.0,Gymnasium,,
166480,20,Montessori-Gymnasium,Städt. Gymnasium für Jungen und Mädchen,,"Köln, Gym Montessori",3,50827,Köln,Rochusstr. 145,221.0,5957231.0,221.0,5957249.0,166480@schule.nrw.de,http://www.monte-koeln.de,1,10182,5315000,1,01.08.1973,EPSG:25832,352874,5647823,,50.963205,6.904841,Gymnasium,Öffentlich,Köln,Montessori-Gymnasium Städt. Gymnasium für Jungen und Mädchen,2215957231.0,Köln,Schulministerium NRW Open Data,2026-02-17,Nordrhein-Westfalen,3.0,Gymnasium,,
166492,20,Königin-Luise-Schule,Städt. Gymnasium für Mädchen und Jungen,,"Köln, Gym Königin-Luise",3,50672,Köln,Alte Wallgasse 10,221.0,3558210.0,221.0,35582110.0,166492@schule.nrw.de,http://www.koenigin-luise-schule.de,1,10182,5315000,1,01.08.1973,EPSG:25832,355478,5645104,,50.939429,6.942977,Gymnasium,Öffentlich,Köln,Königin-Luise-Schule Städt. Gymnasium für Mädchen und Jungen,2213558210.0,Köln,Schulministerium NRW Open Data,2026-02-17,Nordrhein-Westfalen,2.0,Gymnasium,,
166546,20,Städt. Erich Kästner-Gymnasium,- Sekundarstufen I und II -,,"Köln, Gym Erich Kästner",3,50735,Köln,Castroper Str. 7,221.0,22139310.0,221.0,22139322.0,166546@schule.nrw.de,http://www.ekg-koeln.de,1,10182,5315000,1,01.08.1973,EPSG:25832,357022,5648845,,50.973434,6.963468,Gymnasium,Öffentlich,Köln,Städt. Erich Kästner-Gymnasium - Sekundarstufen I und II -,22122139310.0,Köln,Schulministerium NRW Open Data,2026-02-17,Nordrhein-Westfalen,2.0,Gymnasium,,
166558,20,Städt. Gymnasium Thusneldastraße,,,"Köln, Gym Thusneldastraße",3,50679,Köln,Thusneldastr. 15-17,221.0,8879120.0,221.0,88791230.0,166558@schule.nrw.de,http://www.thusnelda-gymnasium.de,1,10182,5315000,1,01.08.1973,EPSG:25832,358154,5644541,,50.935034,6.981258,Gymnasium,Öffentlich,Köln,Städt. Gymnasium Thusneldastraße,2218879120.0,Köln,Schulministerium NRW Open Data,2026-02-17,Nordrhein-Westfalen,4.0,Gymnasium,,
166560,20,Priv. Erzbischöfl. Irmgardis-Gymnasium,für Jungen und Mädchen,,"Köln, Gym Irmgardis-Gymnasium",3,50968,Köln,Schillerstr. 98-102,221.0,373282.0,221.0,341396.0,166560@schule.nrw.de,http://www.irmgardis.de,2,71110,5315000,1,01.08.1973,EPSG:25832,357165,5641239,,50.905115,6.968486,Gymnasium,Privat,Köln,Priv. Erzbischöfl. Irmgardis-Gymnasium für Jungen und Mädchen,221373282.0,Köln,Schulministerium NRW Open Data,2026-02-17,Nordrhein-Westfalen,,Gymnasium,,
166571,20,Stadt Köln,Deutzer Gymnasium Schaurtestraße,Sekundarstufen I und II,"Köln, Gym Deutzer Gymnasium Schaurtestr.",3,50679,Köln,Schaurtestr. 1,221.0,8879070.0,221.0,88790728.0,166571@schule.nrw.de,http://www.schaurte-koeln.de,1,10182,5315000,1,01.08.1973,EPSG:25832,357798,5644364,,50.933355,6.976264,Gymnasium,Öffentlich,Köln,Stadt Köln Deutzer Gymnasium Schaurtestraße Sekundarstufen I und II,2218879070.0,Köln,Schulministerium NRW Open Data,2026-02-17,Nordrhein-Westfalen,3.0,Gymnasium,,
166583,20,Genoveva-Gymnasium,der Stadt Köln,Sekundarstufen I und II,"Köln, Gym Genoveva-Gymnasium",3,51063,Köln,Genovevastr. 58-62,221.0,4744530.0,221.0,47445312.0,166583@schule.nrw.de,http://www.genoveva-gymnasium.de,1,10182,5315000,1,01.08.1973,EPSG:25832,360124,5647750,,50.964355,7.008044,Gymnasium,Öffentlich,Köln,Genoveva-Gymnasium der Stadt Köln Sekundarstufen I und II,2214744530.0,Köln,Schulministerium NRW Open Data,2026-02-17,Nordrhein-Westfalen,7.0,Gymnasium,,
166595,20,Städt. Kaiserin-Augusta-Schule,Gymnasium  - Sekundarstufen I und II -,,"Köln, Gym Kaiserin-Augusta-Schule",3,50676,Köln,Georgsplatz 10,221.0,47447470.0,221.0,474474733.0,166595@schule.nrw.de,http://www.kas-koeln.de,1,10182,5315000,1,01.08.1973,EPSG:25832,356528,5644211,,50.931666,6.958263,Gymnasium,Öffentlich,Köln,Städt. Kaiserin-Augusta-Schule Gymnasium  - Sekundarstufen I und II -,22147447470.0,Köln,Schulministerium NRW Open Data,2026-02-17,Nordrhein-Westfalen,2.0,Gymnasium,,
166601,20,Städt. Gymnasium Kreuzgasse,- Sekundarstufen I und II -,,"Köln, Gym Kreuzgasse",3,50672,Köln,Vogelsanger Str. 1,221.0,279710.0,221.0,2797140.0,166601@schule.nrw.de,http://www.kreuzgasse.de,1,10182,5315000,1,01.08.1973,EPSG:25832,354377,5645255,,50.940509,6.927256,Gymnasium,Öffentlich,Köln,Städt. Gymnasium Kreuzgasse - Sekundarstufen I und II -,221279710.0,Köln,Schulministerium NRW Open Data,2026-02-17,Nordrhein-Westfalen,2.0,Gymnasium,,
166613,20,Städt. Friedrich-Wilhelm-Gymnasium,,,"Köln, Gym Friedrich-Wilhelm",3,50676,Köln,Severinstr. 241,221.0,22191628.0,221.0,22191584.0,166613@schule.nrw.de,http://www.fwg-koeln.de,1,10182,5315000,1,01.08.1973,EPSG:25832,356409,5644123,,50.930845,6.956605,Gymnasium,Öffentlich,Köln,Städt. Friedrich-Wilhelm-Gymnasium,22122191628.0,Köln,Schulministerium NRW Open Data,2026-02-17,Nordrhein-Westfalen,2.0,Gymnasium,,
166625,20,Städt. Hölderlin-Gymnasium,,,"Köln, Gym Hölderlin-Gymnasium",3,51065,Köln,Graf-Adolf-Str. 59,221.0,35588650.0,221.0,355886525.0,166625@schule.nrw.de,http://www.shg-koeln.de,1,10182,5315000,1,01.08.1973,EPSG:25832,360004,5646949,,50.957127,7.006645,Gymnasium,Öffentlich,Köln,Städt. Hölderlin-Gymnasium,22135588650.0,Köln,Schulministerium NRW Open Data,2026-02-17,Nordrhein-Westfalen,4.0,Gymnasium,,
166637,20,Städt. Hansa-Gymnasium,,,"Köln, Gym Hansa",3,50670,Köln,Hansaring 56,221.0,22191152.0,221.0,22191162.0,166637@schule.nrw.de,http://www.hansa-gymnasium-koeln.de,1,10182,5315000,1,01.08.1973,EPSG:25832,356048,5646057,,50.948136,6.950707,Gymnasium,Öffentlich,Köln,Städt. Hansa-Gymnasium,22122191152.0,Köln,Schulministerium NRW Open Data,2026-02-17,Nordrhein-Westfalen,2.0,Gymnasium,,
166649,20,Städt. Humboldt-Gymnasium,,,"Köln, Gym Humboldt-Gymnasium",3,50676,Köln,Kartäuserwall 40,221.0,22191911.0,221.0,22191910.0,166649@schule.nrw.de,https://humboldt-koeln.de/,1,10182,5315000,1,01.08.1973,EPSG:25832,355824,5643652,,50.926467,6.948472,Gymnasium,Öffentlich,Köln,Städt. Humboldt-Gymnasium,22122191911.0,Köln,Schulministerium NRW Open Data,2026-02-17,Nordrhein-Westfalen,2.0,Gymnasium,,
166650,20,Kaiserin-Theophanu-Schule,Städt. Gymnasium für Jungen und Mädchen,,"Köln, Gym Kaiserin-Theophanu-Schule",3,51103,Köln,Kantstr. 3,221.0,9876030.0,221.0,98760318.0,166650@schule.nrw.de,http://www.kts-koeln.de,1,10182,5315000,1,01.08.1973,EPSG:25832,360012,5644706,,50.936971,7.007621,Gymnasium,Öffentlich,Köln,Kaiserin-Theophanu-Schule Städt. Gymnasium für Jungen und Mädchen,2219876030.0,Köln,Schulministerium NRW Open Data,2026-02-17,Nordrhein-Westfalen,4.0,Gymnasium,,
166662,20,Städt. Albertus-Magnus-Gymnasium,- Sekundarstufen I und II -,,"Köln, Gym Albertus-Magnus-Gymnasium",3,50823,Köln,Ottostr. 87,221.0,559200.0,221.0,5592030.0,166662@schule.nrw.de,http://www.amg-koeln.de,1,10182,5315000,1,01.08.1973,EPSG:25832,354433,5647135,,50.957418,6.927301,Gymnasium,Öffentlich,Köln,Städt. Albertus-Magnus-Gymnasium - Sekundarstufen I und II -,221559200.0,Köln,Schulministerium NRW Open Data,2026-02-17,Nordrhein-Westfalen,3.0,Gymnasium,,
166686,20,Städt. Johann-Gottfried-Herder Gymnasium,,,"Köln, Gym Johann-Gottfried-Herder",3,51065,Köln,Kattowitzer Str. 52,221.0,969550.0,221.0,9695555.0,166686@schule.nrw.de,https://herder-koeln.de/,1,10182,5315000,1,01.08.1973,EPSG:25832,361014,5646356,,50.952042,7.021243,Gymnasium,Öffentlich,Köln,Städt. Johann-Gottfried-Herder Gymnasium,221969550.0,Köln,Schulministerium NRW Open Data,2026-02-17,Nordrhein-Westfalen,4.0,Gymnasium,,
166698,20,Städt. Dreikönigsgymnasium,,,"Köln, Gym Dreikönigs",3,50739,Köln,Escher Str. 247,221.0,9174050.0,221.0,91740566.0,166698@schule.nrw.de,http://www.dkg-koeln.de,1,10182,5315000,1,01.08.1973,EPSG:25832,354553,5648174,,50.966785,6.928593,Gymnasium,Öffentlich,Köln,Städt. Dreikönigsgymnasium,2219174050.0,Köln,Schulministerium NRW Open Data,2026-02-17,Nordrhein-Westfalen,4.0,Gymnasium,,
166704,20,Erzbischöfliche Ursulinenschule Köln,Gymnasium für Mädchen und Jungen,,"Köln,Gym Erzbischöfliche Ursulinenschule",3,50668,Köln,Machabäerstr. 47,221.0,123007.0,221.0,135470.0,166704@schule.nrw.de,http://www.ursulinenschule-koeln.de,2,71110,5315000,1,01.08.1973,EPSG:25832,356714,5645840,,50.946352,6.960267,Gymnasium,Privat,Köln,Erzbischöfliche Ursulinenschule Köln Gymnasium für Mädchen und Jungen,221123007.0,Köln,Schulministerium NRW Open Data,2026-02-17,Nordrhein-Westfalen,,Gymnasium,,
166716,20,Hildegard-von-Bingen-Gymnasium,Sekundarstufe I und II,,"Köln, Gym Hildegard-von-Bingen-Gymnasium",3,50939,Köln,Leybergstr. 1,221.0,47441750.0,221.0,474417575.0,166716@schule.nrw.de,http://www.hvb-gymnasium.de,1,10182,5315000,1,01.08.1973,EPSG:25832,354712,5642574,,50.9165,6.93309,Gymnasium,Öffentlich,Köln,Hildegard-von-Bingen-Gymnasium Sekundarstufe I und II,22147441750.0,Köln,Schulministerium NRW Open Data,2026-02-17,Nordrhein-Westfalen,2.0,Gymnasium,,
166728,20,Schiller-Gymnasium,Städt. Gymnasium f. Jungen u. Mädchen,,"Köln, Gym Schiller-Gymnasium",3,50937,Köln,Nikolausstr. 55,221.0,22138503.0,221.0,22138510.0,166728@schule.nrw.de,http://www.schiller-gymnasium.de,1,10182,5315000,1,01.08.1973,EPSG:25832,354500,5643343,,50.923357,6.929769,Gymnasium,Öffentlich,Köln,Schiller-Gymnasium Städt. Gymnasium f. Jungen u. Mädchen,22122138503.0,Köln,Schulministerium NRW Open Data,2026-02-17,Nordrhein-Westfalen,1.0,Gymnasium,,
166730,20,Stadt Köln,Elisabeth-Thüringen-Gymnasium,Sekundarstufen I und II,"Köln, Gym Elisabeth-von-Thüringen",3,50937,Köln,Nikolausstr. 51-53,221.0,22138512.0,221.0,22138550.0,166730@schule.nrw.de,http://www.evt-koeln.de,1,10182,5315000,1,01.08.1973,EPSG:25832,354474,5643390,,50.923773,6.929381,Gymnasium,Öffentlich,Köln,Stadt Köln Elisabeth-Thüringen-Gymnasium Sekundarstufen I und II,22122138512.0,Köln,Schulministerium NRW Open Data,2026-02-17,Nordrhein-Westfalen,1.0,Gymnasium,,
166923,20,Städt. Georg-Büchner-Gymnasium,- Sekundarstufen I und II -,,"Köln, Gym Georg-Büchner",3,50858,Köln,Ostlandstr. 39,2234.0,40960.0,2234.0,700710.0,166923@schule.nrw.de,http://www.gbg.koeln,1,10182,5315000,1,01.08.1973,EPSG:25832,348114,5644811,,50.934903,6.838363,Gymnasium,Öffentlich,Köln,Städt. Georg-Büchner-Gymnasium - Sekundarstufen I und II -,223440960.0,Köln,Schulministerium NRW Open Data,2026-02-17,Nordrhein-Westfalen,2.0,Gymnasium,,
166935,20,Städt. Gymnasium Rodenkirchen,für Jungen und Mädchen,- Sekundarstufen I und II -,"Köln, Gym Rodenkirchen",3,50996,Köln,Sürther Str. 55,221.0,9355510.0,221.0,93555132.0,166935@schule.nrw.de,http://www.gymnasium-rodenkirchen.de,1,10182,5315000,1,01.08.1973,EPSG:25832,359230,5639210,,50.887387,6.998618,Gymnasium,Öffentlich,Köln,Städt. Gymnasium Rodenkirchen für Jungen und Mädchen - Sekundarstufen I und II -,2219355510.0,Köln,Schulministerium NRW Open Data,2026-02-17,Nordrhein-Westfalen,1.0,Gymnasium,,
167058,20,Städt. Maximilian-Kolbe-Gymnasium,,,"Köln, Gym Maximilian-Kolbe-Gymnasium",3,51147,Köln,Nachtigallenstr. 19-21,2203.0,2020770.0,2203.0,20207777.0,167058@schule.nrw.de,http://www.mkg-koeln.de,1,10182,5315000,1,01.08.1973,EPSG:25832,365558,5636385,,50.863504,7.08957,Gymnasium,Öffentlich,Köln,Städt. Maximilian-Kolbe-Gymnasium,22032020770.0,Köln,Schulministerium NRW Open Data,2026-02-17,Nordrhein-Westfalen,4.0,Gymnasium,,
167060,20,Stadtgymnasium Köln-Porz,- Sekundarstufen I und II -,,"Köln, Gym Stadt/Porz",3,51145,Köln,Humboldtstr. 2-8,2203.0,894020.0,2203.0,8940219.0,167060@schule.nrw.de,http://www.stadtgymnasium-porz.de,1,10182,5315000,1,01.08.1973,EPSG:25832,364337,5638543,,50.882614,7.071429,Gymnasium,Öffentlich,Köln,Stadtgymnasium Köln-Porz - Sekundarstufen I und II -,2203894020.0,Köln,Schulministerium NRW Open Data,2026-02-17,Nordrhein-Westfalen,5.0,Gymnasium,,
183040,20,Städt. Lessing-Gymnasium,- Sekundarstufen I und II -,,"Köln, Gym Lessing-Gymnasium",3,51143,Köln,Heerstr. 7,2203.0,9920166.0,2203.0,9920168.0,183040@schule.nrw.de,http://www.lessing-gymnasium.eu,1,10182,5315000,1,01.08.1973,EPSG:25832,363085,5636819,,50.866824,7.054288,Gymnasium,Öffentlich,Köln,Städt. Lessing-Gymnasium - Sekundarstufen I und II -,22039920166.0,Köln,Schulministerium NRW Open Data,2026-02-17,Nordrhein-Westfalen,2.0,Gymnasium,,
183088,10,Städt. Carl-Benz-Realschule Oberkassel,- Schule der Sekundarstufe I -,,"Düsseldorf, RS Carl-Benz-Realschule",1,40547,Düsseldorf,Lewitstr. 2,211.0,8927870.0,211.0,8929560.0,183088@schule.nrw.de,http://carl-benz-realschule.de/,1,10042,5111000,1,01.08.1973,EPSG:25832,343000,5678704,,51.238079,6.75091,Realschule,Öffentlich,Düsseldorf,Städt. Carl-Benz-Realschule Oberkassel - Schule der Sekundarstufe I -,2118927870.0,Düsseldorf,Schulministerium NRW Open Data,2026-02-17,Nordrhein-Westfalen,5.0,Realschule,,
183246,10,Städt. Realschule Hochdahl,- Sekundarstufe I -,,"Erkrath, RS Hochdahl",1,40597,Düsseldorf,Hospitalstr. 45,2104.0,216650.0,2104.0,216651.0,183246@schule.nrw.de,http://www.realschulehochdahl.de,1,11538,5111000,1,01.08.1973,EPSG:25832,350750,5670564,,51.167013,6.865233,Realschule,Öffentlich,Düsseldorf,Städt. Realschule Hochdahl - Sekundarstufe I -,2104216650.0,Düsseldorf,Schulministerium NRW Open Data,2026-02-17,Nordrhein-Westfalen,3.0,Realschule,,
183726,15,Gesamtschule Köln-Holweide,- Sekundarstufen I und II -,,"Köln, GE Holweide",3,51067,Köln,Burgwiesenstr. 125,221.0,969530.0,221.0,96953200.0,183726@schule.nrw.de,http://www.gesamtschule-holweide.de,1,10182,5315000,1,01.08.1975,EPSG:25832,362335,5647597,,50.963512,7.039569,Gesamtschule,Öffentlich,Köln,Gesamtschule Köln-Holweide - Sekundarstufen I und II -,221969530.0,Köln,Schulministerium NRW Open Data,2026-02-17,Nordrhein-Westfalen,6.0,Gesamtschule,,
183854,4,Gustav-Heinemann-Schule,Städt. Gem. Hauptschule,,"Köln, GH Gustav-Heinemann-Schule",3,50769,Köln,Karl-Marx-Allee 3,221.0,33730070.0,221.0,337300777.0,183854@schule.nrw.de,http://www.gustav-heinemann-schule.org,1,10182,5315000,1,01.08.1973,EPSG:25832,353170,5654510,,51.023373,6.906349,Hauptschule,Öffentlich,Köln,Gustav-Heinemann-Schule Städt. Gem. Hauptschule,22133730070.0,Köln,Schulministerium NRW Open Data,2026-02-17,Nordrhein-Westfalen,9.0,Hauptschule,,
184287,15,Heinrich-Böll-Schule,Städt. Gesamtschule Köln-Chorweiler,- Sekundarstufen I und II -,"Köln, GE Heinrich-Böll-Schule",3,50765,Köln,Merianstr. 11-15,221.0,261070.0,221.0,7087943.0,184287@schule.nrw.de,http://www.hbg-koeln.de,1,10182,5315000,1,01.08.1975,EPSG:25832,352664,5654830,,51.026119,6.89901,Gesamtschule,Öffentlich,Köln,Heinrich-Böll-Schule Städt. Gesamtschule Köln-Chorweiler - Sekundarstufen I und II -,221261070.0,Köln,Schulministerium NRW Open Data,2026-02-17,Nordrhein-Westfalen,6.0,Gesamtschule,,
184858,20,Städt. Heinrich-Heine-Gymnasium,- Sekundarstufen I und II -,,"Köln, Gym Heinrich-Heine-Gymnasium",3,51107,Köln,Hardtgenbuscher Kirchweg 100,221.0,98976223.0,221.0,98976254.0,184858@schule.nrw.de,http://hhg.koeln,1,10182,5315000,1,01.08.1974,EPSG:25832,362820,5643582,,50.927544,7.047984,Gymnasium,Öffentlich,Köln,Städt. Heinrich-Heine-Gymnasium - Sekundarstufen I und II -,22198976223.0,Köln,Schulministerium NRW Open Data,2026-02-17,Nordrhein-Westfalen,4.0,Gymnasium,,
184913,15,Stadt Köln,Lise-Meitner-Gesamtschule,- Sekundarstufen I und II -,"Köln, GE Lise-Meitner-Gesamtschule",3,51149,Köln,Stresemannstr. 36,2203.0,99310.0,2203.0,9931444.0,184913@schule.nrw.de,http://www.lmgporz.de,1,10182,5315000,1,01.08.1974,EPSG:25832,363768,5640377,,50.898963,7.062662,Gesamtschule,Öffentlich,Köln,Stadt Köln Lise-Meitner-Gesamtschule - Sekundarstufen I und II -,220399310.0,Köln,Schulministerium NRW Open Data,2026-02-17,Nordrhein-Westfalen,7.0,Gesamtschule,,
184937,15,Städt. Willy-Brandt-Gesamtschule,- Sekundarstufen I und II -,,"Köln, GE Willy-Brandt-Gesamtschule",3,51061,Köln,Im Weidenbruch 214,221.0,963700.0,221.0,96370175.0,184937@schule.nrw.de,http://www.wbgs-koeln.de,1,10182,5315000,1,01.08.1975,EPSG:25832,362638,5649898,,50.984264,7.043012,Gesamtschule,Öffentlich,Köln,Städt. Willy-Brandt-Gesamtschule - Sekundarstufen I und II -,221963700.0,Köln,Schulministerium NRW Open Data,2026-02-17,Nordrhein-Westfalen,6.0,Gesamtschule,,
185176,15,Europaschule Köln,Gesamtschule Zollstock,- Sekundarstufen I und II -,"Köln, GE Europaschule Zollstock",3,50968,Köln,Raderthalgürtel 3,221.0,2850060.0,221.0,28500666.0,185176@schule.nrw.de,http://www.europaschulekoeln.eu/,1,10182,5315000,1,01.08.1976,EPSG:25832,355870,5641012,,50.902753,6.950169,Gesamtschule,Öffentlich,Köln,Europaschule Köln Gesamtschule Zollstock - Sekundarstufen I und II -,2212850060.0,Köln,Schulministerium NRW Open Data,2026-02-17,Nordrhein-Westfalen,5.0,Gesamtschule,,
185255,20,Städt. Heinrich-Mann-Gymnasium,- Sekundarstufen I und II -,,"Köln, Gym Heinrich-Mann-Gymnasium",3,50765,Köln,Fühlinger Weg 4,221.0,9794640.0,221.0,97946430.0,185255@schule.nrw.de,http://www.hmg-koeln.de,1,10182,5315000,1,01.08.1975,EPSG:25832,351565,5654013,,51.018495,6.883684,Gymnasium,Öffentlich,Köln,Städt. Heinrich-Mann-Gymnasium - Sekundarstufen I und II -,2219794640.0,Köln,Schulministerium NRW Open Data,2026-02-17,Nordrhein-Westfalen,5.0,Gymnasium,,
185437,20,"Gymnasium, Köln-Pesch",der Stadt Köln,Sekundarstufen I und II,"Köln, Gym Köln-Pesch",3,50767,Köln,Schulstr. 18,221.0,990910.0,221.0,9909111.0,185437@schule.nrw.de,http://www.gymnasium-pesch.de,1,10182,5315000,1,01.08.1976,EPSG:25832,350678,5651733,,50.997776,6.871985,Gymnasium,Öffentlich,Köln,"Gymnasium, Köln-Pesch der Stadt Köln Sekundarstufen I und II",221990910.0,Köln,Schulministerium NRW Open Data,2026-02-17,Nordrhein-Westfalen,2.0,Gymnasium,,
187410,17,Rudolf-Steiner-Schule,Priv. Schule eigener Art,für Jungen u. Mädchen,"Düsseldorf, FW Rudolf-Steiner-Schule",1,40625,Düsseldorf,Diepenstr. 15,211.0,232069.0,211.0,233458.0,187410@schule.nrw.de,http://www.waldorfschuleduesseldorf.de,2,73120,5111000,1,01.08.1979,EPSG:25832,349621,5677684,,51.230697,6.846114,Waldorfschule,Privat,Düsseldorf,Rudolf-Steiner-Schule Priv. Schule eigener Art für Jungen u. Mädchen,211232069.0,Düsseldorf,Schulministerium NRW Open Data,2026-02-17,Nordrhein-Westfalen,,Waldorfschule,,
187604,17,Freie Waldorfschule in Köln,Private Schule eigener Art,für Jungen u. Mädchen,"Köln, FW Weichselring",3,50765,Köln,Weichselring 6-8,221.0,9703440.0,221.0,97034430.0,187604@schule.nrw.de,http://www.waldorfschule-koeln.de,2,73167,5315000,1,01.08.1980,EPSG:25832,352389,5655221,,51.029562,6.894932,Waldorfschule,Privat,Köln,Freie Waldorfschule in Köln Private Schule eigener Art für Jungen u. Mädchen,2219703440.0,Köln,Schulministerium NRW Open Data,2026-02-17,Nordrhein-Westfalen,,Waldorfschule,,
187902,15,Städt. Max-Ernst-Gesamtschule,- Sekundarstufen I und II -,,"Köln, GE Max-Ernst-Gesamtschule",3,50829,Köln,Tollerstr. 16,221.0,9922080.0,221.0,992208110.0,187902@schule.nrw.de,http://www.max-ernst-gesamtschule-koeln.de,1,10182,5315000,1,01.08.1981,EPSG:25832,350543,5649626,,50.978807,6.870929,Gesamtschule,Öffentlich,Köln,Städt. Max-Ernst-Gesamtschule - Sekundarstufen I und II -,2219922080.0,Köln,Schulministerium NRW Open Data,2026-02-17,Nordrhein-Westfalen,5.0,Gesamtschule,,
188165,15,Katharina-Henoth-Schule,Städt. Gesamtschule,- Sekundarstufen I und II -,"Köln, GE Katharina-Henoth-Schule",3,51103,Köln,Adalbertstr. 17,221.0,888090.0,221.0,8880921.0,188165@schule.nrw.de,http://www.igs-kathi.de,1,10182,5315000,1,01.08.1982,EPSG:25832,361469,5644897,,50.939039,7.028272,Gesamtschule,Öffentlich,Köln,Katharina-Henoth-Schule Städt. Gesamtschule - Sekundarstufen I und II -,221888090.0,Köln,Schulministerium NRW Open Data,2026-02-17,Nordrhein-Westfalen,9.0,Gesamtschule,,
188232,15,Städt. Heinrich-Heine-Gesamtschule,- Sekundarstufe I und II -,,"Düsseldorf, GE Heinrich-Heine-Gesamtsch.",1,40237,Düsseldorf,Graf-Recke-Str. 170,211.0,8998512.0,211.0,8929274.0,188232@schule.nrw.de,http://www.ge-heinrich-heine.eschool.de,1,10042,5111000,1,01.08.1982,EPSG:25832,347739,5679314,,51.244844,6.818486,Gesamtschule,Öffentlich,Düsseldorf,Städt. Heinrich-Heine-Gesamtschule - Sekundarstufe I und II -,2118998512.0,Düsseldorf,Schulministerium NRW Open Data,2026-02-17,Nordrhein-Westfalen,7.0,Gesamtschule,,
189819,15,Hulda-Pankok-Schule,Städt. Gesamtschule,- Sekundarstufen I und II -,"Düsseldorf, GE Hulda-Pankok-Schule",1,40225,Düsseldorf,Brinckmannstr. 16,211.0,8928241.0,211.0,8929215.0,189819@schule.nrw.de,http://www.hulda-pankok-gesamtschule.de,1,10042,5111000,1,01.08.1988,EPSG:25832,345672,5674717,,51.202983,6.790873,Gesamtschule,Öffentlich,Düsseldorf,Hulda-Pankok-Schule Städt. Gesamtschule - Sekundarstufen I und II -,2118928241.0,Düsseldorf,Schulministerium NRW Open Data,2026-02-17,Nordrhein-Westfalen,4.0,Gesamtschule,,
191863,15,Städt. Joseph-Beuys-Gesamtschule,- Sekundarstufen I und II -,,"Düsseldorf, GE Joseph-Beuys",1,40591,Düsseldorf,Siegburger Str. 149,211.0,8922800.0,211.0,8929227.0,191863@schule.nrw.de,http://www.joseph-beuys-gesamtschule.de,1,10042,5111000,1,01.08.1992,EPSG:25832,347087,5674212,,51.198825,6.811328,Gesamtschule,Öffentlich,Düsseldorf,Städt. Joseph-Beuys-Gesamtschule - Sekundarstufen I und II -,2118922800.0,Düsseldorf,Schulministerium NRW Open Data,2026-02-17,Nordrhein-Westfalen,8.0,Gesamtschule,,
192545,15,Freie Christl. Gesamtschule Düsseldorf,Priv.staatl.gen.ev.ErsatzschuleSek Iu.II,d.Rhein.-Berg.Verein Fr. Christl.Schulen,"Düsseldorf, GE FreieChristl.Gesamtschule",1,40599,Düsseldorf,Fürstenberger Str. 10,211.0,999475.0,211.0,999476.0,192545@schule.nrw.de,http://www.fcs-duesseldorf.de,2,73581,5111000,1,01.08.1994,EPSG:25832,350607,5672414,,51.1836,6.86242,Gesamtschule,Privat,Düsseldorf,Freie Christl. Gesamtschule Düsseldorf Priv.staatl.gen.ev.ErsatzschuleSek Iu.II d.Rhein.-Berg.Verein Fr. Christl.Schulen,211999475.0,Düsseldorf,Schulministerium NRW Open Data,2026-02-17,Nordrhein-Westfalen,,Gesamtschule,,
193021,15,Freie Schule Köln - Gesamtschule,(Ersatzschule) besonderer Prägung-Sek.I-,des Vereins Freie Schule Köln e.V.,"Köln, GE Freie Schule",3,50670,Köln,Bernhard-Letterhaus-Str. 17,221.0,8888210.0,221.0,88882120.0,193021@schule.nrw.de,https://www.freie-schule-koeln.de,2,73910,5315000,1,01.08.1995,EPSG:25832,356169,5646835,,50.955158,6.952121,Gesamtschule,Privat,Köln,Freie Schule Köln - Gesamtschule (Ersatzschule) besonderer Prägung-Sek.I- des Vereins Freie Schule Köln e.V.,2218888210.0,Köln,Schulministerium NRW Open Data,2026-02-17,Nordrhein-Westfalen,,Gesamtschule,,
193770,10,Städt. Georg-Schulhoff-Realschule,- Sekundarstufe I -,,"Düsseldorf, RS Georg-Schulhoff",1,40627,Düsseldorf,Kamper Weg 291,211.0,8927920.0,211.0,8927929.0,193770@schule.nrw.de,http://www.georg-schulhoff-realschule.de,1,10042,5111000,1,01.08.1998,EPSG:25832,350712,5676059,,51.216381,6.862405,Realschule,Öffentlich,Düsseldorf,Städt. Georg-Schulhoff-Realschule - Sekundarstufe I -,2118927920.0,Düsseldorf,Schulministerium NRW Open Data,2026-02-17,Nordrhein-Westfalen,3.0,Realschule,,
194402,17,Michaeli Schule,Freie Waldorfschule,,"Köln, FW Michaeli Schule",3,50677,Köln,Vorgebirgswall 4-8,221.0,9235910.0,221.0,92359113.0,194402@schule.nrw.de,http://www.michaeli-schule-koeln.de,2,82466,5315000,1,01.08.2000,EPSG:25832,355500,5643076,,50.921209,6.944093,Waldorfschule,Privat,Köln,Michaeli Schule Freie Waldorfschule,2219235910.0,Köln,Schulministerium NRW Open Data,2026-02-17,Nordrhein-Westfalen,,Waldorfschule,,
194955,20,"Freies Christliches Gymnasium,Pr. Evang.","Gymnasium,Staatl.genehm.Ersatzschule des",Rhein.-Berg. Verein Fr. Christl. Schulen,"Düsseldorf, Gym Freies Christliches",1,40599,Düsseldorf,Buchenstr. 1,211.0,2397740.0,211.0,239774333.0,194955@schule.nrw.de,http://www.fcg-duesseldorf.de,2,73581,5111000,1,15.09.2003,EPSG:25832,350681,5671636,,51.176628,6.863801,Gymnasium,Privat,Düsseldorf,"Freies Christliches Gymnasium,Pr. Evang. Gymnasium,Staatl.genehm.Ersatzschule des Rhein.-Berg. Verein Fr. Christl. Schulen",2112397740.0,Düsseldorf,Schulministerium NRW Open Data,2026-02-17,Nordrhein-Westfalen,,Gymnasium,,
195376,20,Ferdinand Franz Wallraf Gymnasium,Staatl. anerkannte Ersatzschule,,"Köln, Gym Ferdinand Franz Wallraf",3,51065,Köln,Arnsberger Str. 11,221.0,96819812.0,221.0,96819814.0,195376@schule.nrw.de,http://www.ffw-gym.de,2,82193,5315000,1,01.08.2007,EPSG:25832,360561,5646621,,50.954314,7.014696,Gymnasium,Privat,Köln,Ferdinand Franz Wallraf Gymnasium Staatl. anerkannte Ersatzschule,22196819812.0,Köln,Schulministerium NRW Open Data,2026-02-17,Nordrhein-Westfalen,,Gymnasium,,
195959,15,Stadt Köln,Carl-von-Ossietzky-Gesamtschule,Sekundarstufen I u. II,"Köln, GE Carl-von-Ossietzky",3,50737,Köln,Ossietzkystr. 2,221.0,22130860.0,221.0,22130883.0,195959@schule.nrw.de,https://cvo-gesamtschule.de,1,10182,5315000,1,01.08.2010,EPSG:25832,354124,5650776,,50.99006,6.921444,Gesamtschule,Öffentlich,Köln,Stadt Köln Carl-von-Ossietzky-Gesamtschule Sekundarstufen I u. II,22122130860.0,Köln,Schulministerium NRW Open Data,2026-02-17,Nordrhein-Westfalen,4.0,Gesamtschule,,
196459,15,BilinGO Campus Gesamtschule,Sek. I und II,DIE Stiftung priv.Schulen gemeinnüt.GmbH,"Köln, GE BilinGO Campus",3,50825,Köln,Mercedes-Allee 8,221.0,1392985.0,221.0,1392986.0,196459@schule.nrw.de,http://www.bilingo-campus.eu,2,82223,5315000,1,01.04.2011,EPSG:25832,352131,5645806,,50.944889,6.895087,Gesamtschule,Privat,Köln,BilinGO Campus Gesamtschule Sek. I und II DIE Stiftung priv.Schulen gemeinnüt.GmbH,2211392985.0,Köln,Schulministerium NRW Open Data,2026-02-17,Nordrhein-Westfalen,,Gesamtschule,,
197488,15,Offene Schule Köln der OSK gGmbH,Staatl. genehm. priv. Ersatzschule inkl.,Gesamtschule d. Sek I und II,"Köln, GE Offene Schule Köln d. OSK gGmbH",3,50999,Köln,Sürther Str. 199,221.0,3377030.0,221.0,337703299.0,197488@schule.nrw.de,http://www.offene-schule-koeln.de,2,82508,5315000,1,01.08.2012,EPSG:25832,359708,5637441,,50.871605,7.006089,Gesamtschule,Privat,Köln,Offene Schule Köln der OSK gGmbH Staatl. genehm. priv. Ersatzschule inkl. Gesamtschule d. Sek I und II,2213377030.0,Köln,Schulministerium NRW Open Data,2026-02-17,Nordrhein-Westfalen,,Gesamtschule,,
197567,10,Werner Heisenberg Realschule,Staatl anerkannte Ersatzschule,der Bildung und Perspektive gGmbH,"Köln, RS Werner Heisenberg",3,51065,Köln,Arnsberger Str. 11,221.0,96819838.0,221.0,96819839.0,197567@schule.nrw.de,http://www.wh-rs.de,2,82193,5315000,1,01.08.2012,EPSG:25832,360561,5646621,,50.954314,7.014696,Realschule,Privat,Köln,Werner Heisenberg Realschule Staatl anerkannte Ersatzschule der Bildung und Perspektive gGmbH,22196819838.0,Köln,Schulministerium NRW Open Data,2026-02-17,Nordrhein-Westfalen,,Realschule,,
198353,4,Aktive Schule Köln Hauptschule der,gemeinnützigen Gesellschaft ASK mbH,Staatlich genehmigte Ersatzschule,"Köln, GH Aktive Schule (ASK)",3,50829,Köln,Wasseramselweg 9,221.0,5690690.0,221.0,56906929.0,198353@schule.nrw.de,https://www.aktive-schule-koeln.de/,2,81929,5315000,1,01.08.2013,EPSG:25832,350979,5646502,,50.950847,6.878415,Hauptschule,Privat,Köln,Aktive Schule Köln Hauptschule der gemeinnützigen Gesellschaft ASK mbH Staatlich genehmigte Ersatzschule,2215690690.0,Köln,Schulministerium NRW Open Data,2026-02-17,Nordrhein-Westfalen,,Hauptschule,,
198742,15,Trude-Herr-Gesamtschule,der Stadt Köln,- Sekundarstufen I und II -,"Köln, GE Trude-Herr",3,51063,Köln,Ferdinandstr. 43,221.0,22136700.0,221.0,22136702.0,198742@schule.nrw.de,http://www.thg-koeln.de/,1,10182,5315000,1,01.08.2014,EPSG:25832,358742,5645914,,50.947517,6.989089,Gesamtschule,Öffentlich,Köln,Trude-Herr-Gesamtschule der Stadt Köln - Sekundarstufen I und II -,22122136700.0,Köln,Schulministerium NRW Open Data,2026-02-17,Nordrhein-Westfalen,8.0,Gesamtschule,,
198810,20,Albert-Einstein-Gymnasium,Staatl. genehmigte priv.Ersatzschule der,Sek.I u.II d. Jüdischen Gemeinde,"Düsseldorf,Gym Albert-Einstein-Gymnasium",1,40472,Düsseldorf,Theodorstr. 297,211.0,69990900.0,,,198810@schule.nrw.de,https://einsteingymnasiumdus.de,2,73799,5111000,1,01.08.2016,EPSG:25832,347711,5682112,,51.269978,6.816894,Gymnasium,Privat,Düsseldorf,Albert-Einstein-Gymnasium Staatl. genehmigte priv.Ersatzschule der Sek.I u.II d. Jüdischen Gemeinde,21169990900.0,Düsseldorf,Schulministerium NRW Open Data,2026-02-17,Nordrhein-Westfalen,,Gymnasium,,
198912,15,Stadt Köln,igis Köln -Integrierte Gesamtschule,Innenstadt  -Sekundarstufen I und II-,"Köln, GE Köln-Innenstadt",3,50676,Köln,Frankstr. 26,221.0,35583128.0,221.0,35583121.0,198912@schule.nrw.de,http://www.igis-koeln.de/,1,10182,5315000,1,01.08.2014,EPSG:25832,355547,5644306,,50.932275,6.944274,Gesamtschule,Öffentlich,Köln,Stadt Köln igis Köln -Integrierte Gesamtschule Innenstadt  -Sekundarstufen I und II-,22135583128.0,Köln,Schulministerium NRW Open Data,2026-02-17,Nordrhein-Westfalen,3.0,Gesamtschule,,
199606,15,Städt. Maria-Montessori-Gesamtschule,- Schule der Sekundarstufen I und II -,,"Düsseldorf, GE Maria-Montessori",1,40233,Düsseldorf,Lindenstr. 140,211.0,6985220.0,211.0,6985221.0,199606@schule.nrw.de,http://www.montessori-gesamtschule.com,1,10042,5111000,1,01.08.2015,EPSG:25832,346870,5677556,,51.228815,6.806796,Gesamtschule,Öffentlich,Düsseldorf,Städt. Maria-Montessori-Gesamtschule - Schule der Sekundarstufen I und II -,2116985220.0,Düsseldorf,Schulministerium NRW Open Data,2026-02-17,Nordrhein-Westfalen,6.0,Gesamtschule,,
199916,15,Städtische Gesamtschule Stettiner Straße,-Sekundarstufe I und II-,,"Düsseldorf, GE Stettiner Straße",1,40595,Düsseldorf,Stettiner Str. 98,211.0,8923511.0,211.0,8929165.0,199916@schule.nrw.de,http://www.ge-stettinerstr.de,1,10042,5111000,1,01.08.2016,EPSG:25832,353186,5668274,,51.147065,6.900985,Gesamtschule,Öffentlich,Düsseldorf,Städtische Gesamtschule Stettiner Straße -Sekundarstufe I und II-,2118923511.0,Düsseldorf,Schulministerium NRW Open Data,2026-02-17,Nordrhein-Westfalen,7.0,Gesamtschule,,
990001,,,,,,,40489,Düsseldorf,Niederrheinstraße 336,,,,,info@isdedu.de,https://www.isdedu.de,,,,,,,,,,51.2921056,6.7357351,Internationale Schule,Privat,,International School of Düsseldorf,02114440,Düsseldorf,Manual addition - not in NRW Schulministerium data,2026-02-25,Nordrhein-Westfalen,,Internationale Schule,True,International school spanning primary and secondary
990002,,,,,,,40237,Düsseldorf,Graf-Recke-Straße 220,,,,,secretariat@lfisv.de,https://lfisv.de,,,,,,,,,,51.2457676,6.8199731,Internationale Schule,Privat,,Lycée français international Simone Veil,02116107950,Düsseldorf,Manual addition - not in NRW Schulministerium data,2026-02-25,Nordrhein-Westfalen,,Internationale Schule,True,International school spanning primary and secondary
990003,,,,,,,50859,Köln,Neue Sandkaul 29,,,,,info@if-koeln.de,https://if-koeln.de,,,,,,,,,,50.9629008,6.8387925,Internationale Schule,Privat,,Internationale Friedensschule Köln (Cologne International School),0221310634219,Köln,Manual addition - not in NRW Schulministerium data,2026-02-25,Nordrhein-Westfalen,,Internationale Schule,True,International school spanning primary and secondary
