schulnummer,schulname,school_type,schulart,strasse,plz,ort,ortsteil,stadt,bundesland,latitude,longitude,telefon,fax,email,website,schulleitung,traegerschaft,transit_stops_500m,transit_stop_count_1000m,transit_rail_01_name,transit_rail_01_distance_m,transit_rail_01_latitude,transit_rail_01_longitude,transit_rail_01_lines,transit_rail_02_name,transit_rail_02_distance_m,transit_rail_02_latitude,transit_rail_02_longitude,transit_rail_02_lines,transit_rail_03_name,transit_rail_03_distance_m,transit_rail_03_latitude,transit_rail_03_longitude,transit_rail_03_lines,transit_tram_01_name,transit_tram_01_distance_m,transit_tram_01_latitude,transit_tram_01_longitude,transit_tram_01_lines,transit_tram_02_name,transit_tram_02_distance_m,transit_tram_02_latitude,transit_tram_02_longitude,transit_tram_02_lines,transit_tram_03_name,transit_tram_03_distance_m,transit_tram_03_latitude,transit_tram_03_longitude,transit_tram_03_lines,transit_bus_01_name,transit_bus_01_distance_m,transit_bus_01_latitude,transit_bus_01_longitude,transit_bus_01_lines,transit_bus_02_name,transit_bus_02_distance_m,transit_bus_02_latitude,transit_bus_02_longitude,transit_bus_02_lines,transit_bus_03_name,transit_bus_03_distance_m,transit_bus_03_latitude,transit_bus_03_longitude,transit_bus_03_lines,transit_all_lines_1000m,transit_accessibility_score,traffic_accidents_total,traffic_accidents_per_year,traffic_accidents_fatal,traffic_accidents_serious,traffic_accidents_minor,traffic_accidents_bicycle,traffic_accidents_pedestrian,traffic_accidents_school_hours,traffic_nearest_accident_m,crime_bezirk,crime_stadt,crime_straftaten_2023,crime_haeufigkeitszahl_2023,crime_aufklaerungsquote_2023,crime_bezirk_index,data_source,data_retrieved,traffic_data_years,traffic_data_source,crime_bezirk_population,crime_data_source,crime_straftaten_2023_rate_per_100k,crime_strassenraub_2023,crime_strassenraub_2023_rate_per_100k,crime_koerperverletzung_2023,crime_koerperverletzung_2023_rate_per_100k,crime_diebstahl_fahrrad_2023,crime_diebstahl_fahrrad_2023_rate_per_100k,crime_wohnungseinbruch_2023,crime_wohnungseinbruch_2023_rate_per_100k
STG-18520,Albertus-Magnus-Gymnasium,secondary,Gymnasium,In den Ringelgärten 90,18520,Stuttgart,Bad Cannstatt,Stuttgart,Baden-Württemberg,48.81604436146871,9.246814264974043,0711 5307636,,mail@vw.amgs.de,http://www.amgs.de/,,Öffentlich,10,20,Sommerrain,154,48.8152317,9.248517,,Fellbach,1817,48.820297,9.2707765,,Stuttgart Neckarpark,2726,48.7918161,9.2411731,,Beskidenstraße,836,48.8102154,9.2540306,,Antwerpener Straße,885,48.8084538,9.2431757,,Höhenstraße,1246,48.8118829,9.2626101,,Sommerrain,110,48.8151017,9.2463814,,Edelweißweg,441,48.8142101,9.2414727,,Auf der Gans,447,48.8188786,9.2424901,,,50.0,12,4.0,0,2,10,5,0,8,162,Bad Cannstatt,Stuttgart,10829,15143.8,52.3,1.4,stuttgart.de Adressverzeichnis,2026-04-06,"2024,2023,2022",Unfallatlas,71510,bezirk_estimated,15143.8,77,108.2,1082,1513.6,557,778.7,191,267.7
STG-19807,Altenburgschule Gemeinschaftsschule,secondary,Gemeinschaftsschule,Auf der Altenburg 10,19807,Stuttgart,Bad Cannstatt,Stuttgart,Baden-Württemberg,48.811056697728354,9.207739794032952,0711 21667120,,Poststelle.Altenburgschule@stuttgart.de,http://www.altenburgschule.de/,,Öffentlich,19,35,Bad Cannstatt,1264,48.8014069,9.2168515,,Stuttgart Nordbahnhof,1655,48.80373,9.188064,,Sommerrain,3022,48.8152317,9.248517,,Riethmüllerhaus,413,48.8136792,9.2037365,,Glockenstraße (Mahle),418,48.8080817,9.2042424,,Züricher Straße,570,48.8104235,9.2000139,,Altenburg,164,48.8113562,9.2099328,,Am Römerkastell,250,48.8132203,9.208649,,Züricher Straße,440,48.8108989,9.2017391,,,50.0,43,14.3,0,6,37,11,9,20,63,Bad Cannstatt,Stuttgart,10829,15143.8,52.3,1.4,stuttgart.de Adressverzeichnis,2026-04-06,"2024,2023,2022",Unfallatlas,71510,bezirk_estimated,15143.8,77,108.2,1082,1513.6,557,778.7,191,267.7
STG-46763,Altenburgschule Gemeinschaftschule (Außenstelle) Reiterkaserne,secondary,Gemeinschaftsschule,Hallschlag 4,46763,Stuttgart,Bad Cannstatt,Stuttgart,Baden-Württemberg,48.81231152358713,9.210278454990831,0711 21667120,,,https://www.stuttgart-inklusiv.de/,,Öffentlich,11,35,Bad Cannstatt,1305,48.8014069,9.2168515,,Stuttgart Nordbahnhof,1886,48.80373,9.188064,,Sommerrain,2819,48.8152317,9.248517,,Riethmüllerhaus,499,48.8140452,9.2039927,,Glockenstraße (Mahle),645,48.8080817,9.2042424,,Rosensteinbrücke,713,48.8059151,9.2096405,,Altenburg,23,48.8121078,9.2102748,,Am Römerkastell,156,48.8132203,9.208649,,Martinskirche,526,48.8075941,9.210888,,,50.0,40,13.3,0,7,33,8,8,19,52,Bad Cannstatt,Stuttgart,10829,15143.8,52.3,1.4,stuttgart.de Adressverzeichnis,2026-04-06,"2024,2023,2022",Unfallatlas,71510,bezirk_estimated,15143.8,77,108.2,1082,1513.6,557,778.7,191,267.7
STG-17953,Anne-Frank-Gemeinschaftsschule,secondary,Gemeinschaftsschule,Hechinger Straße 73,17953,Stuttgart,Möhringen,Stuttgart,Baden-Württemberg,48.71972673572175,9.1447818618938,0711 21659790,,poststelle.anne-frank-realschule@stuttgart.de,https://www.annefrank-gemeinschaftsschule.de/,,Öffentlich,15,28,U-Bahn (48.7175),364,48.7174685,9.1411963,,Oberaichen,2058,48.7052607,9.1272836,,Stuttgart-Vaihingen,2436,48.7264626,9.1131764,,Möhringen Freibad,398,48.7169056,9.1414498,,Rohrer Weg,653,48.7221846,9.1366995,,Vaihinger Straße,978,48.7277181,9.1392125,,Dornröschenweg,50,48.7196186,9.1441271,,Lohäckerstraße,215,48.7179884,9.1434832,,Rübezahlweg,344,48.7209394,9.1490962,,,50.0,14,4.7,0,2,12,7,0,8,50,Möhringen,Stuttgart,2461,7571.9,52.3,0.7,stuttgart.de Adressverzeichnis,2026-04-06,"2024,2023,2022",Unfallatlas,32500,bezirk_estimated,7571.9,18,54.1,246,756.8,127,389.3,43,133.8
STG-17957,Bertha-von-Suttner-Gemeinschaftsschule,secondary,Gemeinschaftsschule,Adalbert-Stifter-Straße 40,17957,Stuttgart,Mühlhausen,Stuttgart,Baden-Württemberg,48.839657397637716,9.21118333745448,0711 21689870,,Poststelle.bvs@stuttgart.de,https://www.bvs-gms.de/,,Öffentlich,0,0,U-Bahn (48.8321),3039,48.8321247,9.171266,,U-Bahn (48.8322),3085,48.8322288,9.1705762,,U-Bahn (48.8323),3104,48.8322673,9.1702915,,Bottroper Straße (Lessing-Schulen),2082,48.8209476,9.2100942,,Hallschlag,2437,48.818218,9.2042537,,Kelterplatz,2798,48.8296962,9.1760801,,Burgholzstraße,1984,48.8218355,9.2099915,,Schnarrenberg,2006,48.8239897,9.1975898,,Münster Friedhof,2007,48.8221919,9.2042873,,,0.0,11,3.7,0,1,10,2,2,6,180,Mühlhausen,Stuttgart,2240,8653.6,52.3,0.8,stuttgart.de Adressverzeichnis,2026-04-06,"2024,2023,2022",Unfallatlas,25880,bezirk_estimated,8653.6,16,61.8,224,864.9,115,445.0,40,153.0
STG-310163,Betty-Hirsch-Schulzentrum (Realschule),secondary,Realschule,Am Kräherwald 271,31016,Stuttgart,West,Stuttgart,Baden-Württemberg,48.778361495649094,9.138484878064812,0711 6564360,,info@betty-hirsch-schulzentrum.de,https://www.betty-hirsch-schulzentrum.de/,,Öffentlich,27,97,Seyfferstraße,1507,48.7699486,9.1546074,,Rotebühlstraße/Augustenstraße,1516,48.7697109,9.1544685,,Rotebühlstraße,1549,48.7699271,9.1553158,,Beethovenstraße,398,48.7772148,9.1333445,,Millöckerstraße,485,48.7794218,9.1320614,,Lindpaintnerstraße,574,48.7739984,9.1343028,,Nikolauspflege,51,48.7786559,9.1379462,,Wielandstraße,363,48.775122,9.1391445,40;50;N2,Geibelstraße,388,48.7812256,9.1415028,,"40, 50, 91, N2",50.0,20,6.7,0,2,18,7,0,10,57,West,Stuttgart,6952,12980.4,52.3,1.2,stuttgart.de Adressverzeichnis,2026-04-06,"2024,2023,2022",Unfallatlas,53560,bezirk_estimated,12980.4,50,92.7,695,1297.3,357,667.4,123,229.4
STG-302690,Betty-Hirsch-Schulzentrum (Werkrealschule),secondary,Werkrealschule,Am Kräherwald 271,30269,Stuttgart,West,Stuttgart,Baden-Württemberg,48.778361495649094,9.138484878064812,0711 6564360,,info@betty-hirsch-schulzentrum.de,http://www.betty-hirsch-schulzentrum.de/,,Öffentlich,27,97,Seyfferstraße,1507,48.7699486,9.1546074,,Rotebühlstraße/Augustenstraße,1516,48.7697109,9.1544685,,Rotebühlstraße,1549,48.7699271,9.1553158,,Beethovenstraße,398,48.7772148,9.1333445,,Millöckerstraße,485,48.7794218,9.1320614,,Lindpaintnerstraße,574,48.7739984,9.1343028,,Nikolauspflege,51,48.7786559,9.1379462,,Wielandstraße,363,48.775122,9.1391445,40;50;N2,Geibelstraße,388,48.7812256,9.1415028,,"40, 50, 91, N2",50.0,20,6.7,0,2,18,7,0,10,57,West,Stuttgart,6952,12980.4,52.3,1.2,stuttgart.de Adressverzeichnis,2026-04-06,"2024,2023,2022",Unfallatlas,53560,bezirk_estimated,12980.4,50,92.7,695,1297.3,357,667.4,123,229.4
STG-345696,Birken-Realschule (Außenstelle),secondary,Realschule,Bockelstraße 8,34569,Stuttgart,Sillenbuch,Stuttgart,Baden-Württemberg,48.74731453074913,9.234180142391608,0711 21699830,,poststelle.birken-realschule@stuttgart.de,https://www.stuttgart-inklusiv.de/,,Öffentlich,0,0,Ruit,2264,48.7312905,9.2532278,,U-Bahn (48.7490),4749,48.7490455,9.1694659,,U-Bahn (48.7493),4769,48.7492646,9.1691988,,Ruit,2290,48.7311387,9.2535044,,Ruit Zinsholz,3096,48.7263118,9.2618863,,Parksiedlung,3726,48.7245539,9.2714752,,Ruit Horbstraße,1990,48.7313283,9.2463691,,Ruit Im Kapf,2033,48.7343762,9.2537759,,Ruit,2305,48.7309793,9.2535255,,,0.0,9,3.0,0,1,8,5,3,4,53,Sillenbuch,Stuttgart,1365,5408.5,52.3,0.5,stuttgart.de Adressverzeichnis,2026-04-06,"2024,2023,2022",Unfallatlas,25240,bezirk_estimated,5408.5,10,38.6,136,540.6,70,278.1,24,95.6
STG-17649,Bismarckschule,secondary,Werkrealschule,Wiener Straße 76,17649,Stuttgart,Feuerbach,Stuttgart,Baden-Württemberg,48.811235436471414,9.157358122007212,0711 21660821,,poststelle.bismarckschule@stuttgart.de,https://www.stuttgart-inklusiv.de/,,Öffentlich,0,0,Stuttgart-Zuffenhausen,2158,48.8295258,9.16721,,Stuttgart Nordbahnhof,2399,48.80373,9.188064,,U-Bahn (48.8323),2523,48.8322673,9.1702915,,Pragsattel,1899,48.8095572,9.1831651,,Löwentorbrücke,2088,48.8037563,9.1835069,,Hohensteinstraße,2119,48.82696,9.173708,,Pragsattel,1810,48.8095352,9.1819347,,Frankenstraße,1966,48.8257409,9.1727177,,Mähderklinge,2005,48.794441,9.14739,,,0.0,75,25.0,0,9,66,20,14,39,14,Feuerbach,Stuttgart,3296,10817.0,52.3,1.0,stuttgart.de Adressverzeichnis,2026-04-06,"2024,2023,2022",Unfallatlas,30470,bezirk_estimated,10817.0,24,77.3,329,1081.1,169,556.2,58,191.2
STG-17949,Birken-Realschule,secondary,Realschule,Bruno-Frank-Straße 14,17949,Stuttgart,Sillenbuch,Stuttgart,Baden-Württemberg,48.748253249139694,9.232633702529611,0711 21699830,,poststelle.birken-realschule@stuttgart.de,https://www.stuttgart-inklusiv.de/,,Öffentlich,0,0,Ruit,2416,48.7312905,9.2532278,,U-Bahn (48.7490),4632,48.7490455,9.1694659,,U-Bahn (48.7493),4652,48.7492646,9.1691988,,Ruit,2442,48.7311387,9.2535044,,Ruit Zinsholz,3249,48.7263118,9.2618863,,Brendle (Großmarkt),3725,48.781529,9.2268019,,Ruit Horbstraße,2135,48.7313283,9.2463691,,Ruit Im Kapf,2187,48.7343762,9.2537759,,Riedenberg,2313,48.7331611,9.2109248,,,0.0,7,2.3,0,1,6,4,2,2,178,Sillenbuch,Stuttgart,1365,5408.5,52.3,0.5,stuttgart.de Adressverzeichnis,2026-04-06,"2024,2023,2022",Unfallatlas,25240,bezirk_estimated,5408.5,10,38.6,136,540.6,70,278.1,24,95.6
STG-17961,Brunnen-Realschule,secondary,Realschule,Wilhelmstraße (Ca) 32,17961,Stuttgart,Bad Cannstatt,Stuttgart,Baden-Württemberg,48.806650222695296,9.2166830982974,0711 21662880,,poststelle.brunnen-realschule@stuttgart.de,http://www.brunnen-realschule.de/,,Öffentlich,7,32,Bad Cannstatt,583,48.8014069,9.2168515,,Stuttgart Nordbahnhof,2121,48.80373,9.188064,,Stuttgart Neckarpark,2437,48.7918161,9.2411731,,Rosensteinbrücke,522,48.8059151,9.2096405,,Wilhelma,694,48.8039115,9.2081698,,Mercedesstraße,818,48.8000306,9.2118235,,Martinskirche,429,48.8075907,9.2110082,,Rosensteinbrücke,441,48.8058261,9.2107955,,Rosensteinbrücke (Ersatz),458,48.8062606,9.2104546,,,50.0,97,32.3,0,12,85,31,15,52,48,Bad Cannstatt,Stuttgart,10829,15143.8,52.3,1.4,stuttgart.de Adressverzeichnis,2026-04-06,"2024,2023,2022",Unfallatlas,71510,bezirk_estimated,15143.8,77,108.2,1082,1513.6,557,778.7,191,267.7
STG-18062,Dillmann-Gymnasium,secondary,Gymnasium,Forststraße 43,18062,Stuttgart,West,Stuttgart,Baden-Württemberg,48.77965154622593,9.163207815982664,0711 21659755,,Poststelle.Dillmann-Gymnasium@stuttgart.de,http://www.dillmann-gymnasium.de/,,Öffentlich,25,87,Rotebühlplatz,747,48.7755541,9.1712823,,U-Bahn (48.7732),775,48.7732147,9.1672656,,Stadtmitte,801,48.7774893,9.1736401,,Berliner Platz (Liederhalle),332,48.7785048,9.1673952,,Schloss-/Johannesstraße,349,48.7765261,9.1628387,,Berliner Platz (Hohe Straße),429,48.7776072,9.1681723,,Rosenberg-/Johannesstraße,215,48.7798182,9.1602842,,Berliner Platz (Liederhalle),322,48.7784415,9.1672018,,Schloss-/Johannesstraße,346,48.7765945,9.1623018,,"40, 42, 43, N10, N2",65.0,88,29.3,0,5,83,27,14,52,54,West,Stuttgart,6952,12980.4,52.3,1.2,stuttgart.de Adressverzeichnis,2026-04-06,"2024,2023,2022",Unfallatlas,53560,bezirk_estimated,12980.4,50,92.7,695,1297.3,357,667.4,123,229.4
STG-18074,Eberhard-Ludwigs-Gymnasium,secondary,Gymnasium,Ludwigstraße 111,18074,Stuttgart,West,Stuttgart,Baden-Württemberg,48.77077765476561,9.152903805570876,0711 21634170,,ebelu@stuttgart.de,http://www.ebelu.de/,,Öffentlich,45,116,Seyfferstraße,155,48.7699486,9.1546074,,Rotebühlstraße/Augustenstraße,165,48.7697109,9.1544685,,Rotebühlstraße,200,48.7699271,9.1553158,,Arndt-/Spittastraße,480,48.7748553,9.1507698,,Schwab-/Bebelstraße,498,48.7750285,9.1550291,,Vogelsang,670,48.7746693,9.1459177,,Seyfferstraße,117,48.7697228,9.1529949,,Leipziger Platz,209,48.7700163,9.150293,,Rotebühl-/Reinsburgstraße,263,48.7686782,9.1512527,,"40, 42, 44, N10, N2",50.0,53,17.7,0,3,50,14,10,20,35,West,Stuttgart,6952,12980.4,52.3,1.2,stuttgart.de Adressverzeichnis,2026-04-06,"2024,2023,2022",Unfallatlas,53560,bezirk_estimated,12980.4,50,92.7,695,1297.3,357,667.4,123,229.4
STG-17645,Eichendorffschule Gemeinschaftsschule,secondary,Gemeinschaftsschule,Ebitzweg 57,17645,Stuttgart,Bad Cannstatt,Stuttgart,Baden-Württemberg,48.80439608071104,9.237564475468591,0711 21657110,,eichendorffschule@stuttgart.de,http://www.eido-schule.de/,,Öffentlich,0,4,Stuttgart Neckarpark,1424,48.7918161,9.2411731,,Sommerrain,1447,48.8152317,9.248517,,Bad Cannstatt,1553,48.8014069,9.2168515,,Kienbachstraße,574,48.7996452,9.2344818,,Antwerpener Straße,610,48.8084538,9.2431757,,Beskidenstraße,1368,48.8102154,9.2540306,,Antwerpener Straße,590,48.8084432,9.2427647,,Edelweißweg,1120,48.8141253,9.2415301,,Benzstraße (Ersatz),1221,48.7957135,9.2273636,,,8.0,23,7.7,0,4,19,8,4,12,108,Bad Cannstatt,Stuttgart,10829,15143.8,52.3,1.4,stuttgart.de Adressverzeichnis,2026-04-06,"2024,2023,2022",Unfallatlas,71510,bezirk_estimated,15143.8,77,108.2,1082,1513.6,557,778.7,191,267.7
STG-17937,Elise von König-Gemeinschaftsschule,secondary,Gemeinschaftsschule,Nagoldstraße 7,17937,Stuttgart,Münster,Stuttgart,Baden-Württemberg,48.81992692180281,9.22208050031028,0711 21655490,,poststelle.elise.von.koenig-schule@stuttgart.de,https://www.stuttgart-inklusiv.de/,,Öffentlich,0,2,Sommerrain,2005,48.8152317,9.248517,,Bad Cannstatt,2095,48.8014069,9.2168515,,Stuttgart Nordbahnhof,3074,48.80373,9.188064,,Bottroper Straße (Lessing-Schulen),885,48.8209476,9.2100942,,Hallschlag,1315,48.8181625,9.2043237,,Riethmüllerhaus,1477,48.8140452,9.2039927,,Burgholzstraße,910,48.8218355,9.2099915,,Am Römerkastell,1182,48.8137788,9.2089047,,Altenburg,1226,48.8121078,9.2102748,,,4.0,28,9.3,0,3,25,12,2,14,11,Münster,Stuttgart,475,6490.2,52.3,0.6,stuttgart.de Adressverzeichnis,2026-04-06,"2024,2023,2022",Unfallatlas,7320,bezirk_estimated,6490.2,3,46.4,47,648.7,24,333.7,8,114.7
STG-18070,Elly-Heuss-Knapp-Gymnasium,secondary,Gymnasium,Remstalstraße 35,18070,Stuttgart,Bad Cannstatt,Stuttgart,Baden-Württemberg,48.80298611728068,9.240744503375629,0711 21634800,,poststelle.elly-heuss-knapp-gymnasium@stuttgart.de,http://www.s-elly.de/,,Öffentlich,0,4,Stuttgart Neckarpark,1242,48.7918161,9.2411731,,Sommerrain,1476,48.8152317,9.248517,,Bad Cannstatt,1759,48.8014069,9.2168515,,Kienbachstraße,590,48.7996452,9.2344818,,Antwerpener Straße,634,48.8084538,9.2431757,,Beskidenstraße,1262,48.8102154,9.2540306,,Antwerpener Straße,625,48.8084432,9.2427647,,Neckarpark (Mercedes-Benz),1199,48.7922023,9.2405114,,Beskidenstraße,1215,48.8101577,9.253269,,,8.0,8,2.7,0,3,5,3,1,5,107,Bad Cannstatt,Stuttgart,10829,15143.8,52.3,1.4,stuttgart.de Adressverzeichnis,2026-04-06,"2024,2023,2022",Unfallatlas,71510,bezirk_estimated,15143.8,77,108.2,1082,1513.6,557,778.7,191,267.7
STG-18380,Eschbach-Gymnasium,secondary,Gymnasium,Adalbert-Stifter-Straße 40,18380,Stuttgart,Mühlhausen,Stuttgart,Baden-Württemberg,48.839657397637716,9.21118333745448,0711 21689499,,poststelle.eschbach-gymnasium@stuttgart.de,http://www.eschbach-gymnasium.de/,,Öffentlich,0,0,U-Bahn (48.8321),3039,48.8321247,9.171266,,U-Bahn (48.8322),3085,48.8322288,9.1705762,,U-Bahn (48.8323),3104,48.8322673,9.1702915,,Bottroper Straße (Lessing-Schulen),2082,48.8209476,9.2100942,,Hallschlag,2437,48.818218,9.2042537,,Kelterplatz,2798,48.8296962,9.1760801,,Burgholzstraße,1984,48.8218355,9.2099915,,Schnarrenberg,2006,48.8239897,9.1975898,,Münster Friedhof,2007,48.8221919,9.2042873,,,0.0,11,3.7,0,1,10,2,2,6,180,Mühlhausen,Stuttgart,2240,8653.6,52.3,0.8,stuttgart.de Adressverzeichnis,2026-04-06,"2024,2023,2022",Unfallatlas,25880,bezirk_estimated,8653.6,16,61.8,224,864.9,115,445.0,40,153.0
STG-47339,Evangelische Mörike-Realschule,secondary,Realschule,Arminstraße 30,47339,Stuttgart,Süd,Stuttgart,Baden-Württemberg,48.764697137024726,9.165377450559316,0711 960230,,sekretariat@emg-stuttgart.de,https://www.stuttgart-inklusiv.de/,,Privat,29,116,Marienplatz,194,48.764413,9.1679957,,Ausgang Richtung Rotebühlstraße/Bus,815,48.7705653,9.1587233,,U-Bahn (48.7720),820,48.7719965,9.1638126,,Marienplatz,207,48.7642519,9.1681266,,Liststraße,354,48.7622826,9.1685227,,Erwin-Schoettle-Platz,437,48.7628752,9.1600896,,Marienplatz,172,48.7645243,9.1677075,,Schickhardtschule,356,48.765651,9.1607454,,Marienhospital,359,48.7617993,9.1632203,,44,50.0,80,26.7,0,7,73,35,12,47,61,Süd,Stuttgart,4843,10817.0,52.3,1.0,stuttgart.de Adressverzeichnis,2026-04-06,"2024,2023,2022",Unfallatlas,44770,bezirk_estimated,10817.0,35,77.3,484,1081.1,249,556.2,86,191.2
STG-18524,Evangelisches Heidehof-Gymnasium,secondary,Gymnasium,Heidehofstraße 49,18524,Stuttgart,Ost,Stuttgart,Baden-Württemberg,48.775715887824525,9.200244028784796,0711 480765,,info@heidehofgymnasium.de,https://www.heidehofgymnasium.de/,,Privat,0,0,Eingang Rathaus (U-Bahn),1456,48.774433,9.1804719,,Rathaus,1500,48.7739161,9.179959,,Schlossplatz,1592,48.7791984,9.1791684,,Gaisburg,1444,48.7839051,9.2155437,,Rathaus,1513,48.7735198,9.1798691,,Schlossplatz,1595,48.7791041,9.1790863,,Tal-/Landhausstraße,1401,48.7846571,9.2137173,,Rathaus,1476,48.7735728,9.18036,,Schlossplatz,1506,48.7776066,9.1798868,,,0.0,27,9.0,0,0,27,7,1,20,74,Ost,Stuttgart,5857,11898.7,52.3,1.1,stuttgart.de Adressverzeichnis,2026-04-06,"2024,2023,2022",Unfallatlas,49220,bezirk_estimated,11898.7,42,85.0,585,1189.2,301,611.8,104,210.3
STG-19962,Evangelisches Mörike-Gymnasium,secondary,Gymnasium,Arminstraße 30,19962,Stuttgart,Süd,Stuttgart,Baden-Württemberg,48.764697137024726,9.165377450559316,0711 960230,,sekretariat@emg-stuttgart.de,https://www.stuttgart-inklusiv.de/,,Privat,29,116,Marienplatz,194,48.764413,9.1679957,,Ausgang Richtung Rotebühlstraße/Bus,815,48.7705653,9.1587233,,U-Bahn (48.7720),820,48.7719965,9.1638126,,Marienplatz,207,48.7642519,9.1681266,,Liststraße,354,48.7622826,9.1685227,,Erwin-Schoettle-Platz,437,48.7628752,9.1600896,,Marienplatz,172,48.7645243,9.1677075,,Schickhardtschule,356,48.765651,9.1607454,,Marienhospital,359,48.7617993,9.1632203,,44,50.0,80,26.7,0,7,73,35,12,47,61,Süd,Stuttgart,4843,10817.0,52.3,1.0,stuttgart.de Adressverzeichnis,2026-04-06,"2024,2023,2022",Unfallatlas,44770,bezirk_estimated,10817.0,35,77.3,484,1081.1,249,556.2,86,191.2
STG-18080,Fanny-Leicht-Gymnasium,secondary,Gymnasium,Fanny-Leicht-Straße 13,18080,Stuttgart,Vaihingen,Stuttgart,Baden-Württemberg,48.731165432013846,9.116855353636396,0711 733624,,Poststelle.Fanny-Leicht-Gymnasium@stuttgart.de,http://www.fanny-leicht.de/,,Öffentlich,15,64,Stuttgart-Vaihingen,588,48.7264626,9.1131764,,Stuttgart Österfeld,705,48.7375038,9.1167264,,Stuttgart-Rohr,1618,48.7177263,9.1084072,,Fauststraße,150,48.7319027,9.1151364,,Jurastraße,248,48.7289486,9.1172043,,Vaihingen Viadukt,271,48.7332592,9.1187471,,Fauststraße,138,48.7317796,9.1152171,,Fanny-Leicht-Straße,146,48.72986,9.1170556,,Vaihingen Schillerplatz,394,48.7297365,9.1119447,,"008/043, 042, 751, Flixbus 008",50.0,37,12.3,0,2,35,21,3,23,102,Vaihingen,Stuttgart,3396,7571.9,52.3,0.7,stuttgart.de Adressverzeichnis,2026-04-06,"2024,2023,2022",Unfallatlas,44850,bezirk_estimated,7571.9,24,54.1,339,756.8,175,389.3,60,133.8
STG-9984,Freie Aktive Schule Stuttgart,secondary,Grund- und Werkrealschule,"Bopseräcker, Gew. 30A",13112,Stuttgart,Sillenbuch,Stuttgart,Baden-Württemberg,48.73454495125221,9.169875270243878,0711 6738238,,sekretariat@fas-stuttgart.de,https://www.stuttgart-inklusiv.de/,,Privat,7,35,U-Bahn (48.7485),1556,48.748473,9.167888,,U-Bahn (48.7490),1613,48.7490455,9.1694659,,U-Bahn (48.7493),1638,48.7492646,9.1691988,,Peregrinastraße,1294,48.7436853,9.1589438,,Sonnenberg,1381,48.7413446,9.1541136,,Sigmaringer Straße,1382,48.7287206,9.1532295,,Stuttgart Hohe Eiche,134,48.7337979,9.1684386,,Tränke,362,48.7377549,9.1690186,,Bus (48.7370),526,48.7369626,9.1760329,,,50.0,5,1.7,0,0,5,2,2,4,188,Sillenbuch,Stuttgart,1365,5408.5,52.3,0.5,stuttgart.de Adressverzeichnis,2026-04-06,"2024,2023,2022",Unfallatlas,25240,bezirk_estimated,5408.5,10,38.6,136,540.6,70,278.1,24,95.6
STG-270401,Freie element-i Gemeinschaftschule in Stuttgart,secondary,Gemeinschaftsschule,Breitwiesenstraße 8,27040,Stuttgart,Möhringen,Stuttgart,Baden-Württemberg,48.72229741281448,9.123483503538356,0711 6569601010,,schule@element-i.de,https://www.element-i.de/,,Privat,21,59,Stuttgart-Vaihingen,887,48.7264626,9.1131764,,Stuttgart-Rohr,1217,48.7177263,9.1084072,,U-Bahn (48.7175),1406,48.7174685,9.1411963,,Lapp Kabel,191,48.7228799,9.1210289,,Dürrlewang,509,48.7193705,9.1181455,,Wallgraben,535,48.7270363,9.1247795,,Gewerbestraße,182,48.7218683,9.1210865,,Gewerbestraße (Lapp Kabel),184,48.7218281,9.1210847,,Berufsbildungszentrum,184,48.7239146,9.1229705,,,50.0,27,9.0,0,1,26,9,1,21,175,Möhringen,Stuttgart,2461,7571.9,52.3,0.7,stuttgart.de Adressverzeichnis,2026-04-06,"2024,2023,2022",Unfallatlas,32500,bezirk_estimated,7571.9,18,54.1,246,756.8,127,389.3,43,133.8
STG-18571,Freie Evangelische Schule Stuttgart (GWRS),secondary,Grund- und Werkrealschule,"Hengstäcker, Gew. 15",18571,Stuttgart,Möhringen,Stuttgart,Baden-Württemberg,48.730450513780305,9.129242122471668,0711 7941360,,sekretariat@fes-stuttgart.de,https://www.stuttgart-inklusiv.de/,,Privat,7,33,Stuttgart Österfeld,1207,48.7375038,9.1167264,,Stuttgart-Vaihingen,1259,48.7264626,9.1131764,,U-Bahn (48.7175),1689,48.7174685,9.1411963,,SSB-Zentrum,398,48.7268746,9.1292875,,Wallgraben,467,48.7269684,9.1256902,,Engelboldstraße,713,48.7367864,9.1277281,,Wallgraben,276,48.7294391,9.1258119,,Engelboldstraße,733,48.737001,9.1281018,,Vaihinger Straße,805,48.7277247,9.1394035,,,50.0,31,10.3,0,1,30,12,1,22,90,Möhringen,Stuttgart,2461,7571.9,52.3,0.7,stuttgart.de Adressverzeichnis,2026-04-06,"2024,2023,2022",Unfallatlas,32500,bezirk_estimated,7571.9,18,54.1,246,756.8,127,389.3,43,133.8
STG-18620,Freie Evangelische Schule Stuttgart (Realschule),secondary,Realschule,"Hengstäcker, Gew. 15",18620,Stuttgart,Möhringen,Stuttgart,Baden-Württemberg,48.730450513780305,9.129242122471668,0711 7941360,,sekretariat@fes-stuttgart.de,https://www.stuttgart-inklusiv.de/,,Privat,7,33,Stuttgart Österfeld,1207,48.7375038,9.1167264,,Stuttgart-Vaihingen,1259,48.7264626,9.1131764,,U-Bahn (48.7175),1689,48.7174685,9.1411963,,SSB-Zentrum,398,48.7268746,9.1292875,,Wallgraben,467,48.7269684,9.1256902,,Engelboldstraße,713,48.7367864,9.1277281,,Wallgraben,276,48.7294391,9.1258119,,Engelboldstraße,733,48.737001,9.1281018,,Vaihinger Straße,805,48.7277247,9.1394035,,,50.0,31,10.3,0,1,30,12,1,22,90,Möhringen,Stuttgart,2461,7571.9,52.3,0.7,stuttgart.de Adressverzeichnis,2026-04-06,"2024,2023,2022",Unfallatlas,32500,bezirk_estimated,7571.9,18,54.1,246,756.8,127,389.3,43,133.8
STG-18334,Freie Waldorfschule am Kräherwald,secondary,Waldorfschule,Rudolf-Steiner-Weg 10,18334,Stuttgart,Nord,Stuttgart,Baden-Württemberg,48.79077538624402,9.153127940006854,0711 30530530,,kontakt@fkws.de,http://www.fkws.de/,,Privat,0,13,Friedrichsbau (Börse),2033,48.7799814,9.1755273,,Stadtmitte,2107,48.7774893,9.1736401,,Rotebühlplatz,2153,48.7755541,9.1712823,,Berliner Platz (Liederhalle),1719,48.7785048,9.1673952,,Schloss-/Johannesstraße,1737,48.7765261,9.1628387,,Schwab-/Bebelstraße,1757,48.7750285,9.1550291,,Mähderklinge,580,48.7943998,9.147442,,Kräherwald,874,48.7838863,9.1473827,,Leibnizstraße,973,48.7824913,9.1488326,,"40, 50, N2",20.0,8,2.7,0,2,6,5,0,3,106,Nord,Stuttgart,4054,14062.1,52.3,1.3,stuttgart.de Adressverzeichnis,2026-04-06,"2024,2023,2022",Unfallatlas,28830,bezirk_estimated,14062.1,29,100.4,405,1405.4,208,723.1,72,248.6
STG-19969,Freie Waldorfschule Uhlandshöhe,secondary,Waldorfschule,Haußmannstraße 44,19969,Stuttgart,Ost,Stuttgart,Baden-Württemberg,48.78227751528013,9.192878427200505,0711 210020,,waldorfschule@uhlandshoehe.de,http://www.waldorfschule-uhlandshoehe.de/,,Privat,0,0,Schlossplatz,1061,48.7791984,9.1791684,,Eingang Rathaus (U-Bahn),1260,48.774433,9.1804719,,Friedrichsbau (Börse),1274,48.7798416,9.1758929,,Schlossplatz,1070,48.7791041,9.1790863,,Rathaus,1363,48.7735198,9.1798691,,Raitelsberg,1603,48.7889458,9.2122835,,Schlossplatz,1084,48.7776066,9.1798868,,Kleiner Schlossplatz,1236,48.7794496,9.1765651,,Rathaus,1318,48.7738867,9.1801797,,,0.0,111,37.0,0,3,108,33,6,66,92,Ost,Stuttgart,5857,11898.7,52.3,1.1,stuttgart.de Adressverzeichnis,2026-04-06,"2024,2023,2022",Unfallatlas,49220,bezirk_estimated,11898.7,42,85.0,585,1189.2,301,611.8,104,210.3
STG-18087,Friedrich-Eugens-Gymnasium,secondary,Gymnasium,Silberburgstraße 86,18087,Stuttgart,West,Stuttgart,Baden-Württemberg,48.77912155628347,9.162661623523835,0711 21660990,,poststelle.friedrich-eugens-gymnasium@stuttgart.de,https://www.stuttgart-inklusiv.de/,,Öffentlich,27,99,U-Bahn (48.7732),738,48.7732147,9.1672656,,Rotebühlplatz,746,48.7755541,9.1712823,,U-Bahn (48.7725),750,48.7724517,9.1641789,,Schloss-/Johannesstraße,289,48.7765261,9.1628387,,Berliner Platz (Liederhalle),354,48.7785048,9.1673952,,Berliner Platz (Hohe Straße),437,48.7776072,9.1681723,,Rosenberg-/Johannesstraße,191,48.7798182,9.1602842,,Schloss-/Johannesstraße,282,48.7765945,9.1623018,,Berliner Platz (Liederhalle),341,48.7784415,9.1672018,,"40, 42, 43, 44, N10, N2",65.0,87,29.0,0,5,82,29,13,51,60,West,Stuttgart,6952,12980.4,52.3,1.2,stuttgart.de Adressverzeichnis,2026-04-06,"2024,2023,2022",Unfallatlas,53560,bezirk_estimated,12980.4,50,92.7,695,1297.3,357,667.4,123,229.4
STG-19871,Fritz-Leonhardt-Realschule,secondary,Realschule,Wurmlinger Straße 63,19871,Stuttgart,Degerloch,Stuttgart,Baden-Württemberg,48.74213762340803,9.163643997356289,0711 21689177,,poststelle.fritz-leonhardt-realschule@stuttgart.de,http://www.frlers.s.schule-bw.de/,,Öffentlich,14,54,U-Bahn (48.7485),770,48.748473,9.167888,,U-Bahn (48.7490),879,48.7490455,9.1694659,,U-Bahn (48.7493),891,48.7492646,9.1691988,,Peregrinastraße,363,48.7442122,9.1598187,,Degerloch Albstraße,460,48.7462613,9.1631143,,Sonnenberg,704,48.7413446,9.1541136,,Albschule,137,48.7426123,9.1653631,,Bus (48.7417),226,48.7416807,9.16665,,Pfullinger Straße,471,48.7399299,9.1691277,,,50.0,29,9.7,0,3,26,9,0,18,198,Degerloch,Stuttgart,1167,6490.2,52.3,0.6,stuttgart.de Adressverzeichnis,2026-04-06,"2024,2023,2022",Unfallatlas,17980,bezirk_estimated,6490.2,8,46.4,117,648.7,60,333.7,21,114.7
STG-18019,Gemeinschaftsschule Weilimdorf,secondary,Gemeinschaftsschule,Engelbergstraße 81,18019,Stuttgart,Weilimdorf,Stuttgart,Baden-Württemberg,48.802478985050186,9.094646276945102,0711 21691050,,poststelle.gms.weilimdorf@stuttgart.de,https://www.gmsweilimdorf.de/,,Öffentlich,11,29,Weilimdorf,2180,48.822086,9.0944331,,Ditzingen,3080,48.8235995,9.0674255,,Korntal,3314,48.8265137,9.1214162,,Salamanderweg,104,48.8026381,9.0932442,,Giebel,479,48.802611,9.0881094,,Bergheimer Hof,509,48.8041977,9.1010808,,Ernst-Reuter-Platz,198,48.8033162,9.0922594,,Salamanderweg,223,48.8027366,9.0916218,,Bus (48.8039),442,48.8038804,9.1002998,,,50.0,23,7.7,2,4,17,3,7,13,34,Weilimdorf,Stuttgart,2521,7571.9,52.3,0.7,stuttgart.de Adressverzeichnis,2026-04-06,"2024,2023,2022",Unfallatlas,33290,bezirk_estimated,7571.9,18,54.1,252,756.8,130,389.3,45,133.8
STG-421879,Gemeinschaftsschule Weilimdorf - Lernwerkstatt,secondary,Gemeinschaftsschule,Hemminger Straße 21,42187,Stuttgart,Weilimdorf,Stuttgart,Baden-Württemberg,48.823267818957696,9.095516467685409,0711 21635630,,poststelle.40-lernwerkstatt@stuttgart.de,https://www.stuttgart-inklusiv.de/,,Öffentlich,15,46,Weilimdorf,153,48.822086,9.0944331,,Korntal Gymnasium,1478,48.8305386,9.1124214,,Korntal,1930,48.8265137,9.1214162,,Löwen-Markt,1654,48.8137226,9.1128364,,Rastatter Straße,1718,48.8101977,9.1080204,,Wolfbusch,1891,48.8075391,9.1053391,,Weilimdorf Bahnhof,169,48.8219823,9.0942881,,Weilimdorf Bahnhof Unterführung,206,48.8215992,9.0967451,,Weilimdorf Bf. (Unterführung),230,48.8213807,9.0968052,,,50.0,16,5.3,0,2,14,4,2,10,184,Weilimdorf,Stuttgart,2521,7571.9,52.3,0.7,stuttgart.de Adressverzeichnis,2026-04-06,"2024,2023,2022",Unfallatlas,33290,bezirk_estimated,7571.9,18,54.1,252,756.8,130,389.3,45,133.8
STG-19151,Geschwister-Scholl-Gymnasium,secondary,Gymnasium,Richard-Schmid-Straße 25,19151,Stuttgart,Sillenbuch,Stuttgart,Baden-Württemberg,48.737669469463526,9.22118750256803,0711 21635100,,poststelle.gsg@stuttgart.de,http://www.geschwister-scholl-gymnasium.de/,,Öffentlich,0,4,Ruit,2455,48.7312905,9.2532278,,U-Bahn (48.7490),3998,48.7490455,9.1694659,,U-Bahn (48.7493),4024,48.7492646,9.1691988,,Ruit,2479,48.7311387,9.2535044,,Ruit Zinsholz,3241,48.7263118,9.2618863,,Nägelestraße,3815,48.7514962,9.1735738,,Riedenberg,904,48.7331611,9.2109248,,Grünlingweg,1128,48.7336143,9.207084,,Bus (48.7336),1133,48.7336316,9.2069976,,,8.0,19,6.3,0,2,17,6,4,10,132,Sillenbuch,Stuttgart,1365,5408.5,52.3,0.5,stuttgart.de Adressverzeichnis,2026-04-06,"2024,2023,2022",Unfallatlas,25240,bezirk_estimated,5408.5,10,38.6,136,540.6,70,278.1,24,95.6
STG-17668,Grund- und Werkrealschule Gablenberg,secondary,Grund- und Werkrealschule,Pflasteräckerstraße 25,17668,Stuttgart,Ost,Stuttgart,Baden-Württemberg,48.779740596356135,9.20841364207886,0711 21696770,,poststelle.gwrs.gablenberg@stuttgart.de,http://www.gws-gablenberg.de/,,Öffentlich,0,6,Eingang Rathaus (U-Bahn),2131,48.774433,9.1804719,,Schlossplatz,2144,48.7791984,9.1791684,,Rathaus,2178,48.7742415,9.1798912,,Gaisburg,698,48.7839051,9.2155437,,Raitelsberg,1062,48.7889458,9.2122835,,Schlachthof,1066,48.7871649,9.2176171,,Tal-/Landhausstraße,671,48.7846571,9.2137173,,Bus (48.7866),1025,48.7866295,9.2177024,,Schlachthof,1029,48.7867115,9.217646,,,12.0,55,18.3,0,5,50,12,11,31,59,Ost,Stuttgart,5857,11898.7,52.3,1.1,stuttgart.de Adressverzeichnis,2026-04-06,"2024,2023,2022",Unfallatlas,49220,bezirk_estimated,11898.7,42,85.0,585,1189.2,301,611.8,104,210.3
STG-18083,Gottlieb-Daimler-Gymnasium,secondary,Gymnasium,Kattowitzer Straße 8,18083,Stuttgart,Bad Cannstatt,Stuttgart,Baden-Württemberg,48.800983599258686,9.234647772219184,0711 21620880,,Poststelle.Gottlieb-Daimler-Gymnasium@stuttgart.de,https://www.stuttgart-inklusiv.de/,,Öffentlich,1,3,Stuttgart Neckarpark,1126,48.7918161,9.2411731,,Bad Cannstatt,1304,48.8014069,9.2168515,,Sommerrain,1882,48.8152317,9.248517,,Kienbachstraße,149,48.7996452,9.2344818,,Antwerpener Straße,1039,48.8084538,9.2431757,,NeckarPark (Stadion),1063,48.7936026,9.2254144,,Benzstraße (Ersatz),793,48.7957135,9.2273636,,Antwerpener Straße,1020,48.8084432,9.2427647,,NeckarPark (Stadion),1026,48.7936434,9.2261713,,,11.0,31,10.3,0,4,27,9,3,16,135,Bad Cannstatt,Stuttgart,10829,15143.8,52.3,1.4,stuttgart.de Adressverzeichnis,2026-04-06,"2024,2023,2022",Unfallatlas,71510,bezirk_estimated,15143.8,77,108.2,1082,1513.6,557,778.7,191,267.7
STG-12432,Grund- und Werkrealschule Gablenberg (Außenstelle),secondary,Grund- und Werkrealschule,Am Klingenbach 19,12432,Stuttgart,Ost,Stuttgart,Baden-Württemberg,48.78193153756339,9.2106551829722,0711 21696779,,,https://www.stuttgart-inklusiv.de/,,Öffentlich,6,20,Bad Cannstatt,2213,48.8014069,9.2168515,,Schlossplatz,2327,48.7791984,9.1791684,,Eingang Rathaus (U-Bahn),2364,48.774433,9.1804719,,Gaisburg,420,48.7839051,9.2155437,,Schlachthof,774,48.7871649,9.2176171,,Raitelsberg,789,48.7889458,9.2122835,,Tal-/Landhausstraße,377,48.7846571,9.2137173,,Bus (48.7866),734,48.7866295,9.2177024,,Schlachthof,738,48.7867115,9.217646,,,50.0,71,23.7,0,5,66,18,17,40,82,Ost,Stuttgart,5857,11898.7,52.3,1.1,stuttgart.de Adressverzeichnis,2026-04-06,"2024,2023,2022",Unfallatlas,49220,bezirk_estimated,11898.7,42,85.0,585,1189.2,301,611.8,104,210.3
STG-388049,Grund- und Werkrealschule Ostheim,secondary,Grund- und Werkrealschule,Landhausstraße 117,38804,Stuttgart,Ost,Stuttgart,Baden-Württemberg,48.787396515786334,9.203176688424945,0711 21633305,,poststelle.gwrs.ostheim@stuttgart.de,https://gwrsostheim.de/,,Öffentlich,0,8,Bad Cannstatt,1852,48.8014069,9.2168515,,Schlossplatz,1981,48.7791984,9.1791684,,Stuttgart Nordbahnhof,2127,48.80373,9.188064,,Raitelsberg,689,48.7889458,9.2122835,,Gaisburg,986,48.7839051,9.2155437,,Schlachthof,1058,48.7871649,9.2176171,,Raitelsberg,676,48.7888289,9.2121413,,Tal-/Landhausstraße,830,48.7846571,9.2137173,,Schlachthof,1049,48.7870787,9.2174933,,,16.0,58,19.3,0,4,54,25,9,38,90,Ost,Stuttgart,5857,11898.7,52.3,1.1,stuttgart.de Adressverzeichnis,2026-04-06,"2024,2023,2022",Unfallatlas,49220,bezirk_estimated,11898.7,42,85.0,585,1189.2,301,611.8,104,210.3
STG-18095,Hegel-Gymnasium,secondary,Gymnasium,Krehlstraße 65,18095,Stuttgart,Vaihingen,Stuttgart,Baden-Württemberg,48.72337052179435,9.102506266172188,0711 21698640,,Poststelle.Hegel-Gymnasium@stuttgart.de,http://www.hegelgymnasium.de/,,Öffentlich,10,70,Stuttgart-Rohr,762,48.7177263,9.1084072,,Stuttgart-Vaihingen,855,48.7264626,9.1131764,,Stuttgart Österfeld,1886,48.7375038,9.1167264,,Vaihingen,759,48.7262981,9.1118577,,Vaihingen Schillerplatz,1075,48.7301395,9.1129629,,Dürrlewang,1230,48.7193705,9.1181455,,Pestalozzi Schule,249,48.7250408,9.1002513,,Pestalozzi-Schule,252,48.725128,9.100332,,Hegel-Gymnasium,266,48.7227206,9.1059909,,"008/043, 042, 751, Flixbus 008",50.0,29,9.7,0,2,27,13,8,20,108,Vaihingen,Stuttgart,3396,7571.9,52.3,0.7,stuttgart.de Adressverzeichnis,2026-04-06,"2024,2023,2022",Unfallatlas,44850,bezirk_estimated,7571.9,24,54.1,339,756.8,175,389.3,60,133.8
STG-18091,Hölderlin-Gymnasium,secondary,Gymnasium,Hölderlinstraße 28,18091,Stuttgart,Nord,Stuttgart,Baden-Württemberg,48.78493420564184,9.161768308178509,0711 21633700,,Poststelle.Hoelderlin-Gymnasium@stuttgart.de,http://www.hoegy.net/,,Öffentlich,0,36,Friedrichsbau (Börse),1149,48.7799814,9.1755273,,Stadtmitte,1201,48.7774893,9.1736401,,Rotebühlplatz,1255,48.7755541,9.1712823,,Berliner Platz (Liederhalle),825,48.7785048,9.1673952,,Schloss-/Johannesstraße,938,48.7765261,9.1628387,,Berliner Platz (Hohe Straße),940,48.7776072,9.1681723,,Rosenberg-/Johannesstraße,574,48.779872,9.16023,,Rosenbergplatz,813,48.778546,9.1563695,,Berliner Platz (Liederhalle),813,48.7786401,9.1674205,,"40, 43, N2",20.0,42,14.0,1,3,38,12,10,33,72,Nord,Stuttgart,4054,14062.1,52.3,1.3,stuttgart.de Adressverzeichnis,2026-04-06,"2024,2023,2022",Unfallatlas,28830,bezirk_estimated,14062.1,29,100.4,405,1405.4,208,723.1,72,248.6
STG-17969,Jahn-Realschule,secondary,Realschule,Überkinger Straße 48,17969,Stuttgart,Bad Cannstatt,Stuttgart,Baden-Württemberg,48.80862879815087,9.216964020172195,0711 21665680,,Poststelle.Jahn-Realschule@stuttgart.de,http://www.jrs.s.bw.schule.de/,,Öffentlich,3,25,Bad Cannstatt,803,48.8014069,9.2168515,,Stuttgart Nordbahnhof,2185,48.80373,9.188064,,Sommerrain,2424,48.8152317,9.248517,,Rosensteinbrücke,615,48.8059151,9.2096405,,Wilhelma,831,48.8039115,9.2081698,,Glockenstraße (Mahle),934,48.8080817,9.2042424,,Martinskirche,451,48.8075907,9.2110082,,Rosensteinbrücke (Ersatz),543,48.8062869,9.2104501,,Rosensteinbrücke,549,48.8058261,9.2107955,,,35.0,63,21.0,0,10,53,20,12,31,38,Bad Cannstatt,Stuttgart,10829,15143.8,52.3,1.4,stuttgart.de Adressverzeichnis,2026-04-06,"2024,2023,2022",Unfallatlas,71510,bezirk_estimated,15143.8,77,108.2,1082,1513.6,557,778.7,191,267.7
STG-18623,Jörg-Ratgeb-Schule Stuttgart-Neugereut (Gymnasium),secondary,Gymnasium,Seeadlerstraße 3,18623,Stuttgart,Mühlhausen,Stuttgart,Baden-Württemberg,48.8325663632244,9.231129739257424,0711 21689400,,poststelle.jrsn@stuttgart.de,https://www.stuttgart-inklusiv.de/,,Öffentlich,0,0,Sommerrain,2310,48.8152317,9.248517,,Fellbach,3207,48.820297,9.2707765,,Bad Cannstatt,3619,48.8014069,9.2168515,,Bottroper Straße (Lessing-Schulen),2010,48.8209476,9.2100942,,Hallschlag,2533,48.8181625,9.2043237,,Antwerpener Straße,2823,48.8084538,9.2431757,,Kleiner Ostring,1657,48.8208218,9.2450637,,Auf der Gans,1729,48.8189046,9.2424099,,Burgholzstraße,1954,48.8218355,9.2099915,,,0.0,15,5.0,0,2,13,5,3,9,164,Mühlhausen,Stuttgart,2240,8653.6,52.3,0.8,stuttgart.de Adressverzeichnis,2026-04-06,"2024,2023,2022",Unfallatlas,25880,bezirk_estimated,8653.6,16,61.8,224,864.9,115,445.0,40,153.0
STG-19972,Jörg-Ratgeb-Schule Stuttgart Neugereut (Realschule),secondary,Realschule,Seeadlerstraße 3,19972,Stuttgart,Mühlhausen,Stuttgart,Baden-Württemberg,48.8325663632244,9.231129739257424,0711 21689400,,poststelle.jrsn@stuttgart.de,https://www.stuttgart-inklusiv.de/,,Öffentlich,0,0,Sommerrain,2310,48.8152317,9.248517,,Fellbach,3207,48.820297,9.2707765,,Bad Cannstatt,3619,48.8014069,9.2168515,,Bottroper Straße (Lessing-Schulen),2010,48.8209476,9.2100942,,Hallschlag,2533,48.8181625,9.2043237,,Antwerpener Straße,2823,48.8084538,9.2431757,,Kleiner Ostring,1657,48.8208218,9.2450637,,Auf der Gans,1729,48.8189046,9.2424099,,Burgholzstraße,1954,48.8218355,9.2099915,,,0.0,15,5.0,0,2,13,5,3,9,164,Mühlhausen,Stuttgart,2240,8653.6,52.3,0.8,stuttgart.de Adressverzeichnis,2026-04-06,"2024,2023,2022",Unfallatlas,25880,bezirk_estimated,8653.6,16,61.8,224,864.9,115,445.0,40,153.0
STG-18099,Karls-Gymnasium,secondary,Gymnasium,Tübinger Straße 38,18099,Stuttgart,Süd,Stuttgart,Baden-Württemberg,48.76935677708858,9.17172103785783,0711 21660590,,poststelle.karls-gymnasium@stuttgart.de,http://karls-gymnasium.de/,,Öffentlich,27,139,U-Bahn (48.7702),240,48.7702457,9.1747018,,Österreichischer Platz Eingang (U-Bahn),254,48.7697675,9.1751287,,U-Bahn (48.7700),282,48.7699804,9.1754545,,Österreichischer Platz,334,48.7703595,9.176011,,Rotebühlplatz,573,48.7744652,9.1727667,,Marienplatz,606,48.7643004,9.1686351,,Marien-/Silberburgstraße,202,48.7702624,9.1693385,,Mörikestraße,240,48.7681426,9.169017,,Marienstraße,249,48.7715966,9.1718838,,44,65.0,102,34.0,0,14,88,45,13,61,18,Süd,Stuttgart,4843,10817.0,52.3,1.0,stuttgart.de Adressverzeichnis,2026-04-06,"2024,2023,2022",Unfallatlas,44770,bezirk_estimated,10817.0,35,77.3,484,1081.1,249,556.2,86,191.2
STG-18544,Königin-Charlotte-Gymnasium,secondary,Gymnasium,Sigmaringer Straße 85,18544,Stuttgart,Möhringen,Stuttgart,Baden-Württemberg,48.73005299810524,9.152685098383822,0711 21633750,,Poststelle.Koenigin-Charlotte-Gymnasium@stuttgart.de,https://www.stuttgart-inklusiv.de/,,Öffentlich,13,24,U-Bahn (48.7175),1634,48.7174685,9.1411963,,U-Bahn (48.7485),2332,48.748473,9.167888,,U-Bahn (48.7490),2444,48.7490455,9.1694659,,Sigmaringer Straße,153,48.7287206,9.1532295,,Riedsee,362,48.7329786,9.1505075,,Möhringen Bahnhof,424,48.7305833,9.1469571,,Rembrandtstraße,285,48.7280598,9.1502447,,Riedsee,285,48.7322268,9.1506162,,Bus (48.7281),288,48.7280846,9.1501421,,,70.0,42,14.0,0,2,40,18,9,27,156,Möhringen,Stuttgart,2461,7571.9,52.3,0.7,stuttgart.de Adressverzeichnis,2026-04-06,"2024,2023,2022",Unfallatlas,32500,bezirk_estimated,7571.9,18,54.1,246,756.8,127,389.3,43,133.8
STG-18106,Königin-Olga-Stift,secondary,Gymnasium,Johannesstraße 18,18106,Stuttgart,West,Stuttgart,Baden-Württemberg,48.77518018374312,9.1634655373294,0711 21657610,,Poststelle.Koenigin-Olga-Stift@stuttgart.de,http://www.olga-stift.de/,,Öffentlich,42,136,U-Bahn (48.7725),308,48.7724517,9.1641789,,U-Bahn (48.7724),309,48.7724419,9.1641465,,Stuttgart Feuersee,338,48.7726044,9.1659138,,Schloss-/Johannesstraße,155,48.7763679,9.162352,,Berliner Platz (Hohe Straße),433,48.7771517,9.168557,,Berliner Platz (Liederhalle),469,48.7785048,9.1673952,,Schloss-/Johannesstraße,124,48.7761221,9.16255,,Feuersee,323,48.7734425,9.1669978,,Feuersee Position 2,324,48.773473,9.1670514,,"42, 43, 44, N10, N2",65.0,102,34.0,0,11,91,40,15,57,53,West,Stuttgart,6952,12980.4,52.3,1.2,stuttgart.de Adressverzeichnis,2026-04-06,"2024,2023,2022",Unfallatlas,53560,bezirk_estimated,12980.4,50,92.7,695,1297.3,357,667.4,123,229.4
STG-18110,Königin-Katharina-Stift,secondary,Gymnasium,Schillerstraße 5,18110,Stuttgart,Mitte,Stuttgart,Baden-Württemberg,48.7814708443925,9.185592652060627,0711 21696651,,Poststelle.Koenigin-Katharina-Stift@stuttgart.de,http://www.koenigin-katharina-stift.de/,,Öffentlich,0,32,Schlossplatz,534,48.7791984,9.1791684,,Friedrichsbau (Börse),733,48.7798416,9.1758929,,Eingang Rathaus (U-Bahn),868,48.774433,9.1804719,,Schlossplatz,545,48.7791041,9.1790863,,Rathaus,979,48.7735198,9.1798691,,Rotebühlplatz,1221,48.7744652,9.1727667,,Schlossplatz,600,48.7776066,9.1798868,,Kleiner Schlossplatz,699,48.7794496,9.1765651,,Büchsenstraße,926,48.777447,9.1745259,,,35.0,165,55.0,0,9,156,47,10,93,24,Mitte,Stuttgart,6539,27042.5,52.3,2.5,stuttgart.de Adressverzeichnis,2026-04-06,"2024,2023,2022",Unfallatlas,24180,bezirk_estimated,27042.5,47,193.2,654,2702.8,336,1390.5,116,478.0
STG-17763,Körschtalschule Gemeinschaftsschule,secondary,Gemeinschaftsschule,Paracelsusstraße 44,17763,Stuttgart,Plieningen,Stuttgart,Baden-Württemberg,48.706771533607295,9.209675274225509,0711 21698380,,poststelle.koerschtalschule@stuttgart.de,https://koerschtalschule.de/,,Öffentlich,0,4,Echterdingen,3379,48.6921433,9.1693145,,Ruit,4200,48.7312905,9.2532278,,Leinfelden,5037,48.6966965,9.1427508,,Stadionstraße,2857,48.6945466,9.1754327,,Schelmenwasen,2884,48.707677,9.1703979,,EnBW City,3146,48.7117374,9.1674598,,Bus (48.7143),881,48.7143425,9.2061214,,Fruwirthstraße,886,48.7143646,9.2060306,,Bus (48.7145),898,48.714503,9.2061518,,,8.0,10,3.3,0,1,9,1,3,5,17,Plieningen,Stuttgart,761,5408.5,52.3,0.5,stuttgart.de Adressverzeichnis,2026-04-06,"2024,2023,2022",Unfallatlas,14070,bezirk_estimated,5408.5,5,38.6,76,540.6,39,278.1,13,95.6
STG-281979,Kolping Realschule,secondary,Realschule,Willy-Brandt-Straße 4,28197,Stuttgart,Mitte,Stuttgart,Baden-Württemberg,48.78179085894058,9.187962420891267,0711 21580,,,https://www.stuttgart-inklusiv.de/,,Privat,0,20,Schlossplatz,706,48.7791984,9.1791684,,Friedrichsbau (Börse),911,48.7798416,9.1758929,,Eingang Rathaus (U-Bahn),985,48.774433,9.1804719,,Schlossplatz,716,48.7791041,9.1790863,,Rathaus,1094,48.7735198,9.1798691,,Rotebühlplatz,1380,48.7744652,9.1727667,,Schlossplatz,753,48.7776066,9.1798868,,Kleiner Schlossplatz,875,48.7794496,9.1765651,,Rathaus,1048,48.7738867,9.1801797,,,20.0,167,55.7,0,9,158,52,4,99,52,Mitte,Stuttgart,6539,27042.5,52.3,2.5,stuttgart.de Adressverzeichnis,2026-04-06,"2024,2023,2022",Unfallatlas,24180,bezirk_estimated,27042.5,47,193.2,654,2702.8,336,1390.5,116,478.0
STG-16061,Lessing-Schulen Realschule,secondary,Realschule,Zuckerfabrik 7,16061,Stuttgart,Bad Cannstatt,Stuttgart,Baden-Württemberg,48.820518035745096,9.21395014032523,0711 2226767,,info@lessing-schulen.de,https://www.lessing-schulen.de/,,Öffentlich,2,17,Bad Cannstatt,2136,48.8014069,9.2168515,,Sommerrain,2598,48.8152317,9.248517,,Stuttgart Nordbahnhof,2660,48.80373,9.188064,,Bottroper Straße (Lessing-Schulen),286,48.8209476,9.2100942,,Hallschlag,752,48.8181625,9.2043237,,Riethmüllerhaus,1024,48.8140452,9.2039927,,Burgholzstraße,325,48.8218355,9.2099915,,Münster Friedhof,732,48.8221919,9.2042873,,Hallschlag,792,48.8176999,9.2040158,,,30.0,20,6.7,0,2,18,1,3,11,46,Bad Cannstatt,Stuttgart,10829,15143.8,52.3,1.4,stuttgart.de Adressverzeichnis,2026-04-06,"2024,2023,2022",Unfallatlas,71510,bezirk_estimated,15143.8,77,108.2,1082,1513.6,557,778.7,191,267.7
STG-16064,Lessing-Schulen Gymnasium,secondary,Gymnasium,Zuckerfabrik 7,16064,Stuttgart,Bad Cannstatt,Stuttgart,Baden-Württemberg,48.820518035745096,9.21395014032523,0711 2226767,,info@lessing-schulen.de,https://www.lessing-schulen.de/,,Öffentlich,2,17,Bad Cannstatt,2136,48.8014069,9.2168515,,Sommerrain,2598,48.8152317,9.248517,,Stuttgart Nordbahnhof,2660,48.80373,9.188064,,Bottroper Straße (Lessing-Schulen),286,48.8209476,9.2100942,,Hallschlag,752,48.8181625,9.2043237,,Riethmüllerhaus,1024,48.8140452,9.2039927,,Burgholzstraße,325,48.8218355,9.2099915,,Münster Friedhof,732,48.8221919,9.2042873,,Hallschlag,792,48.8176999,9.2040158,,,30.0,20,6.7,0,2,18,1,3,11,46,Bad Cannstatt,Stuttgart,10829,15143.8,52.3,1.4,stuttgart.de Adressverzeichnis,2026-04-06,"2024,2023,2022",Unfallatlas,71510,bezirk_estimated,15143.8,77,108.2,1082,1513.6,557,778.7,191,267.7
STG-19863,Linden-Realschule,secondary,Realschule,Lindenschulstraße 20,19863,Stuttgart,Untertürkheim,Stuttgart,Baden-Württemberg,48.77744703601334,9.24900698441536,0711 21660500,,poststelle.linden-realschule@stuttgart.de,http://www.linden-realschule.de/,,Öffentlich,0,0,Stuttgart Neckarpark,1698,48.7918161,9.2411731,,Bad Cannstatt,3556,48.8014069,9.2168515,,Sommerrain,4202,48.8152317,9.248517,,Brendle (Großmarkt),1689,48.781529,9.2268019,,Wangener-/Landhausstraße,2012,48.7823783,9.2225894,,NeckarPark (Stadion),2493,48.7936026,9.2254144,,Bus (48.7868),1286,48.7868125,9.2387077,,Brendle (Großmarkt),1612,48.7814141,9.2278446,,Mercedes-Benz Welt,1637,48.7887672,9.2347304,,,0.0,54,18.0,0,2,52,18,6,34,176,Untertürkheim,Stuttgart,1658,9735.3,52.3,0.9,stuttgart.de Adressverzeichnis,2026-04-06,"2024,2023,2022",Unfallatlas,17030,bezirk_estimated,9735.3,12,69.5,166,973.0,85,500.6,29,172.1
STG-18528,Mädchengymnasium St. Agnes,secondary,Gymnasium,Gymnasiumstraße 45,18528,Stuttgart,Mitte,Stuttgart,Baden-Württemberg,48.777741896046216,9.17113712005033,0711 2253434,,info@agnes-gymnasium.de,https://www.stuttgart-inklusiv.de/,,Öffentlich,38,124,Stadtmitte,186,48.7774893,9.1736401,,Stuttgart Stadtmitte,215,48.7761945,9.1728998,,Rotebühlplatz,244,48.7755541,9.1712823,,Berliner Platz (Liederhalle),180,48.778496,9.1689635,,Berliner Platz (Hohe Straße),200,48.7771517,9.168557,,Rotebühlplatz,383,48.7744652,9.1727667,,Berliner Platz (Hohe Straße),189,48.7772751,9.1686528,,Bus (48.7756),236,48.7756156,9.1711177,,Rotebühlplatz,239,48.7755901,9.1710681,,"43, N2",75.0,131,43.7,0,14,117,52,19,73,89,Mitte,Stuttgart,6539,27042.5,52.3,2.5,stuttgart.de Adressverzeichnis,2026-04-06,"2024,2023,2022",Unfallatlas,24180,bezirk_estimated,27042.5,47,193.2,654,2702.8,336,1390.5,116,478.0
STG-18552,Merz Schule Privates Gymnasium,secondary,Gymnasium,Albrecht-Leo-Merz-Weg 2,18552,Stuttgart,Ost,Stuttgart,Baden-Württemberg,48.76535710987654,9.202761172126468,0711 210340,,info@merz-schule.de,http://www.merz-schule.de/,,Privat,0,0,Rathaus,1901,48.7726931,9.1793345,,Eingang Rathaus (U-Bahn),1920,48.774433,9.1804719,,Eingang Österreichischer Platz (U-Bahn),2029,48.7711414,9.1764985,,Rathaus,1907,48.7735198,9.1798691,,Österreichischer Platz,2038,48.7703595,9.176011,,Gaisburg,2264,48.7837933,9.2158815,,Neue Weinsteige 61,1614,48.7639829,9.1808409,,Wilhelm-/Olgastraße,1674,48.7696974,9.1808884,,Falbenhennenstraße,1764,48.7661579,9.1787193,,,0.0,11,3.7,0,0,11,2,2,9,88,Ost,Stuttgart,5857,11898.7,52.3,1.1,stuttgart.de Adressverzeichnis,2026-04-06,"2024,2023,2022",Unfallatlas,49220,bezirk_estimated,11898.7,42,85.0,585,1189.2,301,611.8,104,210.3
STG-18534,Michael Bauer Schule,secondary,Waldorfschule,Othellostraße 5,18534,Stuttgart,Vaihingen,Stuttgart,Baden-Württemberg,48.7386969790406,9.123686878325111,0711 68689660,,michael-bauer-schule@t-online.de,http://www.michael-bauer-schule.de/,,Öffentlich,9,25,Stuttgart Österfeld,527,48.7375038,9.1167264,,U-Bahn (48.7442),1407,48.7441968,9.1064073,,U-Bahn (48.7445),1434,48.744467,9.1061977,,Engelboldstraße,350,48.7376993,9.1282135,,Kaltental,472,48.7396556,9.1299508,,Vaihingen Viadukt,705,48.7332592,9.1187471,,Engelboldstraße,347,48.7370792,9.1277339,,Kaltental,458,48.7396769,9.1297573,,Im Elsental,703,48.7446858,9.126768,,,50.0,16,5.3,0,3,13,10,2,12,209,Vaihingen,Stuttgart,3396,7571.9,52.3,0.7,stuttgart.de Adressverzeichnis,2026-04-06,"2024,2023,2022",Unfallatlas,44850,bezirk_estimated,7571.9,24,54.1,339,756.8,175,389.3,60,133.8
STG-248145,Monte Sole - Schule für individuelle Entwicklung,secondary,Realschule,Kölner Straße 11,24814,Stuttgart,Münster,Stuttgart,Baden-Württemberg,48.82158282075667,9.20217047011826,0711 9548040,,info@realschule-monte-sole.de,http://www.realschule-monte-sole.de/,,Öffentlich,9,24,Stuttgart Nordbahnhof,2238,48.80373,9.188064,,Bad Cannstatt,2488,48.8014069,9.2168515,,U-Bahn (48.8321),2548,48.8321247,9.171266,,Hallschlag,404,48.818218,9.2042537,,Bottroper Straße (Lessing-Schulen),584,48.8209476,9.2100942,,Riethmüllerhaus,849,48.8140452,9.2039927,,Münster Friedhof,169,48.8221919,9.2042873,,Schnarrenberg,429,48.8239897,9.1975898,,Hallschlag,452,48.8176999,9.2040158,,,50.0,23,7.7,0,1,22,1,0,13,175,Münster,Stuttgart,475,6490.2,52.3,0.6,stuttgart.de Adressverzeichnis,2026-04-06,"2024,2023,2022",Unfallatlas,7320,bezirk_estimated,6490.2,3,46.4,47,648.7,24,333.7,8,114.7
STG-18117,Neues Gymnasium Leibniz,secondary,Gymnasium,Klagenfurter Straße 75,18117,Stuttgart,Feuerbach,Stuttgart,Baden-Württemberg,48.81208301083837,9.155916972131635,0711 21659850,,neues.gymnasium.leibniz@stuttgart.de,http://www.gymnasium-feuerbach.de/,,Öffentlich,0,0,Stuttgart-Zuffenhausen,2108,48.8295258,9.16721,,Stuttgart Neuwirtshaus (Porscheplatz),2434,48.8338388,9.1522098,,U-Bahn (48.8323),2479,48.8322673,9.1702915,,Pragsattel,2015,48.8095572,9.1831651,,Hohensteinstraße,2106,48.82696,9.173708,,Löwentorbrücke,2222,48.8037563,9.1835069,,Schlotwiese,1923,48.8292776,9.1530812,,Pragsattel,1926,48.8095352,9.1819347,,Frankenstraße,1954,48.8257409,9.1727177,,,0.0,68,22.7,0,9,59,18,14,34,46,Feuerbach,Stuttgart,3296,10817.0,52.3,1.0,stuttgart.de Adressverzeichnis,2026-04-06,"2024,2023,2022",Unfallatlas,30470,bezirk_estimated,10817.0,24,77.3,329,1081.1,169,556.2,58,191.2
STG-17965,Neckar-Realschule,secondary,Realschule,Heilbronner Straße 159,17965,Stuttgart,Mitte,Stuttgart,Baden-Württemberg,48.79851740088873,9.180412945460958,0711 21657730,,poststelle.neckar-realschule@stuttgart.de,https://neckar-realschule.de/,,Öffentlich,0,13,Stuttgart Nordbahnhof,806,48.80373,9.188064,,Friedrichsbau (Börse),2092,48.7799814,9.1755273,,Schlossplatz,2150,48.7791984,9.1791684,,Löwentorbrücke,625,48.8037563,9.1835069,,Nordbahnhof,844,48.8029917,9.1897176,,Löwentor,1183,48.8078423,9.1881896,,Löwentorbrücke (Diakonie),636,48.8038047,9.1837321,,Löwentorbrücke,665,48.8040946,9.1837094,,Nordbahnhof,815,48.8025995,9.1896623,,,20.0,25,8.3,0,3,22,6,5,18,135,Mitte,Stuttgart,6539,27042.5,52.3,2.5,stuttgart.de Adressverzeichnis,2026-04-06,"2024,2023,2022",Unfallatlas,24180,bezirk_estimated,27042.5,47,193.2,654,2702.8,336,1390.5,116,478.0
STG-421401,Neues Gymnasium Leibniz (Außenstelle),secondary,Gymnasium,Siemensstraße 52,42140,Stuttgart,Feuerbach,Stuttgart,Baden-Württemberg,48.81137112749195,9.175528405800494,0711 21659850,,info@ngl.s.schule-bw.de,https://www.gymnasium-feuerbach.de/,,Öffentlich,0,9,Stuttgart Nordbahnhof,1251,48.80373,9.188064,,Stuttgart-Zuffenhausen,2109,48.8295258,9.16721,,U-Bahn (48.8321),2329,48.8321247,9.171266,,Pragsattel,594,48.8095572,9.1831651,,Löwentor,1007,48.8078423,9.1881896,,Löwentorbrücke,1029,48.8037563,9.1835069,,Pragsattel,512,48.8095352,9.1819347,,Robert-Bosch-Krankenhaus,897,48.8150799,9.1864131,,Löwentorbrücke,966,48.8043439,9.1832858,,,18.0,98,32.7,0,11,87,29,5,60,39,Feuerbach,Stuttgart,3296,10817.0,52.3,1.0,stuttgart.de Adressverzeichnis,2026-04-06,"2024,2023,2022",Unfallatlas,30470,bezirk_estimated,10817.0,24,77.3,329,1081.1,169,556.2,58,191.2
STG-18114,Paracelsus-Gymnasium Hohenheim,secondary,Gymnasium,Paracelsusstraße 36,18114,Stuttgart,Plieningen,Stuttgart,Baden-Württemberg,48.70549169243268,9.21098838076659,0711 21625350,,poststelle.paracelsus-gymnasium-hohenheim@stuttgart.de,http://www.paracelsus-gymnasium.de/,,Öffentlich,0,0,Echterdingen,3400,48.6921433,9.1693145,,Ruit,4223,48.7312905,9.2532278,,Leinfelden,5102,48.6966965,9.1427508,,Stadionstraße,2879,48.6945466,9.1754327,,Schelmenwasen,2988,48.707677,9.1703979,,EnBW City,3269,48.7117374,9.1674598,,Bus (48.7143),1047,48.7143425,9.2061214,,Fruwirthstraße,1052,48.7143646,9.2060306,,Bus (48.7145),1063,48.714503,9.2061518,,,0.0,20,6.7,0,4,16,3,5,13,176,Plieningen,Stuttgart,761,5408.5,52.3,0.5,stuttgart.de Adressverzeichnis,2026-04-06,"2024,2023,2022",Unfallatlas,14070,bezirk_estimated,5408.5,5,38.6,76,540.6,39,278.1,13,95.6
STG-17973,Park-Realschule,secondary,Realschule,Fliegenweg 4,17973,Stuttgart,Zuffenhausen,Stuttgart,Baden-Württemberg,48.84812264078773,9.154352275672707,0711 21625500,,poststelle.park-realschule@stuttgart.de,http://www.park-realschule.de/,,Öffentlich,28,70,Stuttgart Neuwirtshaus (Porscheplatz),1596,48.8338388,9.1522098,,U-Bahn (48.8323),2114,48.8322673,9.1702915,,U-Bahn (48.8322),2129,48.8322288,9.1705762,,Stammheim,252,48.850041,9.1561744,,Korntaler Straße,258,48.8466944,9.157128,,Heutingsheimer Straße,728,48.8424502,9.1593153,,Freihofplatz,153,48.8492863,9.1554571,,Wespenweg,166,48.8494183,9.153212,,Stammheim,191,48.8494647,9.1559825,,,50.0,32,10.7,0,1,31,9,10,17,97,Zuffenhausen,Stuttgart,4543,11898.7,52.3,1.1,stuttgart.de Adressverzeichnis,2026-04-06,"2024,2023,2022",Unfallatlas,38180,bezirk_estimated,11898.7,32,85.0,454,1189.2,234,611.8,80,210.3
STG-17760,Pestalozzischule,secondary,Grund- und Werkrealschule,Krehlstraße 60,17760,Stuttgart,Vaihingen,Stuttgart,Baden-Württemberg,48.72398394177479,9.100590340569184,0711 21698660,,poststelle.pestalozzischule@stuttgart.de,https://www.stuttgart-inklusiv.de/,,Öffentlich,11,59,Stuttgart-Rohr,902,48.7177263,9.1084072,,Stuttgart-Vaihingen,963,48.7264626,9.1131764,,Stuttgart Österfeld,1913,48.7375038,9.1167264,,Vaihingen,866,48.7262981,9.1118577,,Vaihingen Schillerplatz,1137,48.7301395,9.1129629,,Jurastraße,1331,48.7289227,9.1171158,,Pestalozzi Schule,120,48.7250408,9.1002513,,Pestalozzi-Schule,129,48.725128,9.100332,,Albblick,410,48.7238436,9.0950076,,"008/043, 042, 751, Flixbus 008",50.0,23,7.7,0,1,22,13,7,18,81,Vaihingen,Stuttgart,3396,7571.9,52.3,0.7,stuttgart.de Adressverzeichnis,2026-04-06,"2024,2023,2022",Unfallatlas,44850,bezirk_estimated,7571.9,24,54.1,339,756.8,175,389.3,60,133.8
STG-17995,Raichberg-Realschule,secondary,Realschule,Schönbühlstraße 90,17995,Stuttgart,Ost,Stuttgart,Baden-Württemberg,48.78321027127038,9.209939047278144,0711 21633550,,Poststelle.Raichberg-Realschule@stuttgart.de,https://www.stuttgart-inklusiv.de/,,Öffentlich,6,20,Bad Cannstatt,2086,48.8014069,9.2168515,,Schlossplatz,2298,48.7791984,9.1791684,,Eingang Rathaus (U-Bahn),2370,48.774433,9.1804719,,Gaisburg,418,48.7839051,9.2155437,,Raitelsberg,660,48.7889458,9.2122835,,Schlachthof,714,48.7871649,9.2176171,,Tal-/Landhausstraße,320,48.7846571,9.2137173,,Raitelsberg,645,48.7888289,9.2121413,,Bus (48.7866),684,48.7866295,9.2177024,,,50.0,78,26.0,0,7,71,27,15,48,70,Ost,Stuttgart,5857,11898.7,52.3,1.1,stuttgart.de Adressverzeichnis,2026-04-06,"2024,2023,2022",Unfallatlas,49220,bezirk_estimated,11898.7,42,85.0,585,1189.2,301,611.8,104,210.3
STG-17981,Realschule Ostheim,secondary,Realschule,Landhausstraße 117,17981,Stuttgart,Ost,Stuttgart,Baden-Württemberg,48.787396515786334,9.203176688424945,0711 21633301,,poststelle.realschule.ostheim@stuttgart.de,https://www.rsostheim.de/,,Öffentlich,0,8,Bad Cannstatt,1852,48.8014069,9.2168515,,Schlossplatz,1981,48.7791984,9.1791684,,Stuttgart Nordbahnhof,2127,48.80373,9.188064,,Raitelsberg,689,48.7889458,9.2122835,,Gaisburg,986,48.7839051,9.2155437,,Schlachthof,1058,48.7871649,9.2176171,,Raitelsberg,676,48.7888289,9.2121413,,Tal-/Landhausstraße,830,48.7846571,9.2137173,,Schlachthof,1049,48.7870787,9.2174933,,,16.0,58,19.3,0,4,54,25,9,38,90,Ost,Stuttgart,5857,11898.7,52.3,1.1,stuttgart.de Adressverzeichnis,2026-04-06,"2024,2023,2022",Unfallatlas,49220,bezirk_estimated,11898.7,42,85.0,585,1189.2,301,611.8,104,210.3
STG-18613,Realschule Feuerbach,secondary,Realschule,Hohewartstraße 95,18613,Stuttgart,Feuerbach,Stuttgart,Baden-Württemberg,48.80561715503274,9.147398655476248,0711 21698059,,rsf@stuttgart.de,http://www.realschule-feuerbach.de/,,Öffentlich,0,0,Stuttgart Nordbahnhof,2986,48.80373,9.188064,,Korntal,3003,48.8265137,9.1214162,,Stuttgart-Zuffenhausen,3028,48.8295258,9.16721,,Löwentorbrücke,2653,48.8037563,9.1835069,,Pragsattel,2656,48.8095572,9.1831651,,Löwen-Markt,2687,48.8137226,9.1128364,,Mähderklinge,1243,48.794441,9.14739,,Mathildenstraße,2345,48.8141153,9.1180918,,Botnang Freibad,2369,48.7864903,9.1331552,,,0.0,5,1.7,0,1,4,2,1,1,151,Feuerbach,Stuttgart,3296,10817.0,52.3,1.0,stuttgart.de Adressverzeichnis,2026-04-06,"2024,2023,2022",Unfallatlas,30470,bezirk_estimated,10817.0,24,77.3,329,1081.1,169,556.2,58,191.2
STG-17988,Rilke-Realschule,secondary,Realschule,Tapachstraße 60,17988,Stuttgart,Zuffenhausen,Stuttgart,Baden-Württemberg,48.829986200112934,9.196263500296292,0711 21689430,,poststelle.rilke-realschule@stuttgart.de,http://www.rrs.s.schule-bw.de/,,Öffentlich,0,3,U-Bahn (48.8321),1845,48.8321247,9.171266,,U-Bahn (48.8322),1897,48.8322288,9.1705762,,U-Bahn (48.8323),1918,48.8322673,9.1702915,,Bottroper Straße (Lessing-Schulen),1427,48.8209476,9.2100942,,Hallschlag,1433,48.818218,9.2042537,,Kelterplatz,1478,48.8296962,9.1760801,,Schnarrenberg,674,48.8239897,9.1975898,,Bus (48.8238),936,48.8238414,9.1875316,,Münster Friedhof,1047,48.8221919,9.2042873,,,6.0,19,6.3,0,3,16,2,7,14,46,Zuffenhausen,Stuttgart,4543,11898.7,52.3,1.1,stuttgart.de Adressverzeichnis,2026-04-06,"2024,2023,2022",Unfallatlas,38180,bezirk_estimated,11898.7,32,85.0,454,1189.2,234,611.8,80,210.3
STG-19885,Robert-Koch-Realschule,secondary,Realschule,Vischerstraße 21,19885,Stuttgart,Vaihingen,Stuttgart,Baden-Württemberg,48.72313431014873,9.105075569456677,0711 21698612,,poststelle.robert-koch-realschule@stuttgart.de,http://www.robert-koch-realschule.de/,,Öffentlich,12,66,Stuttgart-Rohr,649,48.7177263,9.1084072,,Stuttgart-Vaihingen,700,48.7264626,9.1131764,,Stuttgart Österfeld,1812,48.7375038,9.1167264,,Vaihingen,609,48.7262981,9.1118577,,Vaihingen Schillerplatz,970,48.7301395,9.1129629,,Dürrlewang,1046,48.7193705,9.1181455,,Hegel-Gymnasium,81,48.7227206,9.1059909,,Waldburgstraße,348,48.7257641,9.1076478,,Pestalozzi Schule,413,48.7250408,9.1002513,,"008/043, 042, 751, Flixbus 008",50.0,31,10.3,0,3,28,10,10,23,83,Vaihingen,Stuttgart,3396,7571.9,52.3,0.7,stuttgart.de Adressverzeichnis,2026-04-06,"2024,2023,2022",Unfallatlas,44850,bezirk_estimated,7571.9,24,54.1,339,756.8,175,389.3,60,133.8
STG-17730,Rosensteinschule,secondary,Grund- und Werkrealschule,Nordbahnhofstraße 120,17730,Stuttgart,Nord,Stuttgart,Baden-Württemberg,48.800345547202795,9.19037396768766,0711 21620820,,poststelle.rosensteinschule@stuttgart.de,http://www.rosensteinschule.de/,,Öffentlich,7,19,Stuttgart Nordbahnhof,413,48.80373,9.188064,,Bad Cannstatt,1943,48.8014069,9.2168515,,Schlossplatz,2491,48.7791984,9.1791684,,Nordbahnhof,298,48.8029917,9.1897176,,Löwentorbrücke,630,48.8037563,9.1835069,,Rosensteinpark,847,48.806852,9.1963975,,Nordbahnhof,256,48.8025995,9.1896623,,Nordbahnhof (Lotto Baden-Württemberg),411,48.8039962,9.1895213,,Löwentorbrücke (Diakonie),620,48.8038047,9.1837321,,,50.0,15,5.0,0,0,15,7,1,9,104,Nord,Stuttgart,4054,14062.1,52.3,1.3,stuttgart.de Adressverzeichnis,2026-04-06,"2024,2023,2022",Unfallatlas,28830,bezirk_estimated,14062.1,29,100.4,405,1405.4,208,723.1,72,248.6
STG-18007,Schickhardt-Gemeinschaftsschule,secondary,Gemeinschaftsschule,Schickhardtstraße 30,18007,Stuttgart,Süd,Stuttgart,Baden-Württemberg,48.765773554849495,9.161216860959795,0711 21691630,,info@schickhardt-gms.de,http://www.schickhardtschule.de/,,Öffentlich,21,114,Marienplatz,519,48.764413,9.1679957,,Ausgang Richtung Rotebühlstraße/Bus,563,48.7705653,9.1587233,,Rotebühlstraße/Rötestraße,574,48.7703773,9.1576801,,Erwin-Schoettle-Platz,333,48.7628752,9.1600896,,Marienplatz,534,48.7642519,9.1681266,,Liststraße,661,48.7622826,9.1685227,,Schickhardtschule,37,48.765651,9.1607454,,Schwab-/Reinsburgstraße,310,48.7682264,9.1592194,,Erwin-Schoettle-Platz,363,48.762806,9.1591569,,"42, 44, N10",50.0,51,17.0,0,7,44,23,4,27,18,Süd,Stuttgart,4843,10817.0,52.3,1.0,stuttgart.de Adressverzeichnis,2026-04-06,"2024,2023,2022",Unfallatlas,44770,bezirk_estimated,10817.0,35,77.3,484,1081.1,249,556.2,86,191.2
STG-17688,Schickhardt-Gemeinschaftsschule Standort Heusteigschule,secondary,Gemeinschaftsschule,Heusteigstraße 97,17688,Stuttgart,Süd,Stuttgart,Baden-Württemberg,48.765910153267,9.172498566952116,0711 21659880,,,https://www.stuttgart-inklusiv.de/,,Öffentlich,31,113,Marienplatz,344,48.7643403,9.1684559,,Österreichischer Platz Eingang (U-Bahn),470,48.7697675,9.1751287,,U-Bahn (48.7700),502,48.7699804,9.1754545,,Marienplatz,335,48.7643004,9.1686351,,Liststraße,498,48.7622826,9.1685227,,Österreichischer Platz,558,48.7703595,9.176011,,Markuskirche,212,48.7645817,9.1745754,,Lehenstraße,237,48.7640475,9.1709408,,Mörikestraße,356,48.7681426,9.169017,,,50.0,97,32.3,0,10,87,37,12,60,32,Süd,Stuttgart,4843,10817.0,52.3,1.0,stuttgart.de Adressverzeichnis,2026-04-06,"2024,2023,2022",Unfallatlas,44770,bezirk_estimated,10817.0,35,77.3,484,1081.1,249,556.2,86,191.2
STG-18125,Schickhardt-Gymnasium,secondary,Gymnasium,Schickhardtstraße 26,18125,Stuttgart,Süd,Stuttgart,Baden-Württemberg,48.76543282909765,9.16041288913106,0711 21691650,,Poststelle.Schickhardt-Gymnasium@stuttgart.de,https://www.das-schickhardt.org/,,Öffentlich,19,106,Marienplatz,567,48.764413,9.1679957,,Ausgang Richtung Rotebühlstraße/Bus,584,48.7705653,9.1587233,,Rotebühlstraße/Rötestraße,585,48.7703773,9.1576801,,Erwin-Schoettle-Platz,285,48.7628752,9.1600896,,Marienplatz,580,48.7642519,9.1681266,,Liststraße,690,48.7622826,9.1685227,,Schickhardtschule,32,48.7657014,9.1605626,,Erwin-Schoettle-Platz,306,48.7628229,9.1590974,,Schwab-/Reinsburgstraße,323,48.7682264,9.1592194,,"42, 44, N10",50.0,49,16.3,0,7,42,21,5,25,82,Süd,Stuttgart,4843,10817.0,52.3,1.0,stuttgart.de Adressverzeichnis,2026-04-06,"2024,2023,2022",Unfallatlas,44770,bezirk_estimated,10817.0,35,77.3,484,1081.1,249,556.2,86,191.2
STG-19879,Schloss-Realschule,secondary,Realschule,Breitscheidstraße 28,19879,Stuttgart,West,Stuttgart,Baden-Württemberg,48.778083774776725,9.16494501513498,0711 21621220,,Poststelle.Schloss-Realschule@stuttgart.de,http://www.schloss-realschule.de/,,Öffentlich,25,112,Rotebühlplatz,543,48.7755541,9.1712823,,U-Bahn (48.7732),567,48.7732147,9.1672656,,U-Bahn (48.7730),595,48.7730344,9.1676389,,Berliner Platz (Liederhalle),186,48.7785048,9.1673952,,Schloss-/Johannesstraße,232,48.7765261,9.1628387,,Berliner Platz (Hohe Straße),242,48.7776072,9.1681723,,Berliner Platz (Liederhalle),170,48.7784415,9.1672018,,Berliner Platz (Hohe Straße),223,48.7776445,9.167915,,Schloss-/Johannesstraße,255,48.7765945,9.1623018,,"42, 43, 44, N10, N2",65.0,104,34.7,0,7,97,34,15,62,16,West,Stuttgart,6952,12980.4,52.3,1.2,stuttgart.de Adressverzeichnis,2026-04-06,"2024,2023,2022",Unfallatlas,53560,bezirk_estimated,12980.4,50,92.7,695,1297.3,357,667.4,123,229.4
STG-18003,Schloss-Realschule für Mädchen,secondary,Realschule,Schloßstraße 53C,18003,Stuttgart,West,Stuttgart,Baden-Württemberg,48.777343779328845,9.16656234441141,0711 21680490,,info@realschule-maedchen.de,http://schloss-realschule-fuer-maedchen.de/,,Öffentlich,36,129,Rotebühlplatz,399,48.7755541,9.1712823,,U-Bahn (48.7732),462,48.7732147,9.1672656,,Stuttgart Stadtmitte,482,48.7761945,9.1728998,,Berliner Platz (Hohe Straße),122,48.7776072,9.1681723,,Berliner Platz (Liederhalle),143,48.7785048,9.1673952,,Schloss-/Johannesstraße,288,48.7765261,9.1628387,,Berliner Platz (Hohe Straße),105,48.7776445,9.167915,,Berliner Platz (Liederhalle),131,48.7784415,9.1672018,,Schloss-/Johannesstraße,323,48.7765945,9.1623018,,"42, 43, 44, N10, N2",65.0,123,41.0,0,11,112,44,17,71,74,West,Stuttgart,6952,12980.4,52.3,1.2,stuttgart.de Adressverzeichnis,2026-04-06,"2024,2023,2022",Unfallatlas,53560,bezirk_estimated,12980.4,50,92.7,695,1297.3,357,667.4,123,229.4
STG-50098,Torwiesenschule (RS),secondary,Realschule,Vogelrainstraße 27,50098,Stuttgart,Süd,Stuttgart,Baden-Württemberg,48.75472095371245,9.137726022030598,0711 46913590,,torwiesenschule@diakonie-stetten.de,http://www.torwiesenschule.de/,,Öffentlich,10,18,Rotebühlstraße/Augustenstraße,2070,48.7697109,9.1544685,,Seyfferstraße,2070,48.7694952,9.1549125,,Rotebühlstraße,2126,48.7699271,9.1553158,,Heslach Vogelrain,133,48.753583,9.1382943,,Südheimer Platz,352,48.755916,9.1421775,,Waldfriedhof,663,48.7516732,9.1455014,,Heslach Vogelrain,113,48.754084,9.1389215,,Südheimer Platz (Seilbahn),347,48.7559571,9.1420694,,Südheimer Platz,543,48.7567385,9.144468,,,50.0,14,4.7,0,1,13,2,0,11,40,Süd,Stuttgart,4843,10817.0,52.3,1.0,stuttgart.de Adressverzeichnis,2026-04-06,"2024,2023,2022",Unfallatlas,44770,bezirk_estimated,10817.0,35,77.3,484,1081.1,249,556.2,86,191.2
STG-17800,Uhlandschule,secondary,Grund- und Werkrealschule,Tapachstraße 4,17800,Stuttgart,Zuffenhausen,Stuttgart,Baden-Württemberg,48.8317233217043,9.195725241002268,0711 21689440,,poststelle.uhlandschule@stuttgart.de,http://www.uhlandschule-rot.de/,,Öffentlich,0,2,U-Bahn (48.8321),1791,48.8321247,9.171266,,U-Bahn (48.8322),1842,48.8322288,9.1705762,,U-Bahn (48.8323),1863,48.8322673,9.1702915,,Kelterplatz,1456,48.8296962,9.1760801,,Zuffenhausen Rathaus,1543,48.8306805,9.1747114,,Bottroper Straße (Lessing-Schulen),1594,48.8209476,9.2100942,,Schnarrenberg,871,48.8239897,9.1975898,,Bus (48.8238),1062,48.8238414,9.1875316,,Münster Friedhof,1231,48.8221919,9.2042873,,,4.0,22,7.3,0,3,19,5,6,15,111,Zuffenhausen,Stuttgart,4543,11898.7,52.3,1.1,stuttgart.de Adressverzeichnis,2026-04-06,"2024,2023,2022",Unfallatlas,38180,bezirk_estimated,11898.7,32,85.0,454,1189.2,234,611.8,80,210.3
STG-18121,Wagenburg-Gymnasium,secondary,Gymnasium,Wagenburgstraße 30,18121,Stuttgart,Ost,Stuttgart,Baden-Württemberg,48.77935853015227,9.195426284788033,0711 21635001,,Poststelle.WBG@stuttgart.de,http://www.wagenburg-gymnasium.de/,,Öffentlich,0,0,Schlossplatz,1191,48.7791984,9.1791684,,Eingang Rathaus (U-Bahn),1225,48.774433,9.1804719,,Rathaus,1273,48.7742415,9.1798912,,Schlossplatz,1198,48.7791041,9.1790863,,Rathaus,1312,48.7735198,9.1798691,,Gaisburg,1558,48.7839051,9.2155437,,Schlossplatz,1155,48.7776066,9.1798868,,Rathaus,1272,48.7738867,9.1801797,,Kleiner Schlossplatz,1382,48.7794496,9.1765651,,,0.0,51,17.0,0,0,51,20,4,33,32,Ost,Stuttgart,5857,11898.7,52.3,1.1,stuttgart.de Adressverzeichnis,2026-04-06,"2024,2023,2022",Unfallatlas,49220,bezirk_estimated,11898.7,42,85.0,585,1189.2,301,611.8,104,210.3
STG-26804,Waldorfschule Silberwald e.V.,secondary,Waldorfschule,Kemnater Straße 21,26804,Stuttgart,Sillenbuch,Stuttgart,Baden-Württemberg,48.73821499987358,9.222862796112912,0711 90754300,,info@silberwald.org,http://www.waldorfschule-silberwald.de/,,Privat,0,0,Ruit,2356,48.7312905,9.2532278,,U-Bahn (48.7490),4096,48.7490455,9.1694659,,U-Bahn (48.7493),4122,48.7492646,9.1691988,,Ruit,2381,48.7311387,9.2535044,,Ruit Zinsholz,3153,48.7263118,9.2618863,,Parksiedlung,3875,48.7245539,9.2714752,,Riedenberg,1040,48.733122,9.2109637,,Grünlingweg,1265,48.7336143,9.207084,,Bus (48.7336),1270,48.7336316,9.2069976,,,0.0,18,6.0,0,2,16,4,4,9,171,Sillenbuch,Stuttgart,1365,5408.5,52.3,0.5,stuttgart.de Adressverzeichnis,2026-04-06,"2024,2023,2022",Unfallatlas,25240,bezirk_estimated,5408.5,10,38.6,136,540.6,70,278.1,24,95.6
STG-18626,Waldschule Degerloch (Realschule),secondary,Realschule,Georgiiweg 1,18626,Stuttgart,Degerloch,Stuttgart,Baden-Württemberg,48.75053408225277,9.185315438320018,0711 8066970,,info@waldschule-degerloch.de,http://www.waldschule-degerloch.de/,,Öffentlich,2,13,U-Bahn (48.7490),1174,48.7490455,9.1694659,,U-Bahn (48.7493),1190,48.7492646,9.1691988,,U-Bahn (48.7485),1298,48.748473,9.167888,,Nägelestraße,867,48.7514962,9.1735738,,Weinsteige,923,48.7550977,9.1747963,,Zahnradbahnhof,970,48.7500549,9.1721042,,Bus (48.7532),442,48.7532323,9.1808794,,Königsträßle,456,48.7532932,9.1807111,,Weinsteige,936,48.7549561,9.1744463,,,30.0,11,3.7,0,2,9,4,2,5,201,Degerloch,Stuttgart,1167,6490.2,52.3,0.6,stuttgart.de Adressverzeichnis,2026-04-06,"2024,2023,2022",Unfallatlas,17980,bezirk_estimated,6490.2,8,46.4,117,648.7,60,333.7,21,114.7
STG-18531,Waldschule Degerloch (Gymnasium),secondary,Gymnasium,Georgiiweg 1,18531,Stuttgart,Degerloch,Stuttgart,Baden-Württemberg,48.75053408225277,9.185315438320018,0711 8066970,,info@waldschule-degerloch.de,http://www.waldschule-degerloch.de/,,Öffentlich,2,13,U-Bahn (48.7490),1174,48.7490455,9.1694659,,U-Bahn (48.7493),1190,48.7492646,9.1691988,,U-Bahn (48.7485),1298,48.748473,9.167888,,Nägelestraße,867,48.7514962,9.1735738,,Weinsteige,923,48.7550977,9.1747963,,Zahnradbahnhof,970,48.7500549,9.1721042,,Bus (48.7532),442,48.7532323,9.1808794,,Königsträßle,456,48.7532932,9.1807111,,Weinsteige,936,48.7549561,9.1744463,,,30.0,11,3.7,0,2,9,4,2,5,201,Degerloch,Stuttgart,1167,6490.2,52.3,0.6,stuttgart.de Adressverzeichnis,2026-04-06,"2024,2023,2022",Unfallatlas,17980,bezirk_estimated,6490.2,8,46.4,117,648.7,60,333.7,21,114.7
STG-17855,Wilhelmsschule Wangen,secondary,Grund- und Werkrealschule,Hedelfinger Straße 9,17855,Stuttgart,Wangen,Stuttgart,Baden-Württemberg,48.77095823233921,9.24607603922269,0711 21698344,,wilhelmsschule-wangen@stuttgart.de,http://www.wilhelmsschule.s.schule-bw.de/,,Öffentlich,0,0,Stuttgart Neckarpark,2347,48.7918161,9.2411731,,Bad Cannstatt,4006,48.8014069,9.2168515,,Ruit,4442,48.7312905,9.2532278,,Brendle (Großmarkt),1837,48.781529,9.2268019,,Wangener-/Landhausstraße,2139,48.7823783,9.2225894,,Gaisburg,2633,48.7837933,9.2158815,,Brendle (Großmarkt),1771,48.7814141,9.2278446,,Bus (48.7868),1844,48.7868125,9.2387077,,Wangener-/Landhausstraße,1998,48.781814,9.2243561,,,0.0,37,12.3,1,1,35,6,6,13,115,Wangen,Stuttgart,588,6490.2,52.3,0.6,stuttgart.de Adressverzeichnis,2026-04-06,"2024,2023,2022",Unfallatlas,9060,bezirk_estimated,6490.2,4,46.4,59,648.7,30,333.7,10,114.7
STG-18541,Wirtemberg-Gymnasium,secondary,Gymnasium,Lindenschulstraße 20,18541,Stuttgart,Untertürkheim,Stuttgart,Baden-Württemberg,48.77744703601334,9.24900698441536,0711 21620370,,"Poststelle.Wirtemberg-Gymnasium@stuttgart.de, wirtemberg-gymnasium@stuttgart.de",http://www.wiggy.de/,,Öffentlich,0,0,Stuttgart Neckarpark,1698,48.7918161,9.2411731,,Bad Cannstatt,3556,48.8014069,9.2168515,,Sommerrain,4202,48.8152317,9.248517,,Brendle (Großmarkt),1689,48.781529,9.2268019,,Wangener-/Landhausstraße,2012,48.7823783,9.2225894,,NeckarPark (Stadion),2493,48.7936026,9.2254144,,Bus (48.7868),1286,48.7868125,9.2387077,,Brendle (Großmarkt),1612,48.7814141,9.2278446,,Mercedes-Benz Welt,1637,48.7887672,9.2347304,,,0.0,54,18.0,0,2,52,18,6,34,176,Untertürkheim,Stuttgart,1658,9735.3,52.3,0.9,stuttgart.de Adressverzeichnis,2026-04-06,"2024,2023,2022",Unfallatlas,17030,bezirk_estimated,9735.3,12,69.5,166,973.0,85,500.6,29,172.1
STG-18141,Zeppelin-Gymnasium,secondary,Gymnasium,Neckarstraße 149,18141,Stuttgart,Ost,Stuttgart,Baden-Württemberg,48.789838548002734,9.195589512657802,0711 21621100,,poststelle.zeppelin-gymnasium@stuttgart.de,http://www.zeppelingymnasium.de/,,Öffentlich,0,0,Stuttgart Nordbahnhof,1640,48.80373,9.188064,,Schlossplatz,1687,48.7791984,9.1791684,,Friedrichsbau (Börse),1822,48.7798416,9.1758929,,Raitelsberg,1227,48.7889458,9.2122835,,Nordbahnhof,1524,48.8029917,9.1897176,,Gaisburg,1604,48.7839051,9.2155437,,Raitelsberg,1217,48.7888474,9.2121382,,Tal-/Landhausstraße,1448,48.7846571,9.2137173,,Nordbahnhof,1484,48.8025995,9.1896623,,,0.0,80,26.7,0,7,73,26,14,47,52,Ost,Stuttgart,5857,11898.7,52.3,1.1,stuttgart.de Adressverzeichnis,2026-04-06,"2024,2023,2022",Unfallatlas,49220,bezirk_estimated,11898.7,42,85.0,585,1189.2,301,611.8,104,210.3
