schulname,school_type,strasse,plz,ort,stadt,bundesland,latitude,longitude,email,traegerschaft,schueler_gesamt,ndh_count,transit_stops_500m,transit_stop_count_1000m,transit_rail_01_name,transit_rail_01_distance_m,transit_accessibility_score,traffic_accidents_total,traffic_accidents_per_year,traffic_accidents_fatal,traffic_accidents_serious,traffic_accidents_minor,traffic_accidents_bicycle,traffic_accidents_pedestrian,traffic_accidents_school_hours,traffic_nearest_accident_m,crime_stadt,crime_bezirk,crime_straftaten_2023,crime_haeufigkeitszahl_2023,crime_aufklaerungsquote_2023,crime_bezirk_index,data_source,data_retrieved,Schul-nummer,Landkreis,Gemeinde,rechtsform,gesamtschultyp,Telefon- vorwahl,Telefon-nummer,Kennung Internat,Vorklassen,Grundschulen,davon an_Eingangsstufe,Grundschule (inkl. GFLX),Förderstufe,Hauptschule,Mittelstufen-schule,Realschule,gesamtschultyp.1,Gymnasien,davon an_Gymnasien (Mittelstufe),Gymnasien (Oberstufe),Förderschulen,Förderschule mit Förderschwerpunkt_Sehen,emotionale und soziale Entwicklung,Hören,körperliche und motorische Entwicklung,Kranke,Lernen,Sprachheil-förderung,geistige Entwicklung,Realschul-klassen,Nichtdeutscher Herkunfts- sprache,Schulen für Erwachsene,davon an_Abend-hauptschule,Abend-realschule,Abend-gymnasium,Kolleg,Schülerinnen und Schüler insgesamt mit Vorklassen,Schülerinnen und Schüler insgesamt ohne Vorklassen,fax,traffic_data_years,traffic_data_source,transit_rail_01_latitude,transit_rail_01_longitude,transit_rail_01_lines,transit_rail_02_name,transit_rail_02_distance_m,transit_rail_02_latitude,transit_rail_02_longitude,transit_rail_02_lines,transit_rail_03_name,transit_rail_03_distance_m,transit_rail_03_latitude,transit_rail_03_longitude,transit_rail_03_lines,transit_tram_01_name,transit_tram_01_distance_m,transit_tram_01_latitude,transit_tram_01_longitude,transit_tram_01_lines,transit_tram_02_name,transit_tram_02_distance_m,transit_tram_02_latitude,transit_tram_02_longitude,transit_tram_02_lines,transit_tram_03_name,transit_tram_03_distance_m,transit_tram_03_latitude,transit_tram_03_longitude,transit_tram_03_lines,transit_bus_01_name,transit_bus_01_distance_m,transit_bus_01_latitude,transit_bus_01_longitude,transit_bus_01_lines,transit_bus_02_name,transit_bus_02_distance_m,transit_bus_02_latitude,transit_bus_02_longitude,transit_bus_02_lines,transit_bus_03_name,transit_bus_03_distance_m,transit_bus_03_latitude,transit_bus_03_longitude,transit_bus_03_lines,transit_all_lines_1000m,crime_bezirk_population,crime_strassenraub_2023,crime_koerperverletzung_2023,crime_diebstahl_fahrrad_2023,crime_wohnungseinbruch_2023,crime_straftaten_2023_rate_per_100k,crime_strassenraub_2023_rate_per_100k,crime_koerperverletzung_2023_rate_per_100k,crime_diebstahl_fahrrad_2023_rate_per_100k,crime_wohnungseinbruch_2023_rate_per_100k,crime_data_source
Minna-Specht-Schule,Grundschule,Hans-Pfitzner-Straße 18,60529,Frankfurt am Main,Frankfurt am Main,Hessen,50.0855,8.58649,poststelle@minna-specht-schule.frankfurt.schulverwaltung.hessen.de,Öffentlich,257,13.0,24,52,Griesheim,1687,50.0,19,6.3,0,1,18,7,2,13,113,Frankfurt am Main,,114729,14840,51.2,1.0,Hessisches Statistisches Landesamt Verzeichnis 6,2026-03-30,3101,412,0,1,,69,21245563,,14.0,244,,244,,,,,,,,,,,,,,,,,,,13.0,,,,,,271,257,21245556,"2024,2023,2022",Unfallatlas,50.094362,8.6056814,,Nied,2157,50.1023216,8.5714188,,Frankfurt-Niederrad,3659,50.0807744,8.6372448,,Ferdinand-Dirichs-Weg,338,50.0826345,8.5880544,,Rheinlandstraße,506,50.082324,8.5814124,12;19,Harthweg,761,50.0810429,8.5945914,,An der Wildhube,110,50.0864396,8.586968,,Martinskirchstraße,164,50.0848717,8.5885669,,Ferdinand-Dirichs-Weg,244,50.0835388,8.5880316,,"12, 19, 51, 62, 68, 78, n7",773068,1134,8421,5632,1876,14840.7,146.7,1089.3,728.5,242.7,city_aggregate
Münzenbergerschule,Grundschule,Engelthaler Straße 34,60435,Frankfurt am Main,Frankfurt am Main,Hessen,50.1506,8.68437,poststelle@muenzenbergerschule.frankfurt.schulverwaltung.hessen.de,Öffentlich,294,13.0,21,72,Ronneburgstraße,281,50.0,34,11.3,0,7,27,15,8,20,52,Frankfurt am Main,,114729,14840,51.2,1.0,Hessisches Statistisches Landesamt Verzeichnis 6,2026-03-30,3102,412,0,1,,69,21238756,,17.0,281,,281,,,,,,,,,,,,,,,,,,,13.0,,,,,,311,294,21238582,"2024,2023,2022",Unfallatlas,50.1513695,8.6881232,,Sigmund-Freud-Straße,484,50.1547945,8.6861706,,Theobald-Ziegler-Straße,495,50.1479234,8.6899125,,Schwabstraße,681,50.1446265,8.682291,,Alkmenestraße,1105,50.1516538,8.6997969,,Gravensteiner-Platz,1137,50.1551792,8.69864,,Büdinger Straße,93,50.1514058,8.6840474,,Friedhof Eckenheim,100,50.150195,8.685625,,Engelthaler Straße,254,50.1494279,8.6813062,,,773068,1134,8421,5632,1876,14840.7,146.7,1089.3,728.5,242.7,city_aggregate
Niddaschule,Grundschule,Oeserstraße 2,65934,Frankfurt am Main,Frankfurt am Main,Hessen,50.1015,8.56608,poststelle@niddaschule.frankfurt.schulverwaltung.hessen.de,Öffentlich,273,13.0,28,58,Nied,392,50.0,45,15.0,0,12,33,7,8,23,37,Frankfurt am Main,,114729,14840,51.2,1.0,Hessisches Statistisches Landesamt Verzeichnis 6,2026-03-30,3103,412,0,1,,69,21245557,,,260,,260,,,,,,,,,,,,,,,,,,,13.0,,,,,,273,273,21245691,"2024,2023,2022",Unfallatlas,50.1023216,8.5714188,,Frankfurt-Höchst,1717,50.1027438,8.5420871,,Sossenheim,1739,50.1149359,8.5536044,,Nied Kirche,357,50.0984354,8.5675594,,Tillystraße,415,50.1014311,8.5602646,,Luthmerstraße,506,50.0990806,8.5720818,,Nied Brücke,116,50.1006733,8.5650884,,Nied Bahnhof/Lotzstraße,177,50.1020991,8.5683721,,Nied Kirche,332,50.0985574,8.5668746,,"51, 54, 59, n7",773068,1134,8421,5632,1876,14840.7,146.7,1089.3,728.5,242.7,city_aggregate
Pestalozzischule,Grundschule,Vatterstraße 1,60386,Frankfurt am Main,Frankfurt am Main,Hessen,50.133,8.73364,poststelle@pestalozzischule.frankfurt.schulverwaltung.hessen.de,Öffentlich,287,,9,50,"U-Bahn (50.1313,8.7334)",191,50.0,20,6.7,0,3,17,6,2,11,209,Frankfurt am Main,,114729,14840,51.2,1.0,Hessisches Statistisches Landesamt Verzeichnis 6,2026-03-30,3104,412,0,1,,69,21248685,,,287,,287,,,,,,,,,,,,,,,,,,,,,,,,,287,287,21248356,"2024,2023,2022",Unfallatlas,50.1312846,8.7334237,,Schäfflestraße,197,50.1312718,8.7342609,,"U-Bahn (50.1312,8.7332)",205,50.1311773,8.7331877,,Johanna-Tesch-Platz,896,50.1273377,8.7246964,,Dieselstraße,1242,50.1244081,8.7447789,,Daimlerstraße,1254,50.1226603,8.7406807,,Schäfflestraße,210,50.1311228,8.7333716,,Gwinnerstraße,530,50.133729,8.7409839,,Lahmeyerstraße,640,50.1318419,8.7424331,,,773068,1134,8421,5632,1876,14840.7,146.7,1089.3,728.5,242.7,city_aggregate
Riedhofschule,Grundschule,Riedhofweg 15 - 19,60596,Frankfurt am Main,Frankfurt am Main,Hessen,50.0928,8.67361,poststelle@riedhofschule.frankfurt.schulverwaltung.hessen.de,Öffentlich,393,14.0,28,115,Stresemannallee,248,50.0,43,14.3,0,4,39,21,9,19,148,Frankfurt am Main,,114729,14840,51.2,1.0,Hessisches Statistisches Landesamt Verzeichnis 6,2026-03-30,3105,412,0,1,,69,21235264,,8.0,379,,379,,,,,,,,,,,,,,,,,,,14.0,,,,,,401,393,21234393,"2024,2023,2022",Unfallatlas,50.0942383,8.6709594,,Frankfurt-Louisa,1024,50.0838234,8.6703942,,Schweizer Platz,1115,50.1016084,8.6810861,,Beuthener Straße,155,50.0916458,8.6748386,,Stresemannallee Bahnhof,248,50.0943981,8.6711874,,Breslauer Straße,276,50.0930978,8.6774571,,Beuthener Straße,160,50.091393,8.6741036,,Breslauer Straße,227,50.0928708,8.6767835,,Stresemannallee,246,50.0943942,8.6712189,,N16,773068,1134,8421,5632,1876,14840.7,146.7,1089.3,728.5,242.7,city_aggregate
Robert-Blum-Schule,Grundschule,Gerlachstraße 1,65929,Frankfurt am Main,Frankfurt am Main,Hessen,50.1073,8.5485,poststelle@robert-blum-schule.frankfurt.schulverwaltung.hessen.de,Öffentlich,475,12.0,26,99,Frankfurt-Höchst,683,50.0,71,23.7,0,3,68,20,11,39,55,Frankfurt am Main,,114729,14840,51.2,1.0,Hessisches Statistisches Landesamt Verzeichnis 6,2026-03-30,3106,412,0,1,,69,21245558,,29.0,463,,463,,,,,,,,,,,,,,,,,,,12.0,,,,,,504,475,21245618,"2024,2023,2022",Unfallatlas,50.1027438,8.5420871,,Sossenheim,924,50.1149359,8.5536044,,Unterliederbach,1464,50.1079758,8.5279993,,Zuckschwerdtstraße,551,50.1031171,8.5526441,,Bolongaropalast,694,50.1017019,8.5528179,,Tillystraße,1059,50.1014862,8.5602552,,Konrad-Glatt-Straße,67,50.1067642,8.548929,,Hospitalplatz,219,50.1091457,8.5474385,,Klinikum Höchst,290,50.1072512,8.5444384,,,773068,1134,8421,5632,1876,14840.7,146.7,1089.3,728.5,242.7,city_aggregate
Robert-Schumann-Schule,Grundschule,Heddernheimer Kirchstraße 13,60439,Frankfurt am Main,Frankfurt am Main,Hessen,50.1581,8.64559,poststelle@robert-schumann-schule.frankfurt.schulverwaltung.hessen.de,Öffentlich,377,,25,97,Heddernheim,450,50.0,48,16.0,0,4,44,23,11,23,44,Frankfurt am Main,,114729,14840,51.2,1.0,Hessisches Statistisches Landesamt Verzeichnis 6,2026-03-30,3107,412,0,1,,69,21238734,,,377,,377,,,,,,,,,,,,,,,,,,,,,,,,,377,377,21232099,"2024,2023,2022",Unfallatlas,50.1609417,8.6500805,,Frankfurt-Eschersheim,649,50.1575014,8.6546528,,Zeilweg,663,50.1639606,8.6438957,,Ginnheim Mitte,1991,50.1402029,8.6466334,,Markus-Krankenhaus,2386,50.1366419,8.6457914,,Schwabstraße,3014,50.1446265,8.682291,,Heddernheim Kirche,206,50.1597326,8.646957,,Habelstraße,212,50.1564471,8.6441158,,Cohausenstraße,214,50.1597684,8.6440884,,,773068,1134,8421,5632,1876,14840.7,146.7,1089.3,728.5,242.7,city_aggregate
Gruneliusschule,Grundschule,Wiener Straße 13,60599,Frankfurt am Main,Frankfurt am Main,Hessen,50.0978,8.72672,poststelle@gruneliusschule.frankfurt.schulverwaltung.hessen.de,Öffentlich,402,,28,55,Kaiserlei,1063,50.0,17,5.7,0,1,16,5,4,11,51,Frankfurt am Main,,114729,14840,51.2,1.0,Hessisches Statistisches Landesamt Verzeichnis 6,2026-03-30,3111,412,0,1,,69,21235294,,14.0,402,,402,,,,,,,,,,,,,,,,,,,,,,,,,416,402,21274975,"2024,2023,2022",Unfallatlas,50.1050802,8.7363802,,S-Kaiserlei,1302,50.1053335,8.7406891,,Ledermuseum (Ausgang D),1749,50.105964,8.7476804,,Buchrainplatz,348,50.1004776,8.7241831,,Flaschenburgstraße,402,50.1004577,8.7305472,,Bleiweißstraße,574,50.100033,8.7194621,,Melanchthonplatz,76,50.0976408,8.7277512,,Buchrainstraße,156,50.0975411,8.7245722,,Schafheckstraße,284,50.0979605,8.7306875,,,773068,1134,8421,5632,1876,14840.7,146.7,1089.3,728.5,242.7,city_aggregate
Heinrich-Kromer-Schule,Grundschule,Niederurseler Landstraße 58 - 60,60439,Frankfurt am Main,Frankfurt am Main,Hessen,50.1657,8.62592,poststelle@heinrich-kromer-schule.frankfurt.schulverwaltung.hessen.de,Öffentlich,371,,12,40,Wiesenau,305,50.0,23,7.7,0,4,19,8,1,15,75,Frankfurt am Main,,114729,14840,51.2,1.0,Hessisches Statistisches Landesamt Verzeichnis 6,2026-03-30,3112,412,0,1,,69,21234287,,17.0,371,,371,,,,,,,,,,,,,,,,,,,,,,,,,388,371,21232752,"2024,2023,2022",Unfallatlas,50.1668742,8.6297836,,Niederursel,451,50.1692038,8.6227387,,Heddernheimer Landstraße,667,50.1637967,8.6348005,,Ginnheim Mitte,3196,50.1402029,8.6466334,,Markus-Krankenhaus,3527,50.1366388,8.6457564,,Frauenfriedenskirche,4354,50.1288186,8.646436,,Heinrich-Kromer Schule,40,50.165341,8.6259793,,Alt-Niederursel,239,50.1653775,8.6226092,,Eduard-Bernstein-Weg,382,50.16385,8.6214085,,,773068,1134,8421,5632,1876,14840.7,146.7,1089.3,728.5,242.7,city_aggregate
Holzhausenschule,Grundschule,Miquelallee 162,60323,Frankfurt am Main,Frankfurt am Main,Hessen,50.1279,8.67244,poststelle@holzhausenschule.frankfurt.schulverwaltung.hessen.de,Öffentlich,484,12.0,52,120,Holzhausenstraße,143,50.0,78,26.0,1,9,68,26,8,42,7,Frankfurt am Main,,114729,14840,51.2,1.0,Hessisches Statistisches Landesamt Verzeichnis 6,2026-03-30,3113,412,0,1,,69,21235256,,,472,34.0,438,,,,,,,,,,,,,,,,,,,12.0,,,,,,484,484,21233447,"2024,2023,2022",Unfallatlas,50.1267973,8.6734825,,Eschersheimer Landstraße,377,50.1312751,8.6719486,,Miquelallee,395,50.131402,8.6714702,,Matthias-Beltz-Platz,1400,50.1265694,8.691974,,Friedberger Platz,1448,50.1238054,8.691725,,Rothschildallee,1534,50.127753,8.6939571,,Holzhausenstraße,150,50.1265536,8.6724687,36.0,Bremer Straße,172,50.126559,8.6712381,,Max-Horkheimer-Straße,214,50.128997,8.6699798,,36,773068,1134,8421,5632,1876,14840.7,146.7,1089.3,728.5,242.7,city_aggregate
Käthe-Kollwitz-Schule,Grundschule,West-Höchster-Straße 103,65931,Frankfurt am Main,Frankfurt am Main,Hessen,50.0937,8.49565,poststelle@kaethe-kollwitz-schule.frankfurt.schulverwaltung.hessen.de,Öffentlich,317,12.0,22,61,Frankfurt-Zeilsheim,871,50.0,15,5.0,0,3,12,4,1,7,55,Frankfurt am Main,,114729,14840,51.2,1.0,Hessisches Statistisches Landesamt Verzeichnis 6,2026-03-30,3115,412,0,1,,69,30066887,,18.0,305,,305,,,,,,,,,,,,,,,,,,,12.0,,,,,,335,317,361068,"2024,2023,2022",Unfallatlas,50.0902826,8.5066433,,Frankfurt am Main Sindlingen,1371,50.0875382,8.5123032,,Frankfurt-Höchst Farbwerke,2399,50.098506,8.5284327,,Bolongaropalast,4174,50.1017019,8.5528179,,Zuckschwerdtstraße,4191,50.103061,8.5525659,,Tillystraße,4688,50.1014311,8.5602646,,Zeilsheim Kolonie,35,50.0940045,8.4957708,,Kolberger Weg,149,50.0950124,8.4952538,,Kirche Zeilsheim,245,50.0950045,8.4928836,,810,773068,1134,8421,5632,1876,14840.7,146.7,1089.3,728.5,242.7,city_aggregate
Karl-von-Ibell-Schule,Grundschule,Schmalkaldener Straße 8,65929,Frankfurt am Main,Frankfurt am Main,Hessen,50.1094,8.52718,poststelle@karl-von-ibell-schule.frankfurt.schulverwaltung.hessen.de,Öffentlich,429,,9,43,Unterliederbach,169,50.0,28,9.3,1,1,26,5,2,13,96,Frankfurt am Main,,114729,14840,51.2,1.0,Hessisches Statistisches Landesamt Verzeichnis 6,2026-03-30,3116,412,0,1,,69,21245164,,,429,,429,,,,,,,,,,,,,,,,,,,,,,,,,429,429,21245165,"2024,2023,2022",Unfallatlas,50.1079758,8.5279993,,Frankfurt-Höchst Farbwerke,1215,50.098506,8.5284327,,Frankfurt-Höchst,1295,50.1027438,8.5420871,,Zuckschwerdtstraße,1943,50.103061,8.5525659,,Bolongaropalast,2019,50.1017019,8.5528179,,Tillystraße,2518,50.1014862,8.5602552,,Unterliederbach West,177,50.1109924,8.5272929,,Unterliederbach Markt,363,50.1107584,8.5318097,,Wasgaustraße,570,50.1082606,8.5349724,,,773068,1134,8421,5632,1876,14840.7,146.7,1089.3,728.5,242.7,city_aggregate
Karmeliterschule,Grundschule,Moselstraße 11,60329,Frankfurt am Main,Frankfurt am Main,Hessen,50.1066,8.66786,poststelle@karmeliterschule.frankfurt.schulverwaltung.hessen.de,Öffentlich,127,15.0,89,200,"U-Bahn (50.1076,8.6654)",212,50.0,229,76.3,0,30,199,78,61,100,44,Frankfurt am Main,,114729,14840,51.2,1.0,Hessisches Statistisches Landesamt Verzeichnis 6,2026-03-30,3117,412,0,1,,69,21235338,,,112,,112,,,,,,,,,,,,,,,,,,,15.0,,,,,,127,127,21235215,"2024,2023,2022",Unfallatlas,50.1076328,8.6653627,,"U-Bahn (50.1074,8.6649)",233,50.107441,8.6648675,,"U-Bahn (50.1078,8.6647)",266,50.1078204,8.664657,,Hauptbahnhof/Münchener Straße,101,50.1069978,8.6665854,,Weserstraße/Münchener Straße,210,50.1078732,8.6700377,,Hauptbahnhof,237,50.1075206,8.6648555,,Hauptbahnhof/Münchener Straße,93,50.1069829,8.6666973,,Weserstraße/Münchener Straße,209,50.1078334,8.670065,,Hauptbahnhof,255,50.1078491,8.6648543,,"64, N16, N8",773068,1134,8421,5632,1876,14840.7,146.7,1089.3,728.5,242.7,city_aggregate
Kerschensteinerschule,Grundschule,Am Spritzenhaus 2,60488,Frankfurt am Main,Frankfurt am Main,Hessen,50.1326,8.62226,poststelle@kerschensteinerschule.frankfurt.schulverwaltung.hessen.de,Öffentlich,357,16.0,17,45,Hausener Weg,217,50.0,58,19.3,1,6,51,17,6,28,42,Frankfurt am Main,,114729,14840,51.2,1.0,Hessisches Statistisches Landesamt Verzeichnis 6,2026-03-30,3118,412,0,1,,69,21245192,,,341,,341,,,,,,,,,,,,,,,,,,,16.0,,,,,,357,357,21245190,"2024,2023,2022",Unfallatlas,50.131425,8.6198226,,Fischstein,415,50.1293756,8.6251947,,Große Nelkenstraße,437,50.1330284,8.6283519,,Markus-Krankenhaus,1734,50.1366388,8.6457564,,Frauenfriedenskirche,1774,50.1288186,8.646436,,An der Dammheide,1816,50.11727,8.6310384,,Hausener Weg,200,50.1312062,8.6204817,,Ellerfeld,355,50.1351361,8.6252826,,Fischstein,399,50.1294077,8.6248093,,,773068,1134,8421,5632,1876,14840.7,146.7,1089.3,728.5,242.7,city_aggregate
Ludwig-Richter-Schule,Grundschule,Hinter den Ulmen 10,60433,Frankfurt am Main,Frankfurt am Main,Hessen,50.1548,8.66127,poststelle@ludwig-richter-schule.frankfurt.schulverwaltung.hessen.de,Öffentlich,249,10.0,40,97,Lindenbaum,269,50.0,32,10.7,0,6,26,19,2,25,56,Frankfurt am Main,,114729,14840,51.2,1.0,Hessisches Statistisches Landesamt Verzeichnis 6,2026-03-30,3120,412,0,1,,69,21233942,,,239,,239,,,,,,,,,,,,,,,,,,,10.0,,,,,,249,249,21232746,"2024,2023,2022",Unfallatlas,50.1523962,8.6617379,,Weißer Stein,375,50.1564973,8.6567156,,Frankfurt-Eschersheim,559,50.1575014,8.6546528,,Schwabstraße,1877,50.1446265,8.682291,,Ginnheim Mitte,1929,50.1402029,8.6466334,,Markus-Krankenhaus,2301,50.1366419,8.6457914,,Hinter den Ulmen,135,50.1554101,8.6629129,,Lindenbaum,219,50.152836,8.6614476,,Höllbergstraße,309,50.1535844,8.6573741,,,773068,1134,8421,5632,1876,14840.7,146.7,1089.3,728.5,242.7,city_aggregate
Günderrode-Schule,Grundschule,Hufnagelstraße 25,60326,Frankfurt am Main,Frankfurt am Main,Hessen,50.1044,8.64231,poststelle@guenderrodeschule.frankfurt.schulverwaltung.hessen.de,Öffentlich,388,11.0,34,104,Frankfurt (Main) Galluswarte,152,75.0,84,28.0,0,8,76,22,15,35,29,Frankfurt am Main,,114729,14840,51.2,1.0,Hessisches Statistisches Landesamt Verzeichnis 6,2026-03-30,3121,412,0,1,,69,21233086,,,377,,377,,,,,,,,,,,,,,,,,,,11.0,,,,,,388,388,21239092,"2024,2023,2022",Unfallatlas,50.1043873,8.6444435,,Frankfurt am Main Messe,843,50.1119428,8.6434702,,Messe,1182,50.111975,8.6539416,,Galluswarte,229,50.1033857,8.6451041,,Kriegkstraße,392,50.1012426,8.6398642,,Schwalbacher Straße,470,50.1023226,8.6365649,,Haus Gallus,89,50.1047256,8.6434425,,Galluswarte,221,50.1034965,8.6450634,,Hellerhofschule,244,50.106034,8.640035,,,773068,1134,8421,5632,1876,14840.7,146.7,1089.3,728.5,242.7,city_aggregate
Goldsteinschule,Grundschule,Am Wiesenhof 109,60529,Frankfurt am Main,Frankfurt am Main,Hessen,50.0803,8.60705,poststelle@goldsteinschule.frankfurt.schulverwaltung.hessen.de,Öffentlich,479,,8,30,Griesheim,1567,50.0,9,3.0,0,2,7,7,0,4,76,Frankfurt am Main,,114729,14840,51.2,1.0,Hessisches Statistisches Landesamt Verzeichnis 6,2026-03-30,3122,412,0,1,,69,21232991,,,479,195.0,284,,,,,,,,,,,,,,,,,,,,,,,,,479,479,21232872,"2024,2023,2022",Unfallatlas,50.094362,8.6056814,,Frankfurt-Niederrad,2155,50.0807744,8.6372448,,Frankfurt am Main Stadion,2291,50.0682137,8.6330468,,Waldau,427,50.0770509,8.6102309,,Waldfriedhof Goldstein,446,50.0768343,8.6038934,,Kiesschneise,866,50.0764821,8.6176289,,Schwarzbachmühle,312,50.0824281,8.6042062,,Waldau/Goldsteinstraße,347,50.0824122,8.6106219,,Tannenkopfweg,662,50.0860558,8.6047044,,,773068,1134,8421,5632,1876,14840.7,146.7,1089.3,728.5,242.7,city_aggregate
Ackermannschule,Grundschule,Ackermannstraße 37,60326,Frankfurt am Main,Frankfurt am Main,Hessen,50.0991,8.62504,poststelle@ackermannschule.frankfurt.schulverwaltung.hessen.de,Öffentlich,293,12.0,22,68,Griesheim,1478,50.0,52,17.3,0,2,50,15,10,19,122,Frankfurt am Main,,114729,14840,51.2,1.0,Hessisches Statistisches Landesamt Verzeichnis 6,2026-03-30,3123,412,0,1,,69,21235549,,14.0,281,,281,,,,,,,,,,,,,,,,,,,12.0,,,,,,307,293,21242071,"2024,2023,2022",Unfallatlas,50.094362,8.6056814,,Frankfurt (Main) Galluswarte,1504,50.1043873,8.6444435,,Frankfurt am Main Messe,1941,50.1119428,8.6434702,,Wickerer Straße,267,50.1009823,8.6227247,,Rebstöcker Straße,355,50.1015165,8.6282985,,Gustavsburgplatz,425,50.1005462,8.6305489,,Schulbus,86,50.0995834,8.6259743,,Wickerer Straße,268,50.1008613,8.6224688,,Rebstöcker Straße,351,50.1014552,8.6283097,,,773068,1134,8421,5632,1876,14840.7,146.7,1089.3,728.5,242.7,city_aggregate
Adolf-Reichwein-Schule,Grundschule,Lenzenbergstraße 70,65931,Frankfurt am Main,Frankfurt am Main,Hessen,50.1013,8.50287,poststelle@adolf-reichwein-schule.frankfurt.schulverwaltung.hessen.de,Öffentlich,290,,19,52,Frankfurt-Zeilsheim,1254,50.0,14,4.7,0,4,10,2,6,5,128,Frankfurt am Main,,114729,14840,51.2,1.0,Hessisches Statistisches Landesamt Verzeichnis 6,2026-03-30,3124,412,0,1,,69,21230790,,14.0,290,,290,,,,,,,,,,,,,,,,,,,,,,,,,304,290,21231632,"2024,2023,2022",Unfallatlas,50.0902826,8.5066433,,Liederbach Süd,1580,50.1154731,8.5012874,,Frankfurt am Main Sindlingen,1672,50.0875382,8.5123032,,Zuckschwerdtstraße,3550,50.103061,8.5525659,,Bolongaropalast,3563,50.1017019,8.5528179,,Tillystraße,4093,50.1014862,8.5602552,,Pferdskopfweg,90,50.1018166,8.5018899,,Bechtenwaldstraße,200,50.0996327,8.5039134,,Siedlung Taunusblick,350,50.1010289,8.4979752,,810,773068,1134,8421,5632,1876,14840.7,146.7,1089.3,728.5,242.7,city_aggregate
Albert-Schweitzer-Schule,Grundschule,Berkersheimer Weg 26,60433,Frankfurt am Main,Frankfurt am Main,Hessen,50.167,8.6745,poststelle@albert-schweitzer-schule.frankfurt.schulverwaltung.hessen.de,Öffentlich,275,12.0,24,46,Frankfurt Frankfurter Berg,396,50.0,29,9.7,0,4,25,9,7,19,78,Frankfurt am Main,,114729,14840,51.2,1.0,Hessisches Statistisches Landesamt Verzeichnis 6,2026-03-30,3125,412,0,1,,69,21271830,,16.0,263,,263,,,,,,,,,,,,,,,,,,,12.0,,,,,,291,275,21271965,"2024,2023,2022",Unfallatlas,50.1701528,8.6770793,,Preungesheim,1321,50.1585161,8.6874727,,Sigmund-Freud-Straße,1592,50.1547945,8.6861706,,Gravensteiner-Platz,2164,50.1551792,8.69864,,Alkmenestraße,2470,50.1518084,8.6997916,,Schwabstraße,2549,50.1446265,8.682291,,Fliederweg,71,50.1667067,8.6736123,,Hagebuttenweg,180,50.1671879,8.6770035,,Siedlung Frankfurter Berg,282,50.1676066,8.6783406,,,773068,1134,8421,5632,1876,14840.7,146.7,1089.3,728.5,242.7,city_aggregate
August-Gräser-Schule,Grundschule,Gerolsteiner Straße 2,60529,Frankfurt am Main,Frankfurt am Main,Hessen,50.0882,8.57697,poststelle@august-graeser-schule.frankfurt.schulverwaltung.hessen.de,Öffentlich,264,14.0,19,51,Nied,1619,50.0,14,4.7,0,2,12,5,0,8,175,Frankfurt am Main,,114729,14840,51.2,1.0,Hessisches Statistisches Landesamt Verzeichnis 6,2026-03-30,3127,412,0,1,,69,21236719,,,250,,250,,,,,,,,,,,,,,,,,,,14.0,,,,,,264,264,21238066,"2024,2023,2022",Unfallatlas,50.1023216,8.5714188,,Griesheim,2160,50.094362,8.6056814,,Frankfurt-Höchst,2968,50.1027438,8.5420871,,Rheinlandstraße,726,50.082324,8.5814124,12;19,Ferdinand-Dirichs-Weg,1004,50.0826345,8.5880544,,Luthmerstraße,1259,50.0990806,8.5720818,,Geisenheimer Straße,130,50.0889175,8.5755286,,Mauritiusstraße,235,50.0873248,8.5799739,,Friedhof Schwanheim,345,50.0893488,8.5724749,,"12, 19, 51, 54, 62, 68, 78, n7",773068,1134,8421,5632,1876,14840.7,146.7,1089.3,728.5,242.7,city_aggregate
Steffi-Jones-Schule,Grundschule,Harheimer Weg 16,60437,Frankfurt am Main,Frankfurt am Main,Hessen,50.1828,8.66858,poststelle@steffi-jones-schule.frankfurt.schulverwaltung.hessen.de,Öffentlich,347,13.0,29,62,Bonames Mitte,375,50.0,16,5.3,0,5,11,8,8,8,206,Frankfurt am Main,,114729,14840,51.2,1.0,Hessisches Statistisches Landesamt Verzeichnis 6,2026-03-30,3128,412,0,1,,69,21238564,,,334,,334,,,,,,,,,,,,,,,,,,,13.0,,,,,,347,347,21238459,"2024,2023,2022",Unfallatlas,50.185371,8.6651706,,Kalbach,750,50.1830878,8.6580612,,Frankfurt Frankfurter Berg,1531,50.1701528,8.6770793,,Gravensteiner-Platz,3744,50.1551792,8.69864,,Alkmenestraße,4101,50.1518084,8.6997916,,Schwabstraße,4356,50.1446265,8.682291,,Haus Nidda,77,50.1832329,8.6677444,,Bonameser Hainstraße,270,50.1836407,8.6650291,,Harheimer Weg,327,50.1831398,8.6731381,,,773068,1134,8421,5632,1876,14840.7,146.7,1089.3,728.5,242.7,city_aggregate
Berthold-Otto-Schule,Grundschule,Kiefernstraße 18 A,65933,Frankfurt am Main,Frankfurt am Main,Hessen,50.0997,8.60645,poststelle@berthold-otto-schule.frankfurt.schulverwaltung.hessen.de,Öffentlich,313,,30,80,Griesheim,596,50.0,45,15.0,0,7,38,13,9,27,59,Frankfurt am Main,,114729,14840,51.2,1.0,Hessisches Statistisches Landesamt Verzeichnis 6,2026-03-30,3129,412,0,1,,69,21233901,,17.0,313,,313,,,,,,,,,,,,,,,,,,,,,,,,,330,313,21242626,"2024,2023,2022",Unfallatlas,50.094362,8.6056814,,Nied,2516,50.1023216,8.5714188,,Frankfurt (Main) Galluswarte,2759,50.1043873,8.6444435,,Waldschulstraße,164,50.1002386,8.6043118,,Linnegraben,694,50.1001906,8.5967462,,Mönchhofstraße,821,50.1005288,8.6178891,,Waldschulstraße,150,50.1001115,8.6044529,,Platanenstraße,210,50.09781,8.6063392,,Bingelsweg,267,50.1009557,8.6032525,,,773068,1134,8421,5632,1876,14840.7,146.7,1089.3,728.5,242.7,city_aggregate
Elsa-Brändström-Schule,Grundschule,Lindenstraße 2,60325,Frankfurt am Main,Frankfurt am Main,Hessen,50.1152,8.661,poststelle@elsa-braendstroem-schule.frankfurt.schulverwaltung.hessen.de,Öffentlich,271,,26,177,Feuerbachstraße,345,50.0,96,32.0,0,13,83,63,11,60,25,Frankfurt am Main,,114729,14840,51.2,1.0,Hessisches Statistisches Landesamt Verzeichnis 6,2026-03-30,3130,412,0,1,,69,21235266,,10.0,271,,271,,,,,,,,,,,,,,,,,,,,,,,,,281,271,21237772,"2024,2023,2022",Unfallatlas,50.1179803,8.6631555,,Westend,349,50.118164,8.6625889,,Freiherr-vom-Stein-Straße,365,50.1181243,8.6633367,,Hohenstaufenstraße,540,50.1109059,8.6574625,,Festhalle/Messe,572,50.1121827,8.654498,,Platz der Republik,658,50.1092791,8.6610064,,Kettenhofweg,222,50.1161755,8.6582852,,Bettinaplatz,327,50.1139756,8.6568336,,Westend,348,50.118035,8.6630648,M36;N7,"64, M36, N7",773068,1134,8421,5632,1876,14840.7,146.7,1089.3,728.5,242.7,city_aggregate
Engelbert-Humperdinck-Schule,Grundschule,Wolfsgangstraße 106,60322,Frankfurt am Main,Frankfurt am Main,Hessen,50.1238,8.67077,poststelle@engelbert-humperdinck-schule.frankfurt.schulverwaltung.hessen.de,Öffentlich,315,10.0,51,142,Holzhausenstraße,369,50.0,84,28.0,1,7,76,47,10,55,58,Frankfurt am Main,,114729,14840,51.2,1.0,Hessisches Statistisches Landesamt Verzeichnis 6,2026-03-30,3131,412,0,1,,69,21235137,,,305,,305,,,,,,,,,,,,,,,,,,,10.0,,,,,,315,315,21238214,"2024,2023,2022",Unfallatlas,50.1265229,8.6737247,,"U-Bahn (50.1219,8.6756)",401,50.121929,8.6755721,,Grüneburgweg,410,50.1219063,8.6757021,,Hessendenkmal,1424,50.1186272,8.6890393,,Bockenheimer Warte,1465,50.1208587,8.6507444,,Friedberger Platz,1488,50.1229292,8.6915958,,Bremer Platz,73,50.1240064,8.6698039,,Uni Campus Westend,174,50.1240754,8.668373,,Lessing-Gymnasium,204,50.1249173,8.6730476,,"36, M36, N7",773068,1134,8421,5632,1876,14840.7,146.7,1089.3,728.5,242.7,city_aggregate
Franckeschule,Grundschule,Falkstraße 71,60487,Frankfurt am Main,Frankfurt am Main,Hessen,50.1248,8.64502,poststelle@franckeschule.frankfurt.schulverwaltung.hessen.de,Öffentlich,389,,24,111,Kurfürstenstraße,213,60.0,51,17.0,0,3,48,27,13,33,80,Frankfurt am Main,,114729,14840,51.2,1.0,Hessisches Statistisches Landesamt Verzeichnis 6,2026-03-30,3132,412,0,1,,69,21235282,,13.0,389,,389,,,,,,,,,,,,,,,,,,,,,,,,,402,389,21234480,"2024,2023,2022",Unfallatlas,50.1228816,8.6449723,,"U-Bahn (50.1227,8.6456)",238,50.1226832,8.6455548,,Leipziger Straße,245,50.1226251,8.6455438,,Juliusstraße,155,50.1254101,8.6469765,,Frauenfriedenskirche,440,50.128635,8.646522,,Bockenheimer Warte,597,50.1208648,8.650709,,Juliusstraße,107,50.1253007,8.6462969,,Sophienstraße,423,50.1276542,8.6410898,,Frauenfriedenskirche,439,50.1286346,8.6464857,,"32, 36, 73",773068,1134,8421,5632,1876,14840.7,146.7,1089.3,728.5,242.7,city_aggregate
Friedrich-Fröbel-Schule,Grundschule,Else-Alken-Straße 3,60528,Frankfurt am Main,Frankfurt am Main,Hessen,50.0796,8.64294,poststelle@friedrich-froebel-schule.frankfurt.schulverwaltung.hessen.de,Öffentlich,478,,36,114,Frankfurt-Niederrad,427,50.0,29,9.7,0,2,27,12,8,18,123,Frankfurt am Main,,114729,14840,51.2,1.0,Hessisches Statistisches Landesamt Verzeichnis 6,2026-03-30,3133,412,0,1,,69,21243316,,,478,,478,,,,,,,,,,,,,,,,,,,,,,,,,478,478,21249440,"2024,2023,2022",Unfallatlas,50.0807744,8.6372448,,Frankfurt am Main Stadion,1450,50.0682137,8.6330468,,Frankfurt-Louisa,2014,50.0838234,8.6703942,,Melibocusstraße,332,50.0816854,8.639611,,Niederrad Bahnhof,432,50.0807812,8.6371756,,Gerauer Straße,507,50.0839346,8.6451377,,Güntherstraße,283,50.0814075,8.6457291,,Gundhofstraße,301,50.0793015,8.647128,,Melibocusstraße,308,50.0819134,8.6405556,,,773068,1134,8421,5632,1876,14840.7,146.7,1089.3,728.5,242.7,city_aggregate
Friedrich-List-Schule,Grundschule,Heusingerstraße 14,65934,Frankfurt am Main,Frankfurt am Main,Hessen,50.1073,8.58107,poststelle@friedrich-list-schule.frankfurt.schulverwaltung.hessen.de,Öffentlich,332,,10,23,Nied,883,50.0,16,5.3,0,3,13,5,2,10,103,Frankfurt am Main,,114729,14840,51.2,1.0,Hessisches Statistisches Landesamt Verzeichnis 6,2026-03-30,3134,412,0,1,,69,38010022,,,332,,332,,,,,,,,,,,,,,,,,,,,,,,,,332,332,382075,"2024,2023,2022",Unfallatlas,50.1023216,8.5714188,,Sossenheim,2135,50.1149359,8.5536044,,Griesheim,2270,50.094362,8.6056814,,Birminghamstraße,825,50.1000269,8.5787719,,Jägerallee,1030,50.1001583,8.590261,,Luthmerstraße,1039,50.0993131,8.5735035,,Heusingerstraße,115,50.106274,8.5808599,,Neumarkt,216,50.1072866,8.5840919,,Nidda-Kampfbahn,451,50.1048582,8.5760185,,,773068,1134,8421,5632,1876,14840.7,146.7,1089.3,728.5,242.7,city_aggregate
Dahlmannschule,Grundschule,Luxemburgerallee 24,60385,Frankfurt am Main,Frankfurt am Main,Hessen,50.1189,8.71197,poststelle@dahlmannschule.frankfurt.schulverwaltung.hessen.de,Öffentlich,367,,26,131,"Luxemburgerallee, Rhönstraße",69,50.0,39,13.0,0,7,32,20,4,20,151,Frankfurt am Main,,114729,14840,51.2,1.0,Hessisches Statistisches Landesamt Verzeichnis 6,2026-03-30,3135,412,0,1,,69,21235278,,,367,,367,,,,,,,,,,,,,,,,,,,,,,,,,367,367,21231190,"2024,2023,2022",Unfallatlas,50.1194635,8.7123707,,"U-Bahn (50.1197,8.7128)",113,50.1197491,8.7128498,,Parlamentsplatz,172,50.120065,8.7135633,,Freiligrathstraße,375,50.1219778,8.7098076,,Habsburger-/Wittelsbacherallee,460,50.120346,8.705918,,Saalburg-/Wittelsbacherallee,588,50.1241594,8.7128602,,Habsburgerallee,305,50.118007,8.7079186,,Freiligrathstraße,387,50.1222959,8.7107659,,Habsburger-/Wittelsbacherallee,456,50.1201983,8.7058982,,"38, OF-103, n5",773068,1134,8421,5632,1876,14840.7,146.7,1089.3,728.5,242.7,city_aggregate
Diesterwegschule,Grundschule,Ginnheimer Waldgasse 30,60431,Frankfurt am Main,Frankfurt am Main,Hessen,50.1455,8.65083,poststelle@diesterwegschule.frankfurt.schulverwaltung.hessen.de,Öffentlich,369,,23,58,Frankfurt-Ginnheim,605,50.0,19,6.3,0,2,17,10,3,9,66,Frankfurt am Main,,114729,14840,51.2,1.0,Hessisches Statistisches Landesamt Verzeichnis 6,2026-03-30,3136,412,0,1,,69,21242881,,10.0,369,,369,,,,,,,,,,,,,,,,,,,,,,,,,379,369,21242805,"2024,2023,2022",Unfallatlas,50.1431449,8.6431785,,Ginnheim/Niddapark,636,50.1432467,8.6426292,,Ginnheim Mitte,651,50.1403245,8.6465665,,Ginnheim Mitte,661,50.1402029,8.6466334,,Markus-Krankenhaus,1048,50.1366419,8.6457914,,Frauenfriedenskirche,1881,50.1288186,8.646436,,Am Mühlgarten,100,50.1446324,8.6504794,,Kurhessenstraße,239,50.1449173,8.6540609,,Füllerstraße,309,50.1432155,8.6483666,,,773068,1134,8421,5632,1876,14840.7,146.7,1089.3,728.5,242.7,city_aggregate
Ebelfeldschule,Grundschule,Praunheimer Hohl 4,60488,Frankfurt am Main,Frankfurt am Main,Hessen,50.1412,8.61348,poststelle@ebelfeldschule.frankfurt.schulverwaltung.hessen.de,Öffentlich,381,,14,45,Friedhof Westhausen,269,50.0,11,3.7,0,2,9,6,3,7,136,Frankfurt am Main,,114729,14840,51.2,1.0,Hessisches Statistisches Landesamt Verzeichnis 6,2026-03-30,3137,412,0,1,,69,21235598,,9.0,381,,381,,,,,,,,,,,,,,,,,,,,,,,,,390,381,21230195,"2024,2023,2022",Unfallatlas,50.1388388,8.6126856,,Heerstraße,443,50.1434561,8.6083618,,Stephan-Heise-Straße,557,50.136283,8.6149963,,Markus-Krankenhaus,2356,50.1366388,8.6457564,,Ginnheim Mitte,2364,50.1401805,8.6466127,,Frauenfriedenskirche,2723,50.1288186,8.646436,,Friedhof Westhausen,187,50.1397813,8.6120771,,Gymnasium Westhausen,272,50.1406303,8.6097667,,Heerstraße,342,50.1426942,8.6092898,,,773068,1134,8421,5632,1876,14840.7,146.7,1089.3,728.5,242.7,city_aggregate
Eichendorffschule,Grundschule,Waldschulstraße 83,65933,Frankfurt am Main,Frankfurt am Main,Hessen,50.1033,8.60205,poststelle@eichendorffschule.frankfurt.schulverwaltung.hessen.de,Öffentlich,254,12.0,26,74,Griesheim,1027,50.0,51,17.0,0,5,46,11,12,32,83,Frankfurt am Main,,114729,14840,51.2,1.0,Hessisches Statistisches Landesamt Verzeichnis 6,2026-03-30,3138,412,0,1,,69,21243113,,,242,,242,,,,,,,,,,,,,,,,,,,12.0,,,,,,254,254,21242912,"2024,2023,2022",Unfallatlas,50.094362,8.6056814,,Nied,2187,50.1023216,8.5714188,,Frankfurt-Rödelheim,2416,50.1247899,8.6070103,,Waldschulstraße,364,50.1002669,8.6039626,,Linnegraben,512,50.1001906,8.5967462,,Jägerallee,888,50.100135,8.5906157,,Heinrich-Hardt-Straße,38,50.1034352,8.6025431,,Bingelsweg,228,50.1013513,8.6030622,,Lindenhag,340,50.1063006,8.6011213,,,773068,1134,8421,5632,1876,14840.7,146.7,1089.3,728.5,242.7,city_aggregate
Mühlbergschule,Grundschule,Lettigkautweg 8,60599,Frankfurt am Main,Frankfurt am Main,Hessen,50.0982,8.70286,poststelle@muehlbergschule.frankfurt.schulverwaltung.hessen.de,Öffentlich,410,11.0,21,98,Mühlberg,428,50.0,17,5.7,0,0,17,6,1,13,164,Frankfurt am Main,,114729,14840,51.2,1.0,Hessisches Statistisches Landesamt Verzeichnis 6,2026-03-30,3148,412,0,1,,69,21245579,,,399,,399,,,,,,,,,,,,,,,,,,,11.0,,,,,,410,410,21245568,"2024,2023,2022",Unfallatlas,50.1018292,8.700846,,Lokalbahnhof,842,50.1022138,8.6928445,,Ruhrorter Werft,1064,50.1077364,8.7040881,,Lettigkautweg,175,50.0996567,8.703802,,Mühlberg,463,50.1018743,8.6998068,,Heister-/Seehofstraße,705,50.1034734,8.6973764,,Lettigkautweg,177,50.0996644,8.7038292,,Seehofpark,264,50.0958356,8.7025077,,Dielmannstraße,281,50.0974317,8.6991025,,,773068,1134,8421,5632,1876,14840.7,146.7,1089.3,728.5,242.7,city_aggregate
Römerstadtschule,Grundschule,In der Römerstadt 120 E,60439,Frankfurt am Main,Frankfurt am Main,Hessen,50.154,8.63315,poststelle@roemerstadtschule.frankfurt.schulverwaltung.hessen.de,Öffentlich,370,,27,54,Römerstadt,350,50.0,43,14.3,1,5,37,10,5,26,113,Frankfurt am Main,,114729,14840,51.2,1.0,Hessisches Statistisches Landesamt Verzeichnis 6,2026-03-30,3149,412,0,1,,69,21234978,,,370,,370,,,,,,,,,,,,,,,,,,,,,,,,,370,370,21232009,"2024,2023,2022",Unfallatlas,50.1542427,8.6380524,,Nordwestzentrum,452,50.1579488,8.6346656,,Heddernheimer Landstraße,1096,50.1637967,8.6348005,,Ginnheim Mitte,1810,50.1402029,8.6466334,,Markus-Krankenhaus,2129,50.1366388,8.6457564,,Frauenfriedenskirche,2956,50.1288186,8.646436,,Ernst-Kahn-Straße,93,50.1546459,8.6339839,,Hadrianstraße,95,50.1532475,8.6337742,,Mithrasstraße,217,50.1526385,8.6309718,,,773068,1134,8421,5632,1876,14840.7,146.7,1089.3,728.5,242.7,city_aggregate
Schwarzburgschule,Grundschule,Lenaustraße 81,60318,Frankfurt am Main,Frankfurt am Main,Hessen,50.1265,8.68983,poststelle@schwarzburgschule.frankfurt.schulverwaltung.hessen.de,Öffentlich,284,,25,91,Glauburgstraße,346,50.0,139,46.3,0,18,121,59,10,67,72,Frankfurt am Main,,114729,14840,51.2,1.0,Hessisches Statistisches Landesamt Verzeichnis 6,2026-03-30,3150,412,0,1,,69,21233940,,,284,,284,,,,,,,,,,,,,,,,,,,,,,,,,284,284,21230750,"2024,2023,2022",Unfallatlas,50.1274598,8.6852144,,Musterschule,558,50.12205,8.6862198,,Deutsche Nationalbibliothek,656,50.1310808,8.6840203,,Matthias-Beltz-Platz,153,50.1265694,8.691974,,Rothschildallee,326,50.127753,8.6939571,,Friedberger Platz,329,50.1238054,8.691725,,Matthias-Beltz-Platz,154,50.1265693,8.6919921,,Glauburgstraße,308,50.1268876,8.685552,,Friedberger Platz,330,50.1238039,8.6917524,,"32, 36, n4",773068,1134,8421,5632,1876,14840.7,146.7,1089.3,728.5,242.7,city_aggregate
Textorschule,Grundschule,Oppenheimer Landstraße 15,60594,Frankfurt am Main,Frankfurt am Main,Hessen,50.1027,8.6817,poststelle@textorschule.frankfurt.schulverwaltung.hessen.de,Öffentlich,415,11.0,51,205,Schweizer Platz,94,50.0,133,44.3,0,14,119,59,27,61,90,Frankfurt am Main,,114729,14840,51.2,1.0,Hessisches Statistisches Landesamt Verzeichnis 6,2026-03-30,3151,412,0,1,,69,21241161,,,404,,404,,,,,,,,,,,,,,,,,,,11.0,,,,,,415,415,21239598,"2024,2023,2022",Unfallatlas,50.1022795,8.6805639,,Gartenstraße Museumsufer,159,50.1031575,8.6795856,,Frankfurt (Main) Süd,496,50.099356,8.6863016,,Schweizer-/Gartenstraße,145,50.1031023,8.679772,,Schwanthalerstraße,174,50.1011645,8.681209,,Brücken-/Textorstraße,392,50.1017739,8.6870059,,Schweizer-/Gartenstraße,144,50.1031548,8.6798128,,Schwanthalerstraße,173,50.1011728,8.6812389,,Südbahnhof,378,50.100146,8.6851923,,"14, 18, N16, N8",773068,1134,8421,5632,1876,14840.7,146.7,1089.3,728.5,242.7,city_aggregate
Theobald-Ziegler-Schule,Grundschule,Theobald-Ziegler-Straße 10,60435,Frankfurt am Main,Frankfurt am Main,Hessen,50.1481,8.69085,poststelle@theobald-ziegler-schule.frankfurt.schulverwaltung.hessen.de,Öffentlich,314,,29,71,Theobald-Ziegler-Straße,70,50.0,33,11.0,0,8,25,11,7,14,13,Frankfurt am Main,,114729,14840,51.2,1.0,Hessisches Statistisches Landesamt Verzeichnis 6,2026-03-30,3152,412,0,1,,69,21238755,,13.0,314,,314,,,,,,,,,,,,,,,,,,,,,,,,,327,314,21230706,"2024,2023,2022",Unfallatlas,50.1479234,8.6899125,,Ronneburgstraße,412,50.1513695,8.6881232,,Feuerwehrstraße,474,50.1438815,8.6918498,,Schwabstraße,722,50.1446265,8.682291,,Alkmenestraße,750,50.1516538,8.6997969,,Walter-Kolb-Siedlung,890,50.1468119,8.7031811,18.0,Theobald-Ziegler-Straße,59,50.1477474,8.6902298,,Ronneburgstraße,335,50.1509024,8.6891106,,Feuerwehrstraße,365,50.1448713,8.6918043,,18,773068,1134,8421,5632,1876,14840.7,146.7,1089.3,728.5,242.7,city_aggregate
Willemerschule,Grundschule,Willemerstraße 12,60594,Frankfurt am Main,Frankfurt am Main,Hessen,50.104,8.69286,poststelle@willemerschule.frankfurt.schulverwaltung.hessen.de,Öffentlich,349,13.0,61,175,Lokalbahnhof,199,50.0,136,45.3,0,21,115,55,29,64,45,Frankfurt am Main,,114729,14840,51.2,1.0,Hessisches Statistisches Landesamt Verzeichnis 6,2026-03-30,3153,412,0,1,,69,21233529,,,336,,336,,,,,,,,,,,,,,,,,,,13.0,,,,,,349,349,21238523,"2024,2023,2022",Unfallatlas,50.1022138,8.6928445,,Mühlberg,574,50.1020216,8.7002889,,Südbahnhof,671,50.0989664,8.6876801,,Lokalbahnhof,79,50.1033204,8.6931589,,Frankensteiner Platz,221,50.1059556,8.6923446,14;18,Lokalbahnhof/Textorstraße,247,50.10269,8.6900698,,Heister-/Siemensstraße,174,50.1040602,8.6952999,,Affentorplatz,215,50.1044153,8.6899086,,Lokalbahnhof,234,50.1023482,8.6908371,,"14, 18",773068,1134,8421,5632,1876,14840.7,146.7,1089.3,728.5,242.7,city_aggregate
Zentgrafenschule,Grundschule,Wilhelmshöher Straße 124,60389,Frankfurt am Main,Frankfurt am Main,Hessen,50.143,8.72667,poststelle@zentgrafenschule.frankfurt.schulverwaltung.hessen.de,Öffentlich,307,,21,41,Kruppstraße,1388,50.0,20,6.7,0,3,17,9,2,6,49,Frankfurt am Main,,114729,14840,51.2,1.0,Hessisches Statistisches Landesamt Verzeichnis 6,2026-03-30,3154,412,0,1,,69,21274050,,17.0,307,,307,,,,,,,,,,,,,,,,,,,,,,,,,324,307,21245632,"2024,2023,2022",Unfallatlas,50.1379284,8.7444682,,"U-Bahn (50.1313,8.7334)",1389,50.1312846,8.7334237,,"U-Bahn (50.1312,8.7332)",1394,50.1311773,8.7331877,,Walter-Kolb-Siedlung,1715,50.1464968,8.7032273,18,Johanna-Tesch-Platz,1747,50.1273377,8.7246964,,Bodenweg,1788,50.1422435,8.7016037,,Zentgrafenschule,95,50.1438223,8.7263259,,Schulbus,130,50.1423708,8.7282001,,Atzelberg Ost,287,50.1422514,8.7228097,38,38,773068,1134,8421,5632,1876,14840.7,146.7,1089.3,728.5,242.7,city_aggregate
Erich Kästner Schule,Grundschule,Praunheimer Weg 44,60439,Frankfurt am Main,Frankfurt am Main,Hessen,50.1615,8.62122,poststelle@erich-kaestner-schule.frankfurt.schulverwaltung.hessen.de,Öffentlich,460,11.0,14,35,Wiesenau,854,50.0,16,5.3,0,5,11,8,3,8,51,Frankfurt am Main,,114729,14840,51.2,1.0,Hessisches Statistisches Landesamt Verzeichnis 6,2026-03-30,3155,412,0,1,,69,21234515,,26.0,449,,449,,,,,,,,,,,,,,,,,,,11.0,,,,,,486,460,21232744,"2024,2023,2022",Unfallatlas,50.1668742,8.6297836,,Niederursel,863,50.1692038,8.6227387,,Nordwestzentrum,990,50.1581352,8.634094,,Ginnheim Mitte,2981,50.1402029,8.6466334,,Markus-Krankenhaus,3271,50.1366388,8.6457564,,Frauenfriedenskirche,4054,50.1288186,8.646436,,Praunheimer Weg Mitte,37,50.1615175,8.6206996,,Gerhart-Hauptmann-Ring/Praunheimer Weg,162,50.160547,8.6195053,,Eduard-Bernstein-Weg,256,50.1638025,8.62142,,,773068,1134,8421,5632,1876,14840.7,146.7,1089.3,728.5,242.7,city_aggregate
Brentanoschule,Grundschule,Biedenkopfer Weg 33,60489,Frankfurt am Main,Frankfurt am Main,Hessen,50.1207,8.60364,poststelle@brentanoschule.frankfurt.schulverwaltung.hessen.de,Öffentlich,217,28.0,18,43,Frankfurt-Rödelheim,514,50.0,6,2.0,0,0,6,5,1,4,257,Frankfurt am Main,,114729,14840,51.2,1.0,Hessisches Statistisches Landesamt Verzeichnis 6,2026-03-30,3156,412,0,1,,69,21242713,,,189,,189,,,,,,,,,,,,,,,,,,,28.0,,,,,,217,217,21242770,"2024,2023,2022",Unfallatlas,50.1247899,8.6070103,,Hausener Weg,1659,50.131425,8.6198226,,Fischstein,1814,50.1293756,8.6251947,,Rebstockbad,1353,50.1137127,8.6191804,,Leonardo-da-Vinci-Allee,1845,50.1134821,8.6269473,,An der Dammheide,1990,50.11727,8.6310384,,In der Au,319,50.1223902,8.6000297,,Rödelheim Bahnhof,395,50.1236903,8.6066393,,Kirschbaumweg,628,50.1262611,8.6051609,,,773068,1134,8421,5632,1876,14840.7,146.7,1089.3,728.5,242.7,city_aggregate
Ludwig-Weber-Schule,Grundschule,Paul-Kirchhof-Platz 13,65931,Frankfurt am Main,Frankfurt am Main,Hessen,50.0879,8.50674,poststelle@ludwig-weber-schule.frankfurt.schulverwaltung.hessen.de,Öffentlich,214,,8,39,Frankfurt-Zeilsheim,265,50.0,11,3.7,0,3,8,3,5,5,104,Frankfurt am Main,,114729,14840,51.2,1.0,Hessisches Statistisches Landesamt Verzeichnis 6,2026-03-30,3158,412,0,1,,69,21245465,,,214,84.0,130,,,,,,,,,,,,,,,,,,,,,,,,,214,214,21245476,"2024,2023,2022",Unfallatlas,50.0902826,8.5066433,,Frankfurt am Main Sindlingen,399,50.0875382,8.5123032,,Frankfurt-Höchst Farbwerke,1946,50.098506,8.5284327,,Bolongaropalast,3628,50.1017019,8.5528179,,Zuckschwerdtstraße,3678,50.103061,8.5525659,,Tillystraße,4104,50.1014311,8.5602646,,Zeilsheim Bahnhof,274,50.0903494,8.5071628,,Sindlingen Bahnhof,338,50.0882148,8.511456,,Industriepark Höchst Tor West,527,50.0862297,8.5136546,,,773068,1134,8421,5632,1876,14840.7,146.7,1089.3,728.5,242.7,city_aggregate
Heinrich-Seliger-Schule,Grundschule,Mierendorffstraße 8,60320,Frankfurt am Main,Frankfurt am Main,Hessen,50.141,8.67439,poststelle@heinrich-seliger-schule.frankfurt.schulverwaltung.hessen.de,Öffentlich,395,,23,79,Marbachweg 364-356,348,50.0,75,25.0,1,10,64,35,12,47,56,Frankfurt am Main,,114729,14840,51.2,1.0,Hessisches Statistisches Landesamt Verzeichnis 6,2026-03-30,3159,412,0,1,,69,21235332,,12.0,395,,395,,,,,,,,,,,,,,,,,,,,,,,,,407,395,21232733,"2024,2023,2022",Unfallatlas,50.1389427,8.6707032,,Marbachweg 365-331,374,50.1386158,8.6706792,,Am Dornbusch 2-14,399,50.1386738,8.6701247,,Schwabstraße,693,50.1446265,8.682291,,Wasserpark,1686,50.1361865,8.6968218,,Friedberger Warte,1711,50.1393738,8.69826,,Kaiser-Sigmund-Straße,238,50.1406992,8.6776992,,Dornbusch,302,50.1390299,8.67148,,Fritz-Tarnow-Straße,436,50.142783,8.668943,,,773068,1134,8421,5632,1876,14840.7,146.7,1089.3,728.5,242.7,city_aggregate
Hellerhofschule,Grundschule,Idsteiner Straße 47,60326,Frankfurt am Main,Frankfurt am Main,Hessen,50.1052,8.63372,poststelle@hellerhofschule.frankfurt.schulverwaltung.hessen.de,Öffentlich,345,35.0,26,103,Frankfurt (Main) Galluswarte,770,65.0,74,24.7,0,4,70,21,18,33,67,Frankfurt am Main,,114729,14840,51.2,1.0,Hessisches Statistisches Landesamt Verzeichnis 6,2026-03-30,3160,412,0,1,,69,21235301,,22.0,310,,310,,,,,,,,,,,,,,,,,,,35.0,,,,,,367,345,21235211,"2024,2023,2022",Unfallatlas,50.1043873,8.6444435,,Frankfurt am Main Messe,1023,50.1119428,8.6434702,,Frankfurt (Main) West,1623,50.1194076,8.638936,,Schwalbacher Straße,368,50.1022487,8.6360424,,Rebstöcker Straße,515,50.1016199,8.6291363,,Gustavsburgplatz,565,50.1005462,8.6305489,,Paul-Hindemith-Schule,97,50.1057265,8.6347976,,Schneidhainer Straße,270,50.1052394,8.6299281,,Schwalbacher Straße,371,50.1022152,8.636051,,,773068,1134,8421,5632,1876,14840.7,146.7,1089.3,728.5,242.7,city_aggregate
Kirchnerschule,Grundschule,Berger Straße 268,60385,Frankfurt am Main,Frankfurt am Main,Hessen,50.1289,8.71214,poststelle@kirchnerschule.frankfurt.schulverwaltung.hessen.de,Öffentlich,421,,43,104,"Berger Straße, Saalburgstraße",383,50.0,73,24.3,1,8,64,38,17,41,89,Frankfurt am Main,,114729,14840,51.2,1.0,Hessisches Statistisches Landesamt Verzeichnis 6,2026-03-30,3161,412,0,1,,69,21235293,,,421,,421,,,,,,,,,,,,,,,,,,,,,,,,,421,421,21237603,"2024,2023,2022",Unfallatlas,50.1264858,8.7083158,,Am Rötheneck,434,50.1327705,8.7113072,,Bornheim Mitte,442,50.126098,8.7077502,,Bornheim Mitte,400,50.1262381,8.708374,,Ernst-May-Platz,400,50.1265548,8.7163931,,Saalburg-/Wittelsbacherallee,463,50.1247523,8.7127248,,Weidenbornstraße,324,50.131394,8.7097846,,Löwengasse,329,50.1283417,8.7166785,,Prüfling,359,50.1285489,8.7071272,34; 38; 43,"34, 38, 43, OF-103, n5",773068,1134,8421,5632,1876,14840.7,146.7,1089.3,728.5,242.7,city_aggregate
Liebfrauenschule,Grundschule,Schäfergasse 23,60313,Frankfurt am Main,Frankfurt am Main,Hessen,50.1158,8.68464,poststelle@liebfrauenschule.frankfurt.schulverwaltung.hessen.de,Öffentlich,363,,88,212,"Zeil, Stiftstraße",141,50.0,262,87.3,1,21,240,112,64,106,23,Frankfurt am Main,,114729,14840,51.2,1.0,Hessisches Statistisches Landesamt Verzeichnis 6,2026-03-30,3162,412,0,1,,69,21235162,,14.0,363,,363,,,,,,,,,,,,,,,,,,,,,,,,,377,363,21231441,"2024,2023,2022",Unfallatlas,50.1146284,8.6838835,,"Zeil, Fahrgasse, Große Friedberger Straße",181,50.1146042,8.686367,,Konstablerwache,203,50.1146301,8.6868253,,Konstablerwache,274,50.114492,8.6878891,,Börneplatz,420,50.1123897,8.6871697,,Hessendenkmal,444,50.1186272,8.6890393,,Peterskirche,238,50.1178765,8.6838265,,Konstablerwache,257,50.1148598,8.687928,,Alte Gasse,314,50.1181517,8.6870654,,"14, 18, 36, n72",773068,1134,8421,5632,1876,14840.7,146.7,1089.3,728.5,242.7,city_aggregate
Linnéschule,Grundschule,Linnestraße 18 - 20,60385,Frankfurt am Main,Frankfurt am Main,Hessen,50.1218,8.70664,poststelle@linneschule.frankfurt.schulverwaltung.hessen.de,Öffentlich,358,11.0,34,128,"Berger Straße, Höhenstraße",372,50.0,75,25.0,0,9,66,34,15,41,134,Frankfurt am Main,,114729,14840,51.2,1.0,Hessisches Statistisches Landesamt Verzeichnis 6,2026-03-30,3163,412,0,1,,69,21235275,,,347,38.0,309,,,,,,,,,,,,,,,,,,,11.0,,,,,,358,358,21230390,"2024,2023,2022",Unfallatlas,50.1231764,8.7018837,,Höhenstraße,387,50.1227967,8.7014363,,"Berger Straße, Wiesenstraße",395,50.1253534,8.7064236,,Habsburger-/Wittelsbacherallee,168,50.1203687,8.7058835,,Freiligrathstraße,225,50.1219986,8.7097845,,Bornheim Mitte,509,50.1262381,8.708374,,Habsburger-/Wittelsbacherallee,180,50.1202548,8.7058858,,Freiligrathstraße,236,50.1222652,8.7098687,,Höhenstraße,350,50.1225353,8.7018622,,"34, 38, 43, OF-103, n5",773068,1134,8421,5632,1876,14840.7,146.7,1089.3,728.5,242.7,city_aggregate
Merianschule,Grundschule,Burgstraße 21,60316,Frankfurt am Main,Frankfurt am Main,Hessen,50.1238,8.69625,poststelle@merianschule.frankfurt.schulverwaltung.hessen.de,Öffentlich,316,11.0,24,125,"Berger Straße, Habsburgerallee",362,50.0,143,47.7,0,24,119,72,18,67,141,Frankfurt am Main,,114729,14840,51.2,1.0,Hessisches Statistisches Landesamt Verzeichnis 6,2026-03-30,3164,412,0,1,,69,21234479,,,305,,305,,,,,,,,,,,,,,,,,,,11.0,,,,,,316,316,21239851,"2024,2023,2022",Unfallatlas,50.1227393,8.7010445,,Höhenstraße,372,50.1228696,8.7012626,,"Berger Straße, Merianplatz, Kantstraße, Mousonturm",377,50.1204126,8.6960549,,Friedberger Platz,323,50.1238054,8.691725,,Matthias-Beltz-Platz,433,50.1265694,8.691974,,Rothschildallee,469,50.127753,8.6939571,,Friedberger Platz,321,50.1238039,8.6917524,,Günthersburgallee,339,50.1267515,8.6974506,,Höhenstraße,371,50.1232403,8.7013777,,"32, 34, 36, 38, 43, OF-103, n4",773068,1134,8421,5632,1876,14840.7,146.7,1089.3,728.5,242.7,city_aggregate
Albrecht-Dürer-Schule,Grundschule,Sossenheimer Riedstraße 13,65936,Frankfurt am Main,Frankfurt am Main,Hessen,50.121,8.57014,poststelle@albrecht-duerer-schule.frankfurt.schulverwaltung.hessen.de,Öffentlich,364,13.0,15,30,Sossenheim,1358,50.0,20,6.7,0,1,19,7,0,12,65,Frankfurt am Main,,114729,14840,51.2,1.0,Hessisches Statistisches Landesamt Verzeichnis 6,2026-03-30,3165,412,0,1,,69,21231662,,12.0,351,,351,,,,,,,,,,,,,,,,,,,13.0,,,,,,376,364,21236718,"2024,2023,2022",Unfallatlas,50.1149359,8.5536044,,Eschborn Süd,1520,50.133625,8.5783053,,Nied,2079,50.1023216,8.5714188,,Tillystraße,2281,50.1014862,8.5602552,,Zuckschwerdtstraße,2347,50.1031171,8.5526441,,Birminghamstraße,2405,50.0999925,8.5781938,,Westerwaldstraße,217,50.1227652,8.5688289,,Sossenheim Volkshaus,282,50.1221137,8.5665797,,Sossenheimer Kirchberg,292,50.1196285,8.5666481,,,773068,1134,8421,5632,1876,14840.7,146.7,1089.3,728.5,242.7,city_aggregate
Berkersheimer Grundschule,Grundschule,In den Gräben 5,60435,Frankfurt am Main,Frankfurt am Main,Hessen,50.1738,8.69624,poststelle@berkersheimer-grundschule.frankfurt.schulverwaltung.hessen.de,Öffentlich,274,14.0,7,23,Frankfurt-Berkersheim,300,50.0,3,1.0,0,1,2,2,1,2,209,Frankfurt am Main,,114729,14840,51.2,1.0,Hessisches Statistisches Landesamt Verzeichnis 6,2026-03-30,3166,412,0,1,,69,21241005,,,260,,260,,,,,,,,,,,,,,,,,,,14.0,,,,,,274,274,21241108,"2024,2023,2022",Unfallatlas,50.1763439,8.6976301,,Frankfurt Frankfurter Berg,1424,50.1701528,8.6770793,,Preungesheim,1811,50.1585161,8.6874727,,Gravensteiner-Platz,2077,50.15519,8.6987305,,Alkmenestraße,2458,50.1518084,8.6997916,,Walter-Kolb-Siedlung,3041,50.1468119,8.7031811,18.0,Berkersheim Mitte,366,50.1705945,8.6974363,,Berkersheim Bahnhof,471,50.1778119,8.698377,,Im Steinbügel,673,50.1678292,8.6946809,,,773068,1134,8421,5632,1876,14840.7,146.7,1089.3,728.5,242.7,city_aggregate
Boehleschule,Grundschule,Jungmannstraße 3 - 5,65933,Frankfurt am Main,Frankfurt am Main,Hessen,50.0919,8.60541,poststelle@boehleschule.frankfurt.schulverwaltung.hessen.de,Öffentlich,251,,29,72,Griesheim,274,50.0,33,11.0,0,3,30,5,3,20,14,Frankfurt am Main,,114729,14840,51.2,1.0,Hessisches Statistisches Landesamt Verzeichnis 6,2026-03-30,3167,412,0,1,,69,21242670,,12.0,251,,251,,,,,,,,,,,,,,,,,,,,,,,,,263,251,21242709,"2024,2023,2022",Unfallatlas,50.094362,8.6056814,,Frankfurt-Niederrad,2586,50.0807744,8.6372448,,Nied,2687,50.1023216,8.5714188,,Waldschulstraße,931,50.1002386,8.6043118,,Linnegraben,1110,50.1001906,8.5967462,,Mönchhofstraße,1309,50.1005288,8.6178891,,Jungmannstraße,104,50.0909618,8.6054458,,Alte Falterstraße,145,50.0911656,8.6070817,,Griesheim Bahnhof,238,50.0939716,8.6062376,,,773068,1134,8421,5632,1876,14840.7,146.7,1089.3,728.5,242.7,city_aggregate
Bonifatiusschule,Grundschule,Hamburger Allee 43,60486,Frankfurt am Main,Frankfurt am Main,Hessen,50.1152,8.64761,poststelle@bonifatiusschule.frankfurt.schulverwaltung.hessen.de,Öffentlich,248,11.0,22,134,Frankfurt am Main Messe,467,60.0,100,33.3,0,13,87,31,7,47,65,Frankfurt am Main,,114729,14840,51.2,1.0,Hessisches Statistisches Landesamt Verzeichnis 6,2026-03-30,3168,412,0,1,,69,21233527,,,237,,237,,,,,,,,,,,,,,,,,,,11.0,,,,,,248,248,21235486,"2024,2023,2022",Unfallatlas,50.1119428,8.6434702,,Universität;Senckenberganlage;Senckenbergmuseum,513,50.1183099,8.6529162,,Senckenberganlage;Dantestraße,550,50.1181562,8.6537943,,Varrentrappstraße,25,50.1153189,8.6473106,,Ludwig-Erhard-Anlage,219,50.1140988,8.6501592,,Nauheimer Straße,323,50.116871,8.6439062,,Varrentrappstraße,138,50.1162616,8.6466016,,Ludwig-Erhard-Anlage,197,50.1137856,8.649267,,Emser Straße,322,50.1142449,8.6433469,,"32, 36, 73, M36, N7",773068,1134,8421,5632,1876,14840.7,146.7,1089.3,728.5,242.7,city_aggregate
Fried-Lübbecke-Schule,Grundschule,Im Uhrig 17,60433,Frankfurt am Main,Frankfurt am Main,Hessen,50.1638,8.65505,poststelle@fried-luebbecke-schule.frankfurt.schulverwaltung.hessen.de,Öffentlich,171,,23,81,Heddernheim,434,50.0,5,1.7,0,1,4,3,0,4,66,Frankfurt am Main,,114729,14840,51.2,1.0,Hessisches Statistisches Landesamt Verzeichnis 6,2026-03-30,3169,412,0,1,,69,21238754,,,171,,171,,,,,,,,,,,,,,,,,,,,,,,,,171,171,21238338,"2024,2023,2022",Unfallatlas,50.1614334,8.6502107,,Sandelmühle,695,50.165229,8.6455466,,Frankfurt-Eschersheim,701,50.1575014,8.6546528,,Ginnheim Mitte,2692,50.1402029,8.6466334,,Schwabstraße,2883,50.1446265,8.682291,,Markus-Krankenhaus,3091,50.1366419,8.6457914,,Am Grünen Graben,5,50.1637576,8.6550236,,Dreihäusergasse,255,50.1615677,8.6558886,,Im Uhrig,257,50.1660637,8.6557921,,,773068,1134,8421,5632,1876,14840.7,146.7,1089.3,728.5,242.7,city_aggregate
Frauenhofschule,Grundschule,Niederräder Landstraße 60 - 62,60528,Frankfurt am Main,Frankfurt am Main,Hessen,50.0889,8.65106,poststelle@frauenhofschule.frankfurt.schulverwaltung.hessen.de,Öffentlich,394,16.0,41,97,Frankfurt-Niederrad,1337,50.0,22,7.3,0,3,19,5,7,12,53,Frankfurt am Main,,114729,14840,51.2,1.0,Hessisches Statistisches Landesamt Verzeichnis 6,2026-03-30,3170,412,0,1,,69,21233059,,,378,,378,,,,,,,,,,,,,,,,,,,16.0,,,,,,394,394,21232711,"2024,2023,2022",Unfallatlas,50.0807744,8.6372448,,Frankfurt-Louisa,1490,50.0838234,8.6703942,,Stresemannallee,1539,50.0942383,8.6709594,,Niederräder Landstraße,48,50.0886501,8.6516075,,Triftstraße,205,50.0870891,8.6504878,,Frauenhofstraße,231,50.0871813,8.6492415,,Niederräder Landstraße,50,50.088492,8.6507759,,Triftstraße,186,50.087272,8.6504503,,Frauenhofstraße,220,50.0874156,8.649023,,,773068,1134,8421,5632,1876,14840.7,146.7,1089.3,728.5,242.7,city_aggregate
Freiligrathschule,Grundschule,Fachfeldstraße 32,60386,Frankfurt am Main,Frankfurt am Main,Hessen,50.1202,8.76825,poststelle@freiligrathschule.frankfurt.schulverwaltung.hessen.de,Öffentlich,466,14.0,30,75,Marktplatz,1588,50.0,26,8.7,0,4,22,5,10,9,116,Frankfurt am Main,,114729,14840,51.2,1.0,Hessisches Statistisches Landesamt Verzeichnis 6,2026-03-30,3171,412,0,1,,69,21248888,,13.0,452,,452,,,,,,,,,,,,,,,,,,,14.0,,,,,,479,466,21249111,"2024,2023,2022",Unfallatlas,50.1065544,8.7616672,,Frankfurt-Mainkur,1597,50.1345505,8.767312,,Ledermuseum,1946,50.1061869,8.7519027,,Schießhüttenstraße,393,50.1221225,8.7728677,,Arthur-von-Weinberg-Steg,550,50.1250326,8.7698618,,Alt-Fechenheim,910,50.1283828,8.7678036,,Pfortenstraße,195,50.1217722,8.7694764,,Schießhüttenstraße,229,50.1209456,8.7712511,,Mittelseestraße,234,50.1221189,8.7668935,,,773068,1134,8421,5632,1876,14840.7,146.7,1089.3,728.5,242.7,city_aggregate
Fridtjof-Nansen-Schule,Grundschule,Dürkheimer Straße 47,65934,Frankfurt am Main,Frankfurt am Main,Hessen,50.0983,8.57706,poststelle@fridtjof-nansen-schule.frankfurt.schulverwaltung.hessen.de,Öffentlich,231,14.0,14,59,Nied,602,50.0,23,7.7,1,8,14,6,6,9,160,Frankfurt am Main,,114729,14840,51.2,1.0,Hessisches Statistisches Landesamt Verzeichnis 6,2026-03-30,3172,412,0,1,,69,21245504,,,217,,217,,,,,,,,,,,,,,,,,,,14.0,,,,,,231,231,21242905,"2024,2023,2022",Unfallatlas,50.1023216,8.5714188,,Griesheim,2088,50.094362,8.6056814,,Sossenheim,2494,50.1149359,8.5536044,,Birminghamstraße,205,50.0999925,8.5781938,,Luthmerstraße,278,50.0993131,8.5735035,,Nied Kirche,678,50.0984354,8.5675594,,Birminghamstraße,257,50.1001424,8.579224,,Luthmerstraße,300,50.0991645,8.573069,,Dürkheimer Straße,461,50.0963324,8.5713689,51;54;n7,"51, 54, 59, n7",773068,1134,8421,5632,1876,14840.7,146.7,1089.3,728.5,242.7,city_aggregate
Comeniusschule,Grundschule,Burgstraße 59,60389,Frankfurt am Main,Frankfurt am Main,Hessen,50.1239,8.6962,poststelle@comeniusschule.frankfurt.schulverwaltung.hessen.de,Öffentlich,370,57.0,24,127,"Berger Straße, Habsburgerallee",369,50.0,149,49.7,0,24,125,73,19,70,131,Frankfurt am Main,,114729,14840,51.2,1.0,Hessisches Statistisches Landesamt Verzeichnis 6,2026-03-30,3173,412,0,1,,69,21233484,,13.0,313,,313,,,,,,,,,,,,,,,,,,,57.0,,,,,,383,370,21236612,"2024,2023,2022",Unfallatlas,50.1227393,8.7010445,,Höhenstraße,379,50.1228696,8.7012626,,"Berger Straße, Merianplatz, Kantstraße, Mousonturm",388,50.1204126,8.6960549,,Friedberger Platz,319,50.1238054,8.691725,,Matthias-Beltz-Platz,423,50.1265694,8.691974,,Rothschildallee,457,50.127753,8.6939571,,Friedberger Platz,317,50.1238039,8.6917524,,Günthersburgallee,329,50.1267515,8.6974506,,Höhenstraße,376,50.1232403,8.7013777,,"32, 34, 36, 38, 43, OF-103, n4",773068,1134,8421,5632,1876,14840.7,146.7,1089.3,728.5,242.7,city_aggregate
Uhlandschule,Grundschule,Ostendstraße 35,60314,Frankfurt am Main,Frankfurt am Main,Hessen,50.112,8.69845,poststelle@uhlandschule.frankfurt.schulverwaltung.hessen.de,Öffentlich,301,,47,171,Ostendstraße; ECB,74,50.0,93,31.0,0,17,76,39,13,51,67,Frankfurt am Main,,114729,14840,51.2,1.0,Hessisches Statistisches Landesamt Verzeichnis 6,2026-03-30,3174,412,0,1,,69,21233530,,12.0,301,,301,,,,,,,,,,,,,,,,,,,,,,,,,313,301,21231652,"2024,2023,2022",Unfallatlas,50.1113552,8.6982152,,Ostendstraße; Europäische Zentralbank (ECB),103,50.1111515,8.6978556,,Ostendstraße,117,50.1125091,8.6970061,,Ostendstraße,171,50.1132808,8.6971192,,Zobelstraße,223,50.1129116,8.7012279,,Allerheiligentor,350,50.1133252,8.6940053,,Ostendstraße,123,50.113072,8.6980412,,Zobelstraße,188,50.1128393,8.7007318,,Allerheiligentor,352,50.113221,8.6938983,,"14, 18, n72",773068,1134,8421,5632,1876,14840.7,146.7,1089.3,728.5,242.7,city_aggregate
Grundschule Harheim,Grundschule,In den Schafgärten 25,60437,Frankfurt am Main,Frankfurt am Main,Hessen,50.1856,8.69256,poststelle@grundschule-harheim.frankfurt.schulverwaltung.hessen.de,Öffentlich,277,,19,34,Frankfurt-Berkersheim,1091,50.0,3,1.0,0,0,3,1,1,0,29,Frankfurt am Main,,114729,14840,51.2,1.0,Hessisches Statistisches Landesamt Verzeichnis 6,2026-03-30,3654,412,0,1,,69,21244430,,16.0,277,,277,,,,,,,,,,,,,,,,,,,,,,,,,293,277,21244432,"2024,2023,2022",Unfallatlas,50.1763439,8.6976301,,Bonames Mitte,1936,50.1855563,8.665375,,Frankfurt Frankfurter Berg,2041,50.1701528,8.6770793,,Gravensteiner-Platz,3410,50.15519,8.6987305,,Alkmenestraße,3793,50.1518084,8.6997916,,Walter-Kolb-Siedlung,4379,50.1468119,8.7031811,18.0,Spitzenstraße,271,50.1850391,8.688862,,Am Eschbachtal,283,50.184295,8.6959685,,Rathaus Harheim,288,50.1830061,8.6926132,,,773068,1134,8421,5632,1876,14840.7,146.7,1089.3,728.5,242.7,city_aggregate
Schule am Erlenbach,Grundschule,Im Feldchen 26,60437,Frankfurt am Main,Frankfurt am Main,Hessen,50.2054,8.7106,poststelle@schule-am-erlenbach.frankfurt.schulverwaltung.hessen.de,Öffentlich,196,,15,33,Bad Vilbel,2779,50.0,7,2.3,0,0,7,5,2,5,72,Frankfurt am Main,,114729,14840,51.2,1.0,Hessisches Statistisches Landesamt Verzeichnis 6,2026-03-30,3666,412,0,1,,69,21244999,,,196,,196,,,,,,,,,,,,,,,,,,,,,,,,,196,196,21245157,"2024,2023,2022",Unfallatlas,50.1886255,8.7395439,,Dortelweil,2897,50.2075238,8.7511646,,Nieder-Eschbach,2946,50.1994882,8.6702584,,Gravensteiner-Platz,5647,50.15519,8.6987305,,Alkmenestraße,6009,50.1518084,8.6997916,,Walter-Kolb-Siedlung,6536,50.1468119,8.7031811,18.0,Niedereschbacher Straße,227,50.2053849,8.707414,,Rathaus Nieder-Erlenbach,261,50.2032738,8.7090344,,Schule Nieder-Erlenbach,403,50.2020406,8.7127171,,,773068,1134,8421,5632,1876,14840.7,146.7,1089.3,728.5,242.7,city_aggregate
Michael-Grzimek-Schule,Grundschule,An der Walkmühle 10,60437,Frankfurt am Main,Frankfurt am Main,Hessen,50.2004,8.67141,poststelle@michael-grzimek-schule.frankfurt.schulverwaltung.hessen.de,Öffentlich,360,,34,37,Nieder-Eschbach,130,50.0,11,3.7,0,1,10,6,2,5,213,Frankfurt am Main,,114729,14840,51.2,1.0,Hessisches Statistisches Landesamt Verzeichnis 6,2026-03-30,3667,412,0,1,,69,21245544,,,360,,360,,,,,,,,,,,,,,,,,,,,,,,,,360,360,95000564,"2024,2023,2022",Unfallatlas,50.1994882,8.6702584,,Bonames Mitte,1706,50.1855563,8.665375,,Kalbach,2147,50.1830878,8.6580612,,Gravensteiner-Platz,5389,50.1551792,8.69864,,Alkmenestraße,5769,50.1518084,8.6997916,,Schwabstraße,6250,50.1446265,8.682291,,Michael-Grzimek-Schule,18,50.2005543,8.6713614,,Warteposition,104,50.2003867,8.669951,,Nieder-Eschbach (U),148,50.1991116,8.6708776,,,773068,1134,8421,5632,1876,14840.7,146.7,1089.3,728.5,242.7,city_aggregate
Schule am Hang,Grundschule,Am Bächelchen 23,60388,Frankfurt am Main,Frankfurt am Main,Hessen,50.1527,8.7565,poststelle@schule-am-hang.frankfurt.schulverwaltung.hessen.de,Öffentlich,463,,31,81,Enkheim,1147,50.0,21,7.0,0,3,18,12,3,10,72,Frankfurt am Main,,114729,14840,51.2,1.0,Hessisches Statistisches Landesamt Verzeichnis 6,2026-03-30,3822,412,0,1,,69,21241257,,,463,,463,,,,,,,,,,,,,,,,,,,,,,,,,463,463,21241259,"2024,2023,2022",Unfallatlas,50.1425306,8.7537714,,Hessen-Center,1455,50.140506,8.7490937,,Kruppstraße,1853,50.1379284,8.7444682,,Mainkur Bahnhof,2344,50.1325886,8.7663491,,Cassellastraße,2540,50.1299857,8.7603332,,Hugo-Junkers-Straße,2807,50.1275412,8.7531906,,Schule Am Hang,198,50.1521746,8.7538381,,Am Bächelchen,213,50.1546042,8.7562014,,Heinrich-Bingemer-Weg,285,50.1545756,8.7592322,,,773068,1134,8421,5632,1876,14840.7,146.7,1089.3,728.5,242.7,city_aggregate
Schule am Landgraben,Grundschule,Landgraben 2,60388,Frankfurt am Main,Frankfurt am Main,Hessen,50.1569,8.74946,poststelle@schule-am-landgraben.frankfurt.schulverwaltung.hessen.de,Öffentlich,172,,25,67,Enkheim,1627,50.0,20,6.7,0,2,18,5,2,11,119,Frankfurt am Main,,114729,14840,51.2,1.0,Hessisches Statistisches Landesamt Verzeichnis 6,2026-03-30,3824,412,0,1,,69,21275055,,,172,,172,,,,,,,,,,,,,,,,,,,,,,,,,172,172,21241208,"2024,2023,2022",Unfallatlas,50.1425306,8.7537714,,Hessen-Center,1823,50.140506,8.7490937,,Kruppstraße,2139,50.1379284,8.7444682,,Mainkur Bahnhof,2959,50.1325886,8.7663491,,Cassellastraße,3091,50.1299857,8.7603332,,Hugo-Junkers-Straße,3275,50.1275412,8.7531906,,Nordring/Landgraben,68,50.1571697,8.7486108,,Marktstraße/Landgraben,120,50.1558256,8.7495209,,Nordring/Vilbeler Landstraße,270,50.1572714,8.7457084,,,773068,1134,8421,5632,1876,14840.7,146.7,1089.3,728.5,242.7,city_aggregate
Grundschule Kalbach,Grundschule,Kalbacher Hauptstraße 54,60437,Frankfurt am Main,Frankfurt am Main,Hessen,50.1884,8.64165,poststelle@grundschule-kalbach.frankfurt.schulverwaltung.hessen.de,Öffentlich,254,,12,44,Riedberg,1068,50.0,6,2.0,0,0,6,1,2,4,150,Frankfurt am Main,,114729,14840,51.2,1.0,Hessisches Statistisches Landesamt Verzeichnis 6,2026-03-30,4002,412,0,1,,69,21244607,,,254,,254,,,,,,,,,,,,,,,,,,,,,,,,,254,254,21244929,"2024,2023,2022",Unfallatlas,50.1796692,8.6353987,,Kalbach,1309,50.1830878,8.6580612,,Bonames Mitte,1602,50.1849318,8.6634912,,Ginnheim Mitte,5371,50.1402029,8.6466334,,Gravensteiner-Platz,5488,50.1551792,8.69864,,Schwabstraße,5663,50.1446265,8.682291,,Schule Kalbach,41,50.18824,8.6421637,,Rathaus Kalbach,187,50.1891892,8.6393243,,Alte Riedbergstraße,474,50.1854987,8.6465322,,,773068,1134,8421,5632,1876,14840.7,146.7,1089.3,728.5,242.7,city_aggregate
Henri-Dunant-Schule,Grundschule,Schaumburger Straße 62,65936,Frankfurt am Main,Frankfurt am Main,Hessen,50.1189,8.5601,poststelle@henri-dunant-schule.frankfurt.schulverwaltung.hessen.de,Öffentlich,339,18.0,13,43,Sossenheim,639,50.0,12,4.0,0,1,11,1,6,7,144,Frankfurt am Main,,114729,14840,51.2,1.0,Hessisches Statistisches Landesamt Verzeichnis 6,2026-03-30,4179,412,0,1,,69,21275175,,,321,,321,,,,,,,,,,,,,,,,,,,18.0,,,,,,339,339,21275684,"2024,2023,2022",Unfallatlas,50.1149359,8.5536044,,Nied,2012,50.1023216,8.5714188,,Eschborn Süd,2089,50.133625,8.5783053,,Zuckschwerdtstraße,1834,50.1031171,8.5526441,,Tillystraße,1936,50.1014862,8.5602552,,Bolongaropalast,1982,50.1017019,8.5528179,,Am Kapellenberg,246,50.117213,8.5623244,,Dunantring,298,50.1177296,8.5563431,,Sossenheim Bahnhof,437,50.1156994,8.5565331,,,773068,1134,8421,5632,1876,14840.7,146.7,1089.3,728.5,242.7,city_aggregate
Martin-Buber-Schule,Grundschule,Sachsenhäuser Landwehrweg 301,60598,Frankfurt am Main,Frankfurt am Main,Hessen,50.0857,8.68108,poststelle@martin-buber-schule.frankfurt.schulverwaltung.hessen.de,Öffentlich,256,,8,53,Frankfurt-Louisa,790,50.0,1,0.3,0,0,1,1,0,1,450,Frankfurt am Main,,114729,14840,51.2,1.0,Hessisches Statistisches Landesamt Verzeichnis 6,2026-03-30,4208,412,0,1,,69,21245486,,,256,,256,,,,,,,,,,,,,,,,,,,,,,,,,256,256,21245480,"2024,2023,2022",Unfallatlas,50.0838234,8.6703942,,Stresemannallee,1193,50.0942383,8.6709594,,Südbahnhof,1494,50.098533,8.6873038,,Louisa Bahnhof,751,50.0839232,8.6709275,,Stresemannallee/Mörfelder Landstraße,774,50.0891617,8.6716603,,Beuthener Straße,790,50.091296,8.6742637,,Lerchesberg,279,50.0831904,8.6809289,,Lerchesbergring,297,50.0832675,8.6793631,,Gablonzer Straße,616,50.0846764,8.6725883,,"30, 36, 653, OF-50, n7",773068,1134,8421,5632,1876,14840.7,146.7,1089.3,728.5,242.7,city_aggregate
Margarete-Steiff-Schule,Grundschule,Platenstraße 75,60431,Frankfurt am Main,Frankfurt am Main,Hessen,50.1609,8.62134,info@m‑steiff-schule.de,Privat,173,,10,35,Wiesenau,896,50.0,18,6.0,0,4,14,10,3,8,96,Frankfurt am Main,,114729,14840,51.2,1.0,Hessisches Statistisches Landesamt Verzeichnis 6,2026-03-30,4262,412,0,2,,69,47884680,,,173,,173,,,,,,,,,,,,,,,,,,,,,,,,,173,173,5870236,"2024,2023,2022",Unfallatlas,50.1668742,8.6297836,,Niederursel,929,50.1692038,8.6227387,,Nordwestzentrum,959,50.1581352,8.634094,,Ginnheim Mitte,2923,50.1402029,8.6466334,,Markus-Krankenhaus,3210,50.1366388,8.6457564,,Frauenfriedenskirche,3990,50.1288186,8.646436,,Praunheimer Weg Mitte,82,50.1615175,8.6206996,,Gerhart-Hauptmann-Ring/Praunheimer Weg,136,50.160547,8.6195053,,Eduard-Bernstein-Weg,323,50.1638025,8.62142,,,773068,1134,8421,5632,1876,14840.7,146.7,1089.3,728.5,242.7,city_aggregate
International Bilingual Montessori School,Grundschule,Senckenberganlage 20 - 22,60325,Frankfurt am Main,Frankfurt am Main,Hessen,50.115,8.65987,office@ibms-frankfurt.com,Privat,139,,34,180,Westend,402,50.0,114,38.0,0,13,101,63,11,73,26,Frankfurt am Main,,114729,14840,51.2,1.0,Hessisches Statistisches Landesamt Verzeichnis 6,2026-03-30,4293,412,0,2,,69,745646,,,139,53.0,86,,,,,,,,,,,,,,,,,,,,,,,,,139,139,745632,"2024,2023,2022",Unfallatlas,50.118164,8.6625889,,Feuerbachstraße,406,50.1179803,8.6631555,,"U-Bahn (50.1184,8.6621)",412,50.1184094,8.6621485,,Hohenstaufenstraße,487,50.1109059,8.6574625,,Festhalle/Messe,495,50.1121827,8.654498,,Platz der Republik,641,50.1092791,8.6610064,,Kettenhofweg,173,50.1161755,8.6582852,,Bettinaplatz,245,50.1139756,8.6568336,,Schubertstraße,388,50.1184818,8.6595726,,"64, M36, N7",773068,1134,8421,5632,1876,14840.7,146.7,1089.3,728.5,242.7,city_aggregate
Astrid-Lindgren-Schule,Grundschule,Platenstraße 75,60431,Frankfurt am Main,Frankfurt am Main,Hessen,50.1378,8.6624,poststelle@astrid-lindgren-schule.frankfurt.schulverwaltung.hessen.de,Öffentlich,335,13.0,18,83,Am Dornbusch 9-1,552,50.0,41,13.7,0,3,38,17,8,26,50,Frankfurt am Main,,114729,14840,51.2,1.0,Hessisches Statistisches Landesamt Verzeichnis 6,2026-03-30,4301,412,0,1,,69,21245662,,16.0,322,,322,,,,,,,,,,,,,,,,,,,13.0,,,,,,351,335,21245660,"2024,2023,2022",Unfallatlas,50.1384803,8.6700751,,Am Dornbusch 2-14,559,50.1386738,8.6701247,,Eschersheimer Landstraße 277-257,582,50.137623,8.6705596,,Ginnheim Mitte,1155,50.1402029,8.6466334,,Markus-Krankenhaus,1191,50.1366419,8.6457914,,Frauenfriedenskirche,1514,50.1288186,8.646436,,Astrid Lindgren Schule,58,50.1378166,8.6632107,,Fallerslebenstraße,182,50.1387638,8.6644593,,Platenstraße,193,50.1362979,8.6637684,,,773068,1134,8421,5632,1876,14840.7,146.7,1089.3,728.5,242.7,city_aggregate
Aktive Schule Frankfurt,Grundschule,Wacholderweg 5,60433,Frankfurt am Main,Frankfurt am Main,Hessen,50.1651,8.67902,aktive-schule-frankfurt@t-online.de,Privat,78,,23,57,Frankfurt Frankfurter Berg,579,50.0,31,10.3,0,6,25,9,4,19,123,Frankfurt am Main,,114729,14840,51.2,1.0,Hessisches Statistisches Landesamt Verzeichnis 6,2026-03-30,4325,412,0,2,2.0,69,54000984,,,36,,36,,,,,42.0,,,,,,,,,,,,,,,,,,,,78,78,54000985,"2024,2023,2022",Unfallatlas,50.1701528,8.6770793,,Preungesheim,948,50.1585161,8.6874727,,Sigmund-Freud-Straße,1254,50.1547945,8.6861706,,Gravensteiner-Platz,1781,50.1551792,8.69864,,Alkmenestraße,2091,50.1518084,8.6997916,,Schwabstraße,2288,50.1446265,8.682291,,Kaiserkronenweg,128,50.1656034,8.6806363,,Hagebuttenweg,248,50.1671293,8.6775788,,Siedlung Frankfurter Berg,280,50.167602,8.6785823,,,773068,1134,8421,5632,1876,14840.7,146.7,1089.3,728.5,242.7,city_aggregate
Grundschule Riedberg,Grundschule,Zur Kalbacher Höhe 15,60438,Frankfurt am Main,Frankfurt am Main,Hessen,50.1778779,8.6380448,poststelle@grundschule-riedberg.frankfurt.schulverwaltung.hessen.de,Öffentlich,394,,18,43,Riedberg,274,50.0,19,6.3,0,1,18,5,2,13,77,Frankfurt am Main,,114729,14840,51.2,1.0,Hessisches Statistisches Landesamt Verzeichnis 6,2026-03-30,4380,412,0,1,,69,21273300,,,394,,394,,,,,,,,,,,,,,,,,,,,,,,,,394,394,21273330,"2024,2023,2022",Unfallatlas,50.1796692,8.6353987,,Uni-Campus Riedberg,746,50.1754415,8.6282801,,Riedwiese/Mertonviertel,769,50.1716665,8.642793,,Ginnheim Mitte,4234,50.1402029,8.6466334,,Markus-Krankenhaus,4618,50.1366419,8.6457914,,Schwabstraße,4858,50.1446265,8.682291,,Käthe-Kruse-Straße,47,50.178232,8.6376918,,Am Bonifatiusbrunnen,258,50.1765739,8.641044,,Riedberg,306,50.1786934,8.6339424,,,773068,1134,8421,5632,1876,14840.7,146.7,1089.3,728.5,242.7,city_aggregate
Erasmus Frankfurter Stadtschule,Grundschule,Sonnemannstraße 9 - 11,60314,Frankfurt am Main,Frankfurt am Main,Hessen,50.1100273,8.6973096,info@erasmus-schule.eu,Privat,354,,30,188,Ostendstraße; Europäische Zentralbank (ECB),131,50.0,93,31.0,0,17,76,40,8,49,69,Frankfurt am Main,,114729,14840,51.2,1.0,Hessisches Statistisches Landesamt Verzeichnis 6,2026-03-30,4381,412,0,2,,69,90743640,,,354,,354,,,,,,,,,,,,,,,,,,,,,,,,,354,354,907436412,"2024,2023,2022",Unfallatlas,50.1111515,8.6978556,,Ostendstraße; ECB,161,50.1113552,8.6982152,,Ostendstraße,277,50.1125091,8.6970061,,Hospital zum Heiligen Geist,331,50.1105492,8.6927342,14;18,Ostendstraße,362,50.1132808,8.6971192,,Zobelstraße,425,50.1129116,8.7012279,,Ostendstraße,343,50.113072,8.6980412,,Zobelstraße,397,50.1128393,8.7007318,,Allerheiligentor,430,50.113221,8.6938983,,"14, 18, n72",773068,1134,8421,5632,1876,14840.7,146.7,1089.3,728.5,242.7,city_aggregate
Metropolitan School Frankfurt,Grundschule,Eschborner Landstraße 134-138,60489,Frankfurt am Main,Frankfurt am Main,Hessen,50.1295,8.59543,ferres@m-school.de,Privat,508,,11,43,Frankfurt-Rödelheim,978,50.0,25,8.3,0,3,22,6,1,20,61,Frankfurt am Main,,114729,14840,51.2,1.0,Hessisches Statistisches Landesamt Verzeichnis 6,2026-03-30,4382,412,0,2,2.0,69,96864050,,,232,,232,,,,,276.0,,,,,,,,,,,,,,,,,,,,508,508,968640520,"2024,2023,2022",Unfallatlas,50.1247899,8.6070103,,Eschborn Süd,1304,50.133625,8.5783053,,Stephan-Heise-Straße,1586,50.136283,8.6149963,,Rebstockbad,2439,50.1137127,8.6191804,,Leonardo-da-Vinci-Allee,2867,50.1134821,8.6269473,,An der Dammheide,2880,50.11727,8.6310384,,Graf-Vollrath-Weg,41,50.1291291,8.5954361,,Eschborner Landstraße West,285,50.1301358,8.5915629,,Wolf-Heidenheim-Straße,451,50.1278258,8.6011892,,,773068,1134,8421,5632,1876,14840.7,146.7,1089.3,728.5,242.7,city_aggregate
Liesel-Oestreicher-Schule,Grundschule,Boskoopstraße 6,60435,Frankfurt am Main,Frankfurt am Main,Hessen,50.1571,8.69986,poststelle.liesel-oestreicher-schule@stadt-frankfurt.de,Öffentlich,345,,12,37,Preungesheim,896,50.0,12,4.0,0,1,11,2,3,8,105,Frankfurt am Main,,114729,14840,51.2,1.0,Hessisches Statistisches Landesamt Verzeichnis 6,2026-03-30,4384,412,0,1,,69,21273475,,,345,,345,,,,,,,,,,,,,,,,,,,,,,,,,345,345,21273500,"2024,2023,2022",Unfallatlas,50.1585161,8.6874727,,Sigmund-Freud-Straße,1008,50.1547945,8.6861706,,Ronneburgstraße,1051,50.1513695,8.6881232,,Gravensteiner-Platz,227,50.15519,8.6987305,,Alkmenestraße,588,50.1518084,8.6997916,,Walter-Kolb-Siedlung,1168,50.1468119,8.7031811,18.0,Wiesenhüttenstift,173,50.1564032,8.6976857,,Gravensteiner-Platz,225,50.1553692,8.6982279,,An den Drei Hohen,347,50.1583051,8.6953651,,,773068,1134,8421,5632,1876,14840.7,146.7,1089.3,728.5,242.7,city_aggregate
Main Schule,Grundschule,Stiftstraße 30,60313,Frankfurt am Main,Frankfurt am Main,Hessen,50.1164933,8.6812911,info@main-schule.de,Privat,33,,64,214,Eschenheimer Tor,132,50.0,200,66.7,1,17,182,89,56,82,37,Frankfurt am Main,,114729,14840,51.2,1.0,Hessisches Statistisches Landesamt Verzeichnis 6,2026-03-30,4392,412,0,2,,69,57801643,,,33,,33,,,,,,,,,,,,,,,,,,,,,,,,,33,33,95454575,"2024,2023,2022",Unfallatlas,50.1172602,8.6798839,,Schillerstraße 46-20,146,50.1166376,8.6792621,,"Schillerstraße 31-1, Taubenstraße",156,50.116695,8.6791258,,Konstablerwache,520,50.114492,8.6878891,,Hessendenkmal,601,50.1186272,8.6890393,,Römer/Paulskirche,620,50.1109512,8.6821892,,Eschenheimer Tor,94,50.1171098,8.680384,,Peterskirche,237,50.1178765,8.6838265,,Unterweg,384,50.1192473,8.6845473,,"36, 64, N7, n72",773068,1134,8421,5632,1876,14840.7,146.7,1089.3,728.5,242.7,city_aggregate
IKS - Interkulturelle Schule Rhein-Main,Grundschule,Kaiserkronenweg 1,60433,Frankfurt am Main,Frankfurt am Main,Hessen,50.1094,8.66743,info@iks-rhein-main.de,Privat,201,,62,208,"U-Bahn (50.1076,8.6654)",246,50.0,267,89.0,0,41,226,102,71,119,15,Frankfurt am Main,,114729,14840,51.2,1.0,Hessisches Statistisches Landesamt Verzeichnis 6,2026-03-30,4393,412,0,2,2.0,69,27997180,,,71,,71,,,,,130.0,,,,,,,,,,,,,,,,,,,,201,201,27997182,"2024,2023,2022",Unfallatlas,50.1076328,8.6653627,,Taunusstraße,253,50.1082408,8.6643725,,"U-Bahn (50.1078,8.6647)",264,50.1078204,8.664657,,Weserstraße/Münchener Straße,252,50.1078732,8.6700377,,Hauptbahnhof,270,50.1079413,8.6643974,,Hauptbahnhof/Münchener Straße,274,50.1069978,8.6665854,,Weserstraße,112,50.109906,8.66878,,Weserstraße/Münchener Straße,250,50.1078855,8.6700292,,Hauptbahnhof,252,50.1078491,8.6648543,,"64, N7, N8",773068,1134,8421,5632,1876,14840.7,146.7,1089.3,728.5,242.7,city_aggregate
Alexander-Puschkin-Schule,Grundschule,Stresemannallee 30,60596,Frankfurt am Main,Frankfurt am Main,Hessen,50.0960202,8.670427,info@alexander-puschkin-schule.org,Privat,108,,36,124,Stresemannallee,202,50.0,63,21.0,0,4,59,19,6,29,30,Frankfurt am Main,,114729,14840,51.2,1.0,Hessisches Statistisches Landesamt Verzeichnis 6,2026-03-30,4394,412,0,2,,69,68097839,,,108,,108,,,,,,,,,,,,,,,,,,,,,,,,,108,108,68097838,"2024,2023,2022",Unfallatlas,50.0942383,8.6709594,,Schweizer Platz,982,50.1016084,8.6810861,,Gartenstraße Museumsufer,1028,50.1031575,8.6795856,,Stresemannallee Bahnhof,162,50.0946507,8.6712181,,Friedensbrücke,322,50.098823,8.6692789,,Vogelweidstraße,414,50.0976056,8.6651832,,Stresemannallee,189,50.0943942,8.6712189,,Friedensbrücke,230,50.0980491,8.6697783,,Burnitzstraße,233,50.0971587,8.6731648,,N16,773068,1134,8421,5632,1876,14840.7,146.7,1089.3,728.5,242.7,city_aggregate
Valentin-Senger-Schule,Grundschule,Valentin-Senger-Straße 9,60389,Frankfurt am Main,Frankfurt am Main,Hessen,50.1398952,8.7005427,poststelle@valentin-senger.Frankfurt.schulverwaltung.hessen.de,Öffentlich,277,,21,50,Feuerwehrstraße,762,50.0,73,24.3,0,8,65,22,5,40,128,Frankfurt am Main,,114729,14840,51.2,1.0,Hessisches Statistisches Landesamt Verzeichnis 6,2026-03-30,4395,412,0,1,,69,21233095,,,277,,277,,,,,,,,,,,,,,,,,,,,,,,,,277,277,21234724,"2024,2023,2022",Unfallatlas,50.1438815,8.6918498,,St. Katherinenkrankenhaus,1000,50.134502,8.711779,,Nußbaumplatz,1016,50.1344687,8.7120142,,Friedberger Warte,145,50.1398083,8.6985174,,Bodenweg,248,50.1420848,8.7011975,,Wasserpark,490,50.1361865,8.6968218,,Friedberger Warte,142,50.1398033,8.6985544,,Bodenweg,258,50.1421525,8.7013712,,Wetzlarer Straße,373,50.1423318,8.6969379,,18,773068,1134,8421,5632,1876,14840.7,146.7,1089.3,728.5,242.7,city_aggregate
Marie-Curie-Schule,Grundschule,Gr.-v.-Stauffenberg-Allee 55,60438,Frankfurt am Main,Frankfurt am Main,Hessen,50.1818,8.62449,poststelle@marie-curie.frankfurt.schulverwaltung.hessen.de,Öffentlich,438,,11,37,Uni-Campus Riedberg,757,50.0,9,3.0,0,3,6,3,1,5,21,Frankfurt am Main,,114729,14840,51.2,1.0,Hessisches Statistisches Landesamt Verzeichnis 6,2026-03-30,4396,412,0,1,,69,21277303,,,438,,438,,,,,,,,,,,,,,,,,,,,,,,,,438,438,21277345,"2024,2023,2022",Unfallatlas,50.1754415,8.6282801,,Riedberg,812,50.1796692,8.6353987,,Niederursel,1406,50.1692038,8.6227387,,Ginnheim Mitte,4887,50.1402029,8.6466334,,Markus-Krankenhaus,5245,50.1366388,8.6457564,,Schwabstraße,5834,50.1446265,8.682291,,Johann-Beyer-Weg,83,50.1823486,8.6252769,,Paul-Apel-Straße,257,50.1840937,8.6240973,,Hans-Leistikow-Straße,348,50.1803695,8.6201421,,,773068,1134,8421,5632,1876,14840.7,146.7,1089.3,728.5,242.7,city_aggregate
Viktoria-Luise-Schule,Grundschule,Leonardo-da-Vinci-Allee 11,60486,Frankfurt am Main,Frankfurt am Main,Hessen,50.1130506,8.6250304,poststelle.viktoria-luise-schule@stadt-frankfurt.de,Öffentlich,372,15.0,25,74,Frankfurt (Main) West,1218,50.0,39,13.0,0,6,33,6,5,27,79,Frankfurt am Main,,114729,14840,51.2,1.0,Hessisches Statistisches Landesamt Verzeichnis 6,2026-03-30,4398,412,0,1,,69,21277306,,,357,,357,,,,,,,,,,,,,,,,,,,15.0,,,,,,372,372,21277317,"2024,2023,2022",Unfallatlas,50.1194076,8.638936,,Frankfurt am Main Messe,1321,50.1119428,8.6434702,,Kirchplatz Rödelheimer Straße; Buslinie 34 Mönchhofstraße,1584,50.1249098,8.6373354,,Leonardo-da-Vinci-Allee,143,50.1134576,8.6269292,,Rebstockbad,413,50.1136503,8.619313,,An der Dammheide,633,50.1172466,8.6310353,,Leonardo-da-Vinci-Allee,156,50.1135532,8.6270743,,Messeparkhaus Rebstock,369,50.109745,8.6246489,,"Bus (50.1120,8.6199)",384,50.1120203,8.6198922,,,773068,1134,8421,5632,1876,14840.7,146.7,1089.3,728.5,242.7,city_aggregate
Grundschule Europaviertel,Grundschule,Stephensonstraße 2,60326,Frankfurt am Main,Frankfurt am Main,Hessen,50.1072615,8.6406666,poststelle@g.europaviertel.frankfurt.schulverwaltung.hessen.de,Öffentlich,344,13.0,27,93,Frankfurt (Main) Galluswarte,418,75.0,48,16.0,0,1,47,14,9,23,110,Frankfurt am Main,,114729,14840,51.2,1.0,Hessisches Statistisches Landesamt Verzeichnis 6,2026-03-30,4402,412,0,1,,69,21270935,,,331,,331,,,,,,,,,,,,,,,,,,,13.0,,,,,,344,344,21234389,"2024,2023,2022",Unfallatlas,50.1043873,8.6444435,,Frankfurt am Main Messe,558,50.1119428,8.6434702,,Messe,1082,50.111975,8.6539416,,Galluswarte,535,50.1033857,8.6451041,,Schwalbacher Straße,622,50.1023226,8.6365649,,Kriegkstraße,672,50.1012426,8.6398642,,Hellerhofschule,141,50.1060639,8.6400044,,Stephensonstraße,199,50.108337,8.6428982,,Europagarten/Messe West,296,50.1080273,8.6366921,,,773068,1134,8421,5632,1876,14840.7,146.7,1089.3,728.5,242.7,city_aggregate
Grundschule Fintosch,Grundschule,Schumannstraße 4 - 6,60325,Frankfurt am Main,Frankfurt am Main,Hessen,50.1133881,8.6550581,info@fintosch.com,Privat,58,,41,168,Schumannstraße,63,60.0,96,32.0,0,5,91,33,10,54,59,Frankfurt am Main,,114729,14840,51.2,1.0,Hessisches Statistisches Landesamt Verzeichnis 6,2026-03-30,4404,412,0,2,,69,77076911,,,58,14.0,44,,,,,,,,,,,,,,,,,,,,,,,,,58,58,77076912,"2024,2023,2022",Unfallatlas,50.1128221,8.6550082,,Friedrich-Ebert-Anlage,135,50.112173,8.6549356,,Festhalle/Messe,157,50.1119878,8.6553329,,Festhalle/Messe,131,50.112356,8.6541768,,Hohenstaufenstraße,325,50.1109059,8.6574625,,Ludwig-Erhard-Anlage,337,50.1139554,8.6504116,,Festhalle/Messe,58,50.1129936,8.6545335,,Bettinaplatz,137,50.1140005,8.6567262,,Platz der Einheit,312,50.1108613,8.653165,,"64, M36, N7",773068,1134,8421,5632,1876,14840.7,146.7,1089.3,728.5,242.7,city_aggregate
Judith-Kerr-Schule,Grundschule,Carl-Hermann-Rudloff-Allee 11,60438,Frankfurt am Main,Frankfurt am Main,Hessen,50.1757883,8.6164185,poststelle@judith-kerr-schule.frankfurt.schulverwaltung.hessen.de,Öffentlich,185,14.0,4,19,Uni-Campus Riedberg,846,40.0,21,7.0,0,4,17,1,1,13,51,Frankfurt am Main,,114729,14840,51.2,1.0,Hessisches Statistisches Landesamt Verzeichnis 6,2026-03-30,4412,412,0,1,,69,21245432,,,171,,171,,,,,,,,,,,,,,,,,,,14.0,,,,,,185,185,21245415,"2024,2023,2022",Unfallatlas,50.1754415,8.6282801,,Niederursel,859,50.1692038,8.6227387,,Wiesenau,1374,50.1668742,8.6297836,,Ginnheim Mitte,4504,50.1402029,8.6466334,,Markus-Krankenhaus,4829,50.1366388,8.6457564,,Frauenfriedenskirche,5644,50.1288186,8.646436,,Hans-Poelzig-Straße,64,50.1762456,8.6169614,,Ernst-Balser-Straße,212,50.17768,8.616834,,Lucy-Hillebrand-Straße,529,50.174673,8.6236416,,,773068,1134,8421,5632,1876,14840.7,146.7,1089.3,728.5,242.7,city_aggregate
Georg-Büchner-Schule,Grundschule,Pfingstbrunnenstraße 15 - 17,60486,Frankfurt am Main,Frankfurt am Main,Hessen,50.1161,8.63769,poststelle@georg-buechner-schule.frankfurt.schulverwaltung.hessen.de,Öffentlich,1124,49.0,23,90,Frankfurt (Main) West,378,60.0,38,12.7,0,9,29,15,8,15,69,Frankfurt am Main,,114729,14840,51.2,1.0,Hessisches Statistisches Landesamt Verzeichnis 6,2026-03-30,6002,412,0,1,2.0,69,21234130,,,238,,238,,,,,837.0,,,,,,,,,,,,,,49.0,,,,,,1124,1124,21239006,"2024,2023,2022",Unfallatlas,50.1194076,8.638936,,Frankfurt am Main Messe,619,50.1119428,8.6434702,,Kurfürstenstraße,916,50.1228816,8.6449723,,Kuhwaldstraße,224,50.116895,8.6405756,,Nauheimer Straße,448,50.1168593,8.6438539,,An der Dammheide,491,50.1172466,8.6310353,,Philipp-Reis-Straße,168,50.1149056,8.6362497,,Westbahnhof,378,50.1190092,8.640436,,Emser Straße,379,50.1140481,8.6419399,,"32, 36, 73",773068,1134,8421,5632,1876,14840.7,146.7,1089.3,728.5,242.7,city_aggregate
IGS Eschersheim,Grundschule,Zehnmorgenstraße 20,60433,Frankfurt am Main,Frankfurt am Main,Hessen,50.1605,8.65958,poststelle@igs-eschersheim.frankfurt.schulverwaltung.hessen.de,Öffentlich,576,54.0,36,88,Frankfurt-Eschersheim,484,50.0,21,7.0,1,4,16,11,2,16,61,Frankfurt am Main,,114729,14840,51.2,1.0,Hessisches Statistisches Landesamt Verzeichnis 6,2026-03-30,6090,412,0,1,2.0,69,21238751,,,136,,136,,,,,386.0,,,,,,,,,,,,,,54.0,,,,,,576,576,21232343,"2024,2023,2022",Unfallatlas,50.1575014,8.6546528,,Weißer Stein,490,50.1564973,8.6567156,,Heddernheim,613,50.1604473,8.6509722,,Schwabstraße,2395,50.1446265,8.682291,,Ginnheim Mitte,2438,50.1402029,8.6466334,,Markus-Krankenhaus,2829,50.1366419,8.6457914,,Anne-Frank-Siedlung,27,50.1602804,8.6594346,,Im Geeren,252,50.1625194,8.6611985,,Im Wörth,258,50.1581856,8.6598905,,,773068,1134,8421,5632,1876,14840.7,146.7,1089.3,728.5,242.7,city_aggregate
